"waterbody_segment","pollutant_group","2020_3030d_listing_category","impaired_use_category","number_of_samples_1990_to_2021","number_of_samples_2016_to_2021","most_recent_sample","number_of_detects","most_recent_detect","number_of_samples_exceeding_class_d","most_recent_class_d_exceedance","number_of_samples_since_last_class_d_exceedance","has_there_been_multi_class_d_exceedance_in_3yr","when_was_last_period_with_multi_class_d_exceedance"
"ANACOSTIA LOWER","ARSENIC","","",145,80,2021,92,"2021",52,2021,0,"Yes","2018 - 2021"
"ANACOSTIA UPPER","ARSENIC","","",227,74,2019,100,"2019",56,2019,0,"Yes","2018 - 2021"
"BATTERY KEMBLE CREEK","ARSENIC","","",43,NA,2013,1,"2013",0,NA,NA,NA,NA
"BROAD BRANCH","ARSENIC","","",50,26,2021,21,"2021",10,2021,0,"Yes","2018 - 2021"
"C&O CANAL","ARSENIC","","",69,NA,2012,0,"never",0,NA,NA,NA,NA
"DALECARLIA TRIBUTARY","ARSENIC","","",39,NA,2012,0,"never",0,NA,NA,NA,NA
"DUMBARTON OAKS","ARSENIC","","",50,26,2021,14,"2021",8,2021,0,"Yes","2018 - 2021"
"FENWICK BRANCH","ARSENIC","","",24,NA,2012,0,"never",0,NA,NA,NA,NA
"FORT CHAPLIN TRIBUTARY","ARSENIC","","",48,6,2019,12,"2019",6,2019,0,"Yes","2018 - 2021"
"FORT DAVIS TRIBUTARY","ARSENIC","","",51,6,2019,11,"2019",6,2019,0,"Yes","2018 - 2021"
"FORT DUPONT TRIBUTARY","ARSENIC","","",64,32,2021,27,"2021",14,2021,0,"Yes","2018 - 2021"
"FORT STANTON TRIBUTARY","ARSENIC","","",76,32,2021,28,"2021",14,2021,0,"Yes","2018 - 2021"
"FOUNDRY BRANCH","ARSENIC","","",12,NA,2013,2,"2013",0,NA,NA,NA,NA
"HICKEY RUN","ARSENIC","","",42,2,2017,2,"2017",1,2017,0,NA,NA
"KINGMAN LAKE","ARSENIC","","",115,30,2019,43,"2019",22,2019,0,"Yes","2018 - 2021"
"KLINGLE VALLEY","ARSENIC","","",22,NA,2012,0,"never",0,NA,NA,NA,NA
"LUZON BRANCH","ARSENIC","","",22,NA,2012,0,"never",0,NA,NA,NA,NA
"MELVIN HAZEN VALLEY BRANCH","ARSENIC","","",51,26,2021,13,"2021",7,2021,0,"Yes","2018 - 2021"
"NASH RUN","ARSENIC","","",38,6,2019,12,"2019",6,2019,0,"Yes","2018 - 2021"
"NORMANSTONE CREEK","ARSENIC","","",24,NA,2012,0,"never",0,NA,NA,NA,NA
"OXON RUN","ARSENIC","","",37,NA,2013,1,"2013",0,NA,NA,NA,NA
"PINEHURST BRANCH","ARSENIC","","",24,NA,2012,0,"never",0,NA,NA,NA,NA
"PINEY BRANCH","ARSENIC","","",26,NA,2013,0,"never",0,NA,NA,NA,NA
"POPE BRANCH","ARSENIC","","",23,2,2017,1,"2017",1,2017,0,NA,NA
"PORTAL BRANCH","ARSENIC","","",24,NA,2012,0,"never",0,NA,NA,NA,NA
"POTOMAC LOWER","ARSENIC","","",183,26,2021,23,"2021",13,2021,0,"Yes","2018 - 2021"
"POTOMAC MIDDLE","ARSENIC","","",106,26,2021,19,"2021",11,2021,0,"Yes","2018 - 2021"
"POTOMAC UPPER","ARSENIC","","",63,26,2021,21,"2021",12,2021,0,"Yes","2018 - 2021"
"ROCK CREEK LOWER","ARSENIC","","",70,26,2021,16,"2021",10,2021,0,"Yes","2018 - 2021"
"ROCK CREEK UPPER","ARSENIC","","",47,NA,2012,0,"never",0,NA,NA,NA,NA
"SOAPSTONE CREEK","ARSENIC","","",23,NA,2012,0,"never",0,NA,NA,NA,NA
"TEXAS AVENUE TRIBUTARY","ARSENIC","","",45,6,2019,13,"2019",7,2019,0,"Yes","2018 - 2021"
"TIDAL BASIN","ARSENIC","","",48,NA,2012,0,"never",0,NA,NA,NA,NA
"WASHINGTON SHIP CHANNEL","ARSENIC","","",71,24,2016,29,"2016",17,2016,0,"Yes","2016 - 2019"
"WATTS BRANCH LOWER","ARSENIC","","",44,6,2017,5,"2017",3,2017,0,"Yes","2017 - 2020"
"WATTS BRANCH UPPER","ARSENIC","","",105,26,2021,22,"2021",11,2021,0,"Yes","2018 - 2021"
"ANACOSTIA LOWER","CHLORDANE_TECHNICAL","","",52,40,2021,1,"2014",1,2014,48,NA,NA
"ANACOSTIA UPPER","CHLORDANE_TECHNICAL","","",105,86,2019,0,"never",0,NA,NA,NA,NA
"BATTERY KEMBLE CREEK","CHLORDANE_TECHNICAL","","",NA,NA,NA,NA,NA,NA,NA,NA,NA,NA
"BROAD BRANCH","CHLORDANE_TECHNICAL","","",14,13,2021,0,"never",0,NA,NA,NA,NA
"C&O CANAL","CHLORDANE_TECHNICAL","","",NA,NA,NA,NA,NA,NA,NA,NA,NA,NA
"DALECARLIA TRIBUTARY","CHLORDANE_TECHNICAL","","",1,NA,2013,0,"never",0,NA,NA,NA,NA
"DUMBARTON OAKS","CHLORDANE_TECHNICAL","","",15,13,2021,2,"2021",2,2021,4,"Yes","2018 - 2021"
"FENWICK BRANCH","CHLORDANE_TECHNICAL","","",1,NA,2013,0,"never",0,NA,NA,NA,NA
"FORT CHAPLIN TRIBUTARY","CHLORDANE_TECHNICAL","","",NA,NA,NA,NA,NA,NA,NA,NA,NA,NA
"FORT DAVIS TRIBUTARY","CHLORDANE_TECHNICAL","","",NA,NA,NA,NA,NA,NA,NA,NA,NA,NA
"FORT DUPONT TRIBUTARY","CHLORDANE_TECHNICAL","","",13,13,2021,0,"never",0,NA,NA,NA,NA
"FORT STANTON TRIBUTARY","CHLORDANE_TECHNICAL","","",17,13,2021,0,"never",0,NA,NA,NA,NA
"FOUNDRY BRANCH","CHLORDANE_TECHNICAL","","",NA,NA,NA,NA,NA,NA,NA,NA,NA,NA
"HICKEY RUN","CHLORDANE_TECHNICAL","","",6,3,2019,0,"never",0,NA,NA,NA,NA
"KINGMAN LAKE","CHLORDANE_TECHNICAL","","",25,15,2019,1,"2014",1,2014,20,NA,NA
"KLINGLE VALLEY","CHLORDANE_TECHNICAL","","",1,NA,2013,0,"never",0,NA,NA,NA,NA
"LUZON BRANCH","CHLORDANE_TECHNICAL","","",1,NA,2013,0,"never",0,NA,NA,NA,NA
"MELVIN HAZEN VALLEY BRANCH","CHLORDANE_TECHNICAL","","",14,13,2021,0,"never",0,NA,NA,NA,NA
"NASH RUN","CHLORDANE_TECHNICAL","","",7,3,2019,0,"never",0,NA,NA,NA,NA
"NORMANSTONE CREEK","CHLORDANE_TECHNICAL","","",1,NA,2013,0,"never",0,NA,NA,NA,NA
"OXON RUN","CHLORDANE_TECHNICAL","","",1,NA,2013,0,"never",0,NA,NA,NA,NA
"PINEHURST BRANCH","CHLORDANE_TECHNICAL","","",1,NA,2013,0,"never",0,NA,NA,NA,NA
"PINEY BRANCH","CHLORDANE_TECHNICAL","","",1,NA,2013,0,"never",0,NA,NA,NA,NA
"POPE BRANCH","CHLORDANE_TECHNICAL","","",7,4,2019,1,"2013",1,2013,5,NA,NA
"PORTAL BRANCH","CHLORDANE_TECHNICAL","","",2,NA,2013,0,"never",0,NA,NA,NA,NA
"POTOMAC LOWER","CHLORDANE_TECHNICAL","","",13,13,2021,0,"never",0,NA,NA,NA,NA
"POTOMAC MIDDLE","CHLORDANE_TECHNICAL","","",13,13,2021,0,"never",0,NA,NA,NA,NA
"POTOMAC UPPER","CHLORDANE_TECHNICAL","","",13,13,2021,0,"never",0,NA,NA,NA,NA
"ROCK CREEK LOWER","CHLORDANE_TECHNICAL","","",13,13,2021,1,"2020",1,2020,6,NA,NA
"ROCK CREEK UPPER","CHLORDANE_TECHNICAL","","",NA,NA,NA,NA,NA,NA,NA,NA,NA,NA
"SOAPSTONE CREEK","CHLORDANE_TECHNICAL","","",1,NA,2013,0,"never",0,NA,NA,NA,NA
"TEXAS AVENUE TRIBUTARY","CHLORDANE_TECHNICAL","","",6,3,2019,1,"2013",1,2013,4,NA,NA
"TIDAL BASIN","CHLORDANE_TECHNICAL","","",3,NA,2014,0,"never",0,NA,NA,NA,NA
"WASHINGTON SHIP CHANNEL","CHLORDANE_TECHNICAL","","",19,12,2016,0,"never",0,NA,NA,NA,NA
"WATTS BRANCH LOWER","CHLORDANE_TECHNICAL","","",7,4,2019,0,"never",0,NA,NA,NA,NA
"WATTS BRANCH UPPER","CHLORDANE_TECHNICAL","","",13,13,2021,0,"never",0,NA,NA,NA,NA
"ANACOSTIA LOWER","COPPER","","",104,80,2021,104,"2021",0,NA,NA,NA,NA
"ANACOSTIA UPPER","COPPER","","",112,74,2019,112,"2019",0,NA,NA,NA,NA
"BATTERY KEMBLE CREEK","COPPER","","",2,NA,2013,2,"2013",0,NA,NA,NA,NA
"BROAD BRANCH","COPPER","","",26,26,2021,26,"2021",0,NA,NA,NA,NA
"C&O CANAL","COPPER","","",NA,NA,NA,NA,NA,NA,NA,NA,NA,NA
"DALECARLIA TRIBUTARY","COPPER","","",NA,NA,NA,NA,NA,NA,NA,NA,NA,NA
"DUMBARTON OAKS","COPPER","","",26,26,2021,23,"2021",0,NA,NA,NA,NA
"FENWICK BRANCH","COPPER","","",NA,NA,NA,NA,NA,NA,NA,NA,NA,NA
"FORT CHAPLIN TRIBUTARY","COPPER","","",12,6,2019,12,"2019",0,NA,NA,NA,NA
"FORT DAVIS TRIBUTARY","COPPER","","",12,6,2019,9,"2019",0,NA,NA,NA,NA
"FORT DUPONT TRIBUTARY","COPPER","","",38,32,2021,37,"2021",0,NA,NA,NA,NA
"FORT STANTON TRIBUTARY","COPPER","","",40,32,2021,39,"2021",0,NA,NA,NA,NA
"FOUNDRY BRANCH","COPPER","","",4,NA,2013,4,"2013",0,NA,NA,NA,NA
"HICKEY RUN","COPPER","","",151,103,2021,148,"2021",0,NA,NA,NA,NA
"KINGMAN LAKE","COPPER","","",50,30,2019,50,"2019",0,NA,NA,NA,NA
"KLINGLE VALLEY","COPPER","","",NA,NA,NA,NA,NA,NA,NA,NA,NA,NA
"LUZON BRANCH","COPPER","","",NA,NA,NA,NA,NA,NA,NA,NA,NA,NA
"MELVIN HAZEN VALLEY BRANCH","COPPER","","",26,26,2021,23,"2021",0,NA,NA,NA,NA
"NASH RUN","COPPER","","",14,6,2019,14,"2019",0,NA,NA,NA,NA
"NORMANSTONE CREEK","COPPER","","",NA,NA,NA,NA,NA,NA,NA,NA,NA,NA
"OXON RUN","COPPER","","",2,NA,2013,2,"2013",0,NA,NA,NA,NA
"PINEHURST BRANCH","COPPER","","",NA,NA,NA,NA,NA,NA,NA,NA,NA,NA
"PINEY BRANCH","COPPER","","",2,NA,2013,2,"2013",0,NA,NA,NA,NA
"POPE BRANCH","COPPER","","",2,2,2017,2,"2017",0,NA,NA,NA,NA
"PORTAL BRANCH","COPPER","","",NA,NA,NA,NA,NA,NA,NA,NA,NA,NA
"POTOMAC LOWER","COPPER","","",26,26,2021,26,"2021",0,NA,NA,NA,NA
"POTOMAC MIDDLE","COPPER","","",26,26,2021,24,"2021",0,NA,NA,NA,NA
"POTOMAC UPPER","COPPER","","",26,26,2021,23,"2021",0,NA,NA,NA,NA
"ROCK CREEK LOWER","COPPER","","",26,26,2021,26,"2021",0,NA,NA,NA,NA
"ROCK CREEK UPPER","COPPER","","",155,107,2021,154,"2021",0,NA,NA,NA,NA
"SOAPSTONE CREEK","COPPER","","",NA,NA,NA,NA,NA,NA,NA,NA,NA,NA
"TEXAS AVENUE TRIBUTARY","COPPER","","",12,6,2019,10,"2019",0,NA,NA,NA,NA
"TIDAL BASIN","COPPER","","",NA,NA,NA,NA,NA,NA,NA,NA,NA,NA
"WASHINGTON SHIP CHANNEL","COPPER","","",32,24,2016,32,"2016",0,NA,NA,NA,NA
"WATTS BRANCH LOWER","COPPER","","",6,6,2017,6,"2017",0,NA,NA,NA,NA
"WATTS BRANCH UPPER","COPPER","","",172,126,2021,169,"2021",0,NA,NA,NA,NA
"ANACOSTIA LOWER","DDD","","",52,40,2021,3,"2019",3,2019,13,"Yes","2016 - 2019"
"ANACOSTIA UPPER","DDD","","",105,86,2019,21,"2019",21,2019,0,"Yes","2018 - 2021"
"BATTERY KEMBLE CREEK","DDD","","",NA,NA,NA,NA,NA,NA,NA,NA,NA,NA
"BROAD BRANCH","DDD","","",14,13,2021,0,"never",0,NA,NA,NA,NA
"C&O CANAL","DDD","","",NA,NA,NA,NA,NA,NA,NA,NA,NA,NA
"DALECARLIA TRIBUTARY","DDD","","",1,NA,2013,0,"never",0,NA,NA,NA,NA
"DUMBARTON OAKS","DDD","","",15,13,2021,0,"never",0,NA,NA,NA,NA
"FENWICK BRANCH","DDD","","",1,NA,2013,0,"never",0,NA,NA,NA,NA
"FORT CHAPLIN TRIBUTARY","DDD","","",NA,NA,NA,NA,NA,NA,NA,NA,NA,NA
"FORT DAVIS TRIBUTARY","DDD","","",NA,NA,NA,NA,NA,NA,NA,NA,NA,NA
"FORT DUPONT TRIBUTARY","DDD","","",13,13,2021,0,"never",0,NA,NA,NA,NA
"FORT STANTON TRIBUTARY","DDD","","",17,13,2021,1,"2020",1,2020,11,NA,NA
"FOUNDRY BRANCH","DDD","","",NA,NA,NA,NA,NA,NA,NA,NA,NA,NA
"HICKEY RUN","DDD","","",6,3,2019,0,"never",0,NA,NA,NA,NA
"KINGMAN LAKE","DDD","","",25,15,2019,3,"2019",3,2019,0,"Yes","2016 - 2019"
"KLINGLE VALLEY","DDD","","",1,NA,2013,0,"never",0,NA,NA,NA,NA
"LUZON BRANCH","DDD","","",1,NA,2013,0,"never",0,NA,NA,NA,NA
"MELVIN HAZEN VALLEY BRANCH","DDD","","",14,13,2021,1,"2020",1,2020,9,NA,NA
"NASH RUN","DDD","","",7,3,2019,0,"never",0,NA,NA,NA,NA
"NORMANSTONE CREEK","DDD","","",1,NA,2013,0,"never",0,NA,NA,NA,NA
"OXON RUN","DDD","","",1,NA,2013,0,"never",0,NA,NA,NA,NA
"PINEHURST BRANCH","DDD","","",1,NA,2013,0,"never",0,NA,NA,NA,NA
"PINEY BRANCH","DDD","","",1,NA,2013,0,"never",0,NA,NA,NA,NA
"POPE BRANCH","DDD","","",7,4,2019,0,"never",0,NA,NA,NA,NA
"PORTAL BRANCH","DDD","","",2,NA,2013,0,"never",0,NA,NA,NA,NA
"POTOMAC LOWER","DDD","","",13,13,2021,0,"never",0,NA,NA,NA,NA
"POTOMAC MIDDLE","DDD","","",13,13,2021,0,"never",0,NA,NA,NA,NA
"POTOMAC UPPER","DDD","","",13,13,2021,0,"never",0,NA,NA,NA,NA
"ROCK CREEK LOWER","DDD","","",13,13,2021,1,"2020",1,2020,6,NA,NA
"ROCK CREEK UPPER","DDD","","",NA,NA,NA,NA,NA,NA,NA,NA,NA,NA
"SOAPSTONE CREEK","DDD","","",1,NA,2013,0,"never",0,NA,NA,NA,NA
"TEXAS AVENUE TRIBUTARY","DDD","","",6,3,2019,6,"2019",6,2019,0,"Yes","2018 - 2021"
"TIDAL BASIN","DDD","","",3,NA,2014,0,"never",0,NA,NA,NA,NA
"WASHINGTON SHIP CHANNEL","DDD","","",19,12,2016,0,"never",0,NA,NA,NA,NA
"WATTS BRANCH LOWER","DDD","","",7,4,2019,0,"never",0,NA,NA,NA,NA
"WATTS BRANCH UPPER","DDD","","",13,13,2021,1,"2021",1,2021,1,NA,NA
"ANACOSTIA LOWER","DDE","","",52,40,2021,0,"never",0,NA,NA,NA,NA
"ANACOSTIA UPPER","DDE","","",105,86,2019,1,"2018",1,2018,54,NA,NA
"BATTERY KEMBLE CREEK","DDE","","",NA,NA,NA,NA,NA,NA,NA,NA,NA,NA
"BROAD BRANCH","DDE","","",14,13,2021,0,"never",0,NA,NA,NA,NA
"C&O CANAL","DDE","","",NA,NA,NA,NA,NA,NA,NA,NA,NA,NA
"DALECARLIA TRIBUTARY","DDE","","",1,NA,2013,0,"never",0,NA,NA,NA,NA
"DUMBARTON OAKS","DDE","","",15,13,2021,1,"2020",1,2020,10,NA,NA
"FENWICK BRANCH","DDE","","",1,NA,2013,0,"never",0,NA,NA,NA,NA
"FORT CHAPLIN TRIBUTARY","DDE","","",NA,NA,NA,NA,NA,NA,NA,NA,NA,NA
"FORT DAVIS TRIBUTARY","DDE","","",NA,NA,NA,NA,NA,NA,NA,NA,NA,NA
"FORT DUPONT TRIBUTARY","DDE","","",13,13,2021,0,"never",0,NA,NA,NA,NA
"FORT STANTON TRIBUTARY","DDE","","",17,13,2021,1,"2020",1,2020,6,NA,NA
"FOUNDRY BRANCH","DDE","","",NA,NA,NA,NA,NA,NA,NA,NA,NA,NA
"HICKEY RUN","DDE","","",6,3,2019,1,"2014",1,2014,3,NA,NA
"KINGMAN LAKE","DDE","","",25,15,2019,0,"never",0,NA,NA,NA,NA
"KLINGLE VALLEY","DDE","","",1,NA,2013,0,"never",0,NA,NA,NA,NA
"LUZON BRANCH","DDE","","",1,NA,2013,0,"never",0,NA,NA,NA,NA
"MELVIN HAZEN VALLEY BRANCH","DDE","","",14,13,2021,1,"2020",1,2020,9,NA,NA
"NASH RUN","DDE","","",7,3,2019,0,"never",0,NA,NA,NA,NA
"NORMANSTONE CREEK","DDE","","",1,NA,2013,0,"never",0,NA,NA,NA,NA
"OXON RUN","DDE","","",1,NA,2013,0,"never",0,NA,NA,NA,NA
"PINEHURST BRANCH","DDE","","",2,NA,2013,0,"never",0,NA,NA,NA,NA
"PINEY BRANCH","DDE","","",1,NA,2013,0,"never",0,NA,NA,NA,NA
"POPE BRANCH","DDE","","",7,4,2019,1,"2014",1,2014,4,NA,NA
"PORTAL BRANCH","DDE","","",2,NA,2013,0,"never",0,NA,NA,NA,NA
"POTOMAC LOWER","DDE","","",13,13,2021,0,"never",0,NA,NA,NA,NA
"POTOMAC MIDDLE","DDE","","",13,13,2021,0,"never",0,NA,NA,NA,NA
"POTOMAC UPPER","DDE","","",13,13,2021,0,"never",0,NA,NA,NA,NA
"ROCK CREEK LOWER","DDE","","",14,13,2021,2,"2020",2,2020,6,"Yes","2018 - 2021"
"ROCK CREEK UPPER","DDE","","",19,NA,2000,0,"never",0,NA,NA,NA,NA
"SOAPSTONE CREEK","DDE","","",1,NA,2013,0,"never",0,NA,NA,NA,NA
"TEXAS AVENUE TRIBUTARY","DDE","","",6,3,2019,3,"2019",3,2019,0,"Yes","2013 - 2016"
"TIDAL BASIN","DDE","","",3,NA,2014,0,"never",0,NA,NA,NA,NA
"WASHINGTON SHIP CHANNEL","DDE","","",19,12,2016,0,"never",0,NA,NA,NA,NA
"WATTS BRANCH LOWER","DDE","","",7,4,2019,0,"never",0,NA,NA,NA,NA
"WATTS BRANCH UPPER","DDE","","",13,13,2021,0,"never",0,NA,NA,NA,NA
"ANACOSTIA LOWER","DDT","","",52,40,2021,5,"2021",5,2021,0,"Yes","2018 - 2021"
"ANACOSTIA UPPER","DDT","","",105,86,2019,16,"2018",16,2018,23,"Yes","2018 - 2021"
"BATTERY KEMBLE CREEK","DDT","","",NA,NA,NA,NA,NA,NA,NA,NA,NA,NA
"BROAD BRANCH","DDT","","",14,13,2021,2,"2021",2,2021,3,"Yes","2018 - 2021"
"C&O CANAL","DDT","","",NA,NA,NA,NA,NA,NA,NA,NA,NA,NA
"DALECARLIA TRIBUTARY","DDT","","",1,NA,2013,0,"never",0,NA,NA,NA,NA
"DUMBARTON OAKS","DDT","","",15,13,2021,3,"2020",3,2020,9,"Yes","2018 - 2021"
"FENWICK BRANCH","DDT","","",1,NA,2013,1,"2013",1,2013,0,NA,NA
"FORT CHAPLIN TRIBUTARY","DDT","","",NA,NA,NA,NA,NA,NA,NA,NA,NA,NA
"FORT DAVIS TRIBUTARY","DDT","","",NA,NA,NA,NA,NA,NA,NA,NA,NA,NA
"FORT DUPONT TRIBUTARY","DDT","","",13,13,2021,1,"2020",1,2020,9,NA,NA
"FORT STANTON TRIBUTARY","DDT","","",17,13,2021,0,"never",0,NA,NA,NA,NA
"FOUNDRY BRANCH","DDT","","",NA,NA,NA,NA,NA,NA,NA,NA,NA,NA
"HICKEY RUN","DDT","","",6,3,2019,0,"never",0,NA,NA,NA,NA
"KINGMAN LAKE","DDT","","",25,15,2019,3,"2016",3,2016,3,"Yes","2016 - 2019"
"KLINGLE VALLEY","DDT","","",1,NA,2013,0,"never",0,NA,NA,NA,NA
"LUZON BRANCH","DDT","","",1,NA,2013,0,"never",0,NA,NA,NA,NA
"MELVIN HAZEN VALLEY BRANCH","DDT","","",14,13,2021,2,"2020",2,2020,10,"Yes","2018 - 2021"
"NASH RUN","DDT","","",7,3,2019,0,"never",0,NA,NA,NA,NA
"NORMANSTONE CREEK","DDT","","",1,NA,2013,0,"never",0,NA,NA,NA,NA
"OXON RUN","DDT","","",1,NA,2013,0,"never",0,NA,NA,NA,NA
"PINEHURST BRANCH","DDT","","",1,NA,2013,0,"never",0,NA,NA,NA,NA
"PINEY BRANCH","DDT","","",1,NA,2013,0,"never",0,NA,NA,NA,NA
"POPE BRANCH","DDT","","",7,4,2019,0,"never",0,NA,NA,NA,NA
"PORTAL BRANCH","DDT","","",2,NA,2013,0,"never",0,NA,NA,NA,NA
"POTOMAC LOWER","DDT","","",13,13,2021,0,"never",0,NA,NA,NA,NA
"POTOMAC MIDDLE","DDT","","",13,13,2021,0,"never",0,NA,NA,NA,NA
"POTOMAC UPPER","DDT","","",13,13,2021,1,"2021",1,2021,0,NA,NA
"ROCK CREEK LOWER","DDT","","",13,13,2021,1,"2020",1,2020,6,NA,NA
"ROCK CREEK UPPER","DDT","","",NA,NA,NA,NA,NA,NA,NA,NA,NA,NA
"SOAPSTONE CREEK","DDT","","",1,NA,2013,0,"never",0,NA,NA,NA,NA
"TEXAS AVENUE TRIBUTARY","DDT","","",6,3,2019,1,"2014",1,2014,3,NA,NA
"TIDAL BASIN","DDT","","",3,NA,2014,0,"never",0,NA,NA,NA,NA
"WASHINGTON SHIP CHANNEL","DDT","","",19,12,2016,0,"never",0,NA,NA,NA,NA
"WATTS BRANCH LOWER","DDT","","",7,4,2019,0,"never",0,NA,NA,NA,NA
"WATTS BRANCH UPPER","DDT","","",13,13,2021,0,"never",0,NA,NA,NA,NA
"ANACOSTIA LOWER","DIELDRIN","","",52,40,2021,2,"2021",2,2021,0,"Yes","2018 - 2021"
"ANACOSTIA UPPER","DIELDRIN","","",105,86,2019,38,"2019",38,2019,0,"Yes","2018 - 2021"
"BATTERY KEMBLE CREEK","DIELDRIN","","",NA,NA,NA,NA,NA,NA,NA,NA,NA,NA
"BROAD BRANCH","DIELDRIN","","",14,13,2021,9,"2021",9,2021,0,"Yes","2018 - 2021"
"C&O CANAL","DIELDRIN","","",NA,NA,NA,NA,NA,NA,NA,NA,NA,NA
"DALECARLIA TRIBUTARY","DIELDRIN","","",1,NA,2013,1,"2013",1,2013,0,NA,NA
"DUMBARTON OAKS","DIELDRIN","","",15,13,2021,14,"2021",14,2021,0,"Yes","2018 - 2021"
"FENWICK BRANCH","DIELDRIN","","",1,NA,2013,1,"2013",1,2013,0,NA,NA
"FORT CHAPLIN TRIBUTARY","DIELDRIN","","",NA,NA,NA,NA,NA,NA,NA,NA,NA,NA
"FORT DAVIS TRIBUTARY","DIELDRIN","","",NA,NA,NA,NA,NA,NA,NA,NA,NA,NA
"FORT DUPONT TRIBUTARY","DIELDRIN","","",13,13,2021,0,"never",0,NA,NA,NA,NA
"FORT STANTON TRIBUTARY","DIELDRIN","","",17,13,2021,0,"never",0,NA,NA,NA,NA
"FOUNDRY BRANCH","DIELDRIN","","",NA,NA,NA,NA,NA,NA,NA,NA,NA,NA
"HICKEY RUN","DIELDRIN","","",6,3,2019,0,"never",0,NA,NA,NA,NA
"KINGMAN LAKE","DIELDRIN","","",25,15,2019,2,"2018",2,2018,2,"Yes","2016 - 2019"
"KLINGLE VALLEY","DIELDRIN","","",1,NA,2013,1,"2013",1,2013,0,NA,NA
"LUZON BRANCH","DIELDRIN","","",1,NA,2013,1,"2013",1,2013,0,NA,NA
"MELVIN HAZEN VALLEY BRANCH","DIELDRIN","","",14,13,2021,9,"2021",9,2021,0,"Yes","2018 - 2021"
"NASH RUN","DIELDRIN","","",7,3,2019,1,"2014",1,2014,3,NA,NA
"NORMANSTONE CREEK","DIELDRIN","","",1,NA,2013,1,"2013",1,2013,0,NA,NA
"OXON RUN","DIELDRIN","","",1,NA,2013,1,"2013",1,2013,0,NA,NA
"PINEHURST BRANCH","DIELDRIN","","",2,NA,2013,2,"2013",2,2013,0,NA,NA
"PINEY BRANCH","DIELDRIN","","",1,NA,2013,1,"2013",1,2013,0,NA,NA
"POPE BRANCH","DIELDRIN","","",7,4,2019,2,"2018",2,2018,1,"Yes","2018 - 2021"
"PORTAL BRANCH","DIELDRIN","","",2,NA,2013,2,"2013",2,2013,0,"Yes","2013 - 2016"
"POTOMAC LOWER","DIELDRIN","","",13,13,2021,1,"2020",1,2020,9,NA,NA
"POTOMAC MIDDLE","DIELDRIN","","",13,13,2021,2,"2020",2,2020,9,"Yes","2018 - 2021"
"POTOMAC UPPER","DIELDRIN","","",13,13,2021,1,"2021",1,2021,0,NA,NA
"ROCK CREEK LOWER","DIELDRIN","","",14,13,2021,5,"2021",5,2021,3,"Yes","2018 - 2021"
"ROCK CREEK UPPER","DIELDRIN","","",19,NA,2000,0,"never",0,NA,NA,NA,NA
"SOAPSTONE CREEK","DIELDRIN","","",1,NA,2013,1,"2013",1,2013,0,NA,NA
"TEXAS AVENUE TRIBUTARY","DIELDRIN","","",6,3,2019,5,"2018",5,2018,1,"Yes","2018 - 2021"
"TIDAL BASIN","DIELDRIN","","",3,NA,2014,0,"never",0,NA,NA,NA,NA
"WASHINGTON SHIP CHANNEL","DIELDRIN","","",19,12,2016,0,"never",0,NA,NA,NA,NA
"WATTS BRANCH LOWER","DIELDRIN","","",7,4,2019,4,"2019",4,2019,0,"Yes","2018 - 2021"
"WATTS BRANCH UPPER","DIELDRIN","","",13,13,2021,4,"2021",4,2021,0,"Yes","2018 - 2021"
"ANACOSTIA LOWER","HEPTACHLOR_EPOXIDE","","",52,40,2021,1,"2020",1,2020,9,NA,NA
"ANACOSTIA UPPER","HEPTACHLOR_EPOXIDE","","",105,86,2019,23,"2019",23,2019,0,"Yes","2018 - 2021"
"BATTERY KEMBLE CREEK","HEPTACHLOR_EPOXIDE","","",NA,NA,NA,NA,NA,NA,NA,NA,NA,NA
"BROAD BRANCH","HEPTACHLOR_EPOXIDE","","",14,13,2021,8,"2021",8,2021,2,"Yes","2018 - 2021"
"C&O CANAL","HEPTACHLOR_EPOXIDE","","",NA,NA,NA,NA,NA,NA,NA,NA,NA,NA
"DALECARLIA TRIBUTARY","HEPTACHLOR_EPOXIDE","","",1,NA,2013,1,"2013",1,2013,0,NA,NA
"DUMBARTON OAKS","HEPTACHLOR_EPOXIDE","","",15,13,2021,11,"2021",11,2021,2,"Yes","2018 - 2021"
"FENWICK BRANCH","HEPTACHLOR_EPOXIDE","","",1,NA,2013,1,"2013",1,2013,0,NA,NA
"FORT CHAPLIN TRIBUTARY","HEPTACHLOR_EPOXIDE","","",NA,NA,NA,NA,NA,NA,NA,NA,NA,NA
"FORT DAVIS TRIBUTARY","HEPTACHLOR_EPOXIDE","","",NA,NA,NA,NA,NA,NA,NA,NA,NA,NA
"FORT DUPONT TRIBUTARY","HEPTACHLOR_EPOXIDE","","",13,13,2021,1,"2021",1,2021,5,NA,NA
"FORT STANTON TRIBUTARY","HEPTACHLOR_EPOXIDE","","",17,13,2021,0,"never",0,NA,NA,NA,NA
"FOUNDRY BRANCH","HEPTACHLOR_EPOXIDE","","",NA,NA,NA,NA,NA,NA,NA,NA,NA,NA
"HICKEY RUN","HEPTACHLOR_EPOXIDE","","",6,3,2019,0,"never",0,NA,NA,NA,NA
"KINGMAN LAKE","HEPTACHLOR_EPOXIDE","","",25,15,2019,1,"2016",1,2016,11,NA,NA
"KLINGLE VALLEY","HEPTACHLOR_EPOXIDE","","",1,NA,2013,1,"2013",1,2013,0,NA,NA
"LUZON BRANCH","HEPTACHLOR_EPOXIDE","","",1,NA,2013,1,"2013",1,2013,0,NA,NA
"MELVIN HAZEN VALLEY BRANCH","HEPTACHLOR_EPOXIDE","","",14,13,2021,2,"2021",2,2021,4,"Yes","2018 - 2021"
"NASH RUN","HEPTACHLOR_EPOXIDE","","",7,3,2019,2,"2014",2,2014,3,"Yes","2013 - 2016"
"NORMANSTONE CREEK","HEPTACHLOR_EPOXIDE","","",1,NA,2013,1,"2013",1,2013,0,NA,NA
"OXON RUN","HEPTACHLOR_EPOXIDE","","",1,NA,2013,0,"never",0,NA,NA,NA,NA
"PINEHURST BRANCH","HEPTACHLOR_EPOXIDE","","",1,NA,2013,1,"2013",1,2013,0,NA,NA
"PINEY BRANCH","HEPTACHLOR_EPOXIDE","","",1,NA,2013,1,"2013",1,2013,0,NA,NA
"POPE BRANCH","HEPTACHLOR_EPOXIDE","","",7,4,2019,3,"2014",3,2014,4,"Yes","2013 - 2016"
"PORTAL BRANCH","HEPTACHLOR_EPOXIDE","","",2,NA,2013,2,"2013",2,2013,0,"Yes","2013 - 2016"
"POTOMAC LOWER","HEPTACHLOR_EPOXIDE","","",13,13,2021,0,"never",0,NA,NA,NA,NA
"POTOMAC MIDDLE","HEPTACHLOR_EPOXIDE","","",13,13,2021,1,"2020",1,2020,9,NA,NA
"POTOMAC UPPER","HEPTACHLOR_EPOXIDE","","",13,13,2021,1,"2020",1,2020,7,NA,NA
"ROCK CREEK LOWER","HEPTACHLOR_EPOXIDE","","",13,13,2021,7,"2021",7,2021,2,"Yes","2018 - 2021"
"ROCK CREEK UPPER","HEPTACHLOR_EPOXIDE","","",NA,NA,NA,NA,NA,NA,NA,NA,NA,NA
"SOAPSTONE CREEK","HEPTACHLOR_EPOXIDE","","",1,NA,2013,1,"2013",1,2013,0,NA,NA
"TEXAS AVENUE TRIBUTARY","HEPTACHLOR_EPOXIDE","","",6,3,2019,3,"2018",3,2018,2,"Yes","2013 - 2016"
"TIDAL BASIN","HEPTACHLOR_EPOXIDE","","",3,NA,2014,0,"never",0,NA,NA,NA,NA
"WASHINGTON SHIP CHANNEL","HEPTACHLOR_EPOXIDE","","",19,12,2016,0,"never",0,NA,NA,NA,NA
"WATTS BRANCH LOWER","HEPTACHLOR_EPOXIDE","","",7,4,2019,0,"never",0,NA,NA,NA,NA
"WATTS BRANCH UPPER","HEPTACHLOR_EPOXIDE","","",13,13,2021,1,"2021",1,2021,2,NA,NA
"ANACOSTIA LOWER","MERCURY","","",111,74,2021,6,"2016",1,1991,108,NA,NA
"ANACOSTIA UPPER","MERCURY","","",100,36,2016,4,"2016",2,1994,75,NA,NA
"BATTERY KEMBLE CREEK","MERCURY","","",10,NA,1995,2,"1994",2,1994,4,NA,NA
"BROAD BRANCH","MERCURY","","",26,26,2021,0,"never",0,NA,NA,NA,NA
"C&O CANAL","MERCURY","","",15,NA,1995,0,"never",0,NA,NA,NA,NA
"DALECARLIA TRIBUTARY","MERCURY","","",10,NA,1995,0,"never",0,NA,NA,NA,NA
"DUMBARTON OAKS","MERCURY","","",26,26,2021,2,"2020",1,2020,20,NA,NA
"FENWICK BRANCH","MERCURY","","",NA,NA,NA,NA,NA,NA,NA,NA,NA,NA
"FORT CHAPLIN TRIBUTARY","MERCURY","","",5,NA,1995,0,"never",0,NA,NA,NA,NA
"FORT DAVIS TRIBUTARY","MERCURY","","",11,NA,1995,0,"never",0,NA,NA,NA,NA
"FORT DUPONT TRIBUTARY","MERCURY","","",27,26,2021,0,"never",0,NA,NA,NA,NA
"FORT STANTON TRIBUTARY","MERCURY","","",37,26,2021,0,"never",0,NA,NA,NA,NA
"FOUNDRY BRANCH","MERCURY","","",7,NA,1995,1,"1991",1,1991,5,NA,NA
"HICKEY RUN","MERCURY","","",113,101,2021,100,"2021",0,NA,NA,NA,NA
"KINGMAN LAKE","MERCURY","","",51,24,2016,2,"2016",0,NA,NA,NA,NA
"KLINGLE VALLEY","MERCURY","","",NA,NA,NA,NA,NA,NA,NA,NA,NA,NA
"LUZON BRANCH","MERCURY","","",NA,NA,NA,NA,NA,NA,NA,NA,NA,NA
"MELVIN HAZEN VALLEY BRANCH","MERCURY","","",26,26,2021,1,"2020",0,NA,NA,NA,NA
"NASH RUN","MERCURY","","",NA,NA,NA,NA,NA,NA,NA,NA,NA,NA
"NORMANSTONE CREEK","MERCURY","","",NA,NA,NA,NA,NA,NA,NA,NA,NA,NA
"OXON RUN","MERCURY","","",11,NA,1995,0,"never",0,NA,NA,NA,NA
"PINEHURST BRANCH","MERCURY","","",NA,NA,NA,NA,NA,NA,NA,NA,NA,NA
"PINEY BRANCH","MERCURY","","",NA,NA,NA,NA,NA,NA,NA,NA,NA,NA
"POPE BRANCH","MERCURY","","",2,2,2017,0,"never",0,NA,NA,NA,NA
"PORTAL BRANCH","MERCURY","","",NA,NA,NA,NA,NA,NA,NA,NA,NA,NA
"POTOMAC LOWER","MERCURY","","",78,26,2021,1,"1994",1,1994,47,NA,NA
"POTOMAC MIDDLE","MERCURY","","",52,26,2021,0,"never",0,NA,NA,NA,NA
"POTOMAC UPPER","MERCURY","","",39,26,2021,1,"1994",1,1994,31,NA,NA
"ROCK CREEK LOWER","MERCURY","","",35,26,2021,1,"1991",1,1991,34,NA,NA
"ROCK CREEK UPPER","MERCURY","","",114,102,2021,105,"2021",1,1991,112,NA,NA
"SOAPSTONE CREEK","MERCURY","","",NA,NA,NA,NA,NA,NA,NA,NA,NA,NA
"TEXAS AVENUE TRIBUTARY","MERCURY","","",11,NA,1995,0,"never",0,NA,NA,NA,NA
"TIDAL BASIN","MERCURY","","",10,NA,1995,1,"1991",1,1991,8,NA,NA
"WASHINGTON SHIP CHANNEL","MERCURY","","",45,24,2016,0,"never",0,NA,NA,NA,NA
"WATTS BRANCH LOWER","MERCURY","","",17,6,2017,1,"2017",0,NA,NA,NA,NA
"WATTS BRANCH UPPER","MERCURY","","",150,127,2021,101,"2021",0,NA,NA,NA,NA
"ANACOSTIA LOWER","PAH1","","",156,120,2021,1,"2016",0,NA,NA,NA,NA
"ANACOSTIA UPPER","PAH1","","",168,111,2019,7,"2014",0,NA,NA,NA,NA
"BATTERY KEMBLE CREEK","PAH1","","",NA,NA,NA,NA,NA,NA,NA,NA,NA,NA
"BROAD BRANCH","PAH1","","",43,39,2021,0,"never",0,NA,NA,NA,NA
"C&O CANAL","PAH1","","",NA,NA,NA,NA,NA,NA,NA,NA,NA,NA
"DALECARLIA TRIBUTARY","PAH1","","",3,NA,2013,1,"2013",0,NA,NA,NA,NA
"DUMBARTON OAKS","PAH1","","",46,39,2021,0,"never",0,NA,NA,NA,NA
"FENWICK BRANCH","PAH1","","",4,NA,2013,0,"never",0,NA,NA,NA,NA
"FORT CHAPLIN TRIBUTARY","PAH1","","",NA,NA,NA,NA,NA,NA,NA,NA,NA,NA
"FORT DAVIS TRIBUTARY","PAH1","","",NA,NA,NA,NA,NA,NA,NA,NA,NA,NA
"FORT DUPONT TRIBUTARY","PAH1","","",39,39,2021,0,"never",0,NA,NA,NA,NA
"FORT STANTON TRIBUTARY","PAH1","","",60,48,2021,1,"2014",0,NA,NA,NA,NA
"FOUNDRY BRANCH","PAH1","","",NA,NA,NA,NA,NA,NA,NA,NA,NA,NA
"HICKEY RUN","PAH1","","",18,9,2019,4,"2014",0,NA,NA,NA,NA
"KINGMAN LAKE","PAH1","","",75,45,2019,3,"2016",0,NA,NA,NA,NA
"KLINGLE VALLEY","PAH1","","",3,NA,2013,0,"never",0,NA,NA,NA,NA
"LUZON BRANCH","PAH1","","",5,NA,2013,0,"never",0,NA,NA,NA,NA
"MELVIN HAZEN VALLEY BRANCH","PAH1","","",42,39,2021,0,"never",0,NA,NA,NA,NA
"NASH RUN","PAH1","","",21,9,2019,4,"2014",0,NA,NA,NA,NA
"NORMANSTONE CREEK","PAH1","","",4,NA,2013,0,"never",0,NA,NA,NA,NA
"OXON RUN","PAH1","","",3,NA,2013,0,"never",0,NA,NA,NA,NA
"PINEHURST BRANCH","PAH1","","",6,NA,2013,0,"never",0,NA,NA,NA,NA
"PINEY BRANCH","PAH1","","",5,NA,2013,0,"never",0,NA,NA,NA,NA
"POPE BRANCH","PAH1","","",21,12,2019,0,"never",0,NA,NA,NA,NA
"PORTAL BRANCH","PAH1","","",6,NA,2013,0,"never",0,NA,NA,NA,NA
"POTOMAC LOWER","PAH1","","",39,39,2021,0,"never",0,NA,NA,NA,NA
"POTOMAC MIDDLE","PAH1","","",39,39,2021,1,"2021",0,NA,NA,NA,NA
"POTOMAC UPPER","PAH1","","",39,39,2021,0,"never",0,NA,NA,NA,NA
"ROCK CREEK LOWER","PAH1","","",47,39,2021,0,"never",0,NA,NA,NA,NA
"ROCK CREEK UPPER","PAH1","","",23,NA,2008,2,"2008",0,NA,NA,NA,NA
"SOAPSTONE CREEK","PAH1","","",4,NA,2013,0,"never",0,NA,NA,NA,NA
"TEXAS AVENUE TRIBUTARY","PAH1","","",18,9,2019,1,"2014",0,NA,NA,NA,NA
"TIDAL BASIN","PAH1","","",9,NA,2014,1,"2014",0,NA,NA,NA,NA
"WASHINGTON SHIP CHANNEL","PAH1","","",57,36,2016,0,"never",0,NA,NA,NA,NA
"WATTS BRANCH LOWER","PAH1","","",9,NA,2014,1,"2013",0,NA,NA,NA,NA
"WATTS BRANCH UPPER","PAH1","","",39,39,2021,0,"never",0,NA,NA,NA,NA
"ANACOSTIA LOWER","PAH2","","",208,160,2021,34,"2016",4,2016,72,"Yes","2016 - 2019"
"ANACOSTIA UPPER","PAH2","","",224,148,2019,73,"2016",6,2016,112,"Yes","2016 - 2019"
"BATTERY KEMBLE CREEK","PAH2","","",NA,NA,NA,NA,NA,NA,NA,NA,NA,NA
"BROAD BRANCH","PAH2","","",58,52,2021,0,"never",0,NA,NA,NA,NA
"C&O CANAL","PAH2","","",NA,NA,NA,NA,NA,NA,NA,NA,NA,NA
"DALECARLIA TRIBUTARY","PAH2","","",4,NA,2013,0,"never",0,NA,NA,NA,NA
"DUMBARTON OAKS","PAH2","","",62,52,2021,2,"2020",0,NA,NA,NA,NA
"FENWICK BRANCH","PAH2","","",6,NA,2013,2,"2007",0,NA,NA,NA,NA
"FORT CHAPLIN TRIBUTARY","PAH2","","",NA,NA,NA,NA,NA,NA,NA,NA,NA,NA
"FORT DAVIS TRIBUTARY","PAH2","","",NA,NA,NA,NA,NA,NA,NA,NA,NA,NA
"FORT DUPONT TRIBUTARY","PAH2","","",52,52,2021,0,"never",0,NA,NA,NA,NA
"FORT STANTON TRIBUTARY","PAH2","","",80,64,2021,6,"2014",1,2014,64,NA,NA
"FOUNDRY BRANCH","PAH2","","",NA,NA,NA,NA,NA,NA,NA,NA,NA,NA
"HICKEY RUN","PAH2","","",24,12,2019,8,"2014",2,2014,12,"Yes","2013 - 2016"
"KINGMAN LAKE","PAH2","","",100,60,2019,34,"2016",4,2016,40,"Yes","2016 - 2019"
"KLINGLE VALLEY","PAH2","","",4,NA,2013,0,"never",0,NA,NA,NA,NA
"LUZON BRANCH","PAH2","","",8,NA,2013,1,"2007",0,NA,NA,NA,NA
"MELVIN HAZEN VALLEY BRANCH","PAH2","","",56,52,2021,0,"never",0,NA,NA,NA,NA
"NASH RUN","PAH2","","",28,12,2019,14,"2018",4,2018,4,"Yes","2018 - 2021"
"NORMANSTONE CREEK","PAH2","","",6,NA,2013,0,"never",0,NA,NA,NA,NA
"OXON RUN","PAH2","","",4,NA,2013,0,"never",0,NA,NA,NA,NA
"PINEHURST BRANCH","PAH2","","",10,NA,2013,0,"never",0,NA,NA,NA,NA
"PINEY BRANCH","PAH2","","",8,NA,2013,0,"never",0,NA,NA,NA,NA
"POPE BRANCH","PAH2","","",28,16,2019,3,"2014",1,2014,16,NA,NA
"PORTAL BRANCH","PAH2","","",8,NA,2013,0,"never",0,NA,NA,NA,NA
"POTOMAC LOWER","PAH2","","",52,52,2021,0,"never",0,NA,NA,NA,NA
"POTOMAC MIDDLE","PAH2","","",52,52,2021,3,"2020",2,2020,40,"Yes","2018 - 2021"
"POTOMAC UPPER","PAH2","","",52,52,2021,2,"2020",2,2020,36,"Yes","2018 - 2021"
"ROCK CREEK LOWER","PAH2","","",68,52,2021,13,"2020",2,2020,44,"Yes","2018 - 2021"
"ROCK CREEK UPPER","PAH2","","",46,NA,2008,36,"2008",0,NA,NA,NA,NA
"SOAPSTONE CREEK","PAH2","","",6,NA,2013,0,"never",0,NA,NA,NA,NA
"TEXAS AVENUE TRIBUTARY","PAH2","","",24,12,2019,4,"2014",2,2014,12,"Yes","2014 - 2017"
"TIDAL BASIN","PAH2","","",12,NA,2014,0,"never",0,NA,NA,NA,NA
"WASHINGTON SHIP CHANNEL","PAH2","","",76,48,2016,11,"2016",3,2016,16,"Yes","2016 - 2019"
"WATTS BRANCH LOWER","PAH2","","",12,NA,2014,1,"2013",0,NA,NA,NA,NA
"WATTS BRANCH UPPER","PAH2","","",52,52,2021,0,"never",0,NA,NA,NA,NA
"ANACOSTIA LOWER","PAH3","","",208,160,2021,7,"2016",7,2016,72,"Yes","2016 - 2019"
"ANACOSTIA UPPER","PAH3","","",224,148,2019,11,"2016",11,2016,112,"Yes","2016 - 2019"
"BATTERY KEMBLE CREEK","PAH3","","",NA,NA,NA,NA,NA,NA,NA,NA,NA,NA
"BROAD BRANCH","PAH3","","",57,52,2021,2,"2020",2,2020,32,"Yes","2018 - 2021"
"C&O CANAL","PAH3","","",NA,NA,NA,NA,NA,NA,NA,NA,NA,NA
"DALECARLIA TRIBUTARY","PAH3","","",4,NA,2013,0,"never",0,NA,NA,NA,NA
"DUMBARTON OAKS","PAH3","","",61,52,2021,0,"never",0,NA,NA,NA,NA
"FENWICK BRANCH","PAH3","","",5,NA,2013,0,"never",0,NA,NA,NA,NA
"FORT CHAPLIN TRIBUTARY","PAH3","","",NA,NA,NA,NA,NA,NA,NA,NA,NA,NA
"FORT DAVIS TRIBUTARY","PAH3","","",NA,NA,NA,NA,NA,NA,NA,NA,NA,NA
"FORT DUPONT TRIBUTARY","PAH3","","",52,52,2021,0,"never",0,NA,NA,NA,NA
"FORT STANTON TRIBUTARY","PAH3","","",80,64,2021,0,"never",0,NA,NA,NA,NA
"FOUNDRY BRANCH","PAH3","","",NA,NA,NA,NA,NA,NA,NA,NA,NA,NA
"HICKEY RUN","PAH3","","",24,12,2019,0,"never",0,NA,NA,NA,NA
"KINGMAN LAKE","PAH3","","",100,60,2019,5,"2016",5,2016,60,"Yes","2016 - 2019"
"KLINGLE VALLEY","PAH3","","",4,NA,2013,0,"never",0,NA,NA,NA,NA
"LUZON BRANCH","PAH3","","",6,NA,2013,0,"never",0,NA,NA,NA,NA
"MELVIN HAZEN VALLEY BRANCH","PAH3","","",56,52,2021,0,"never",0,NA,NA,NA,NA
"NASH RUN","PAH3","","",28,12,2019,5,"2018",5,2018,4,"Yes","2018 - 2021"
"NORMANSTONE CREEK","PAH3","","",5,NA,2013,0,"never",0,NA,NA,NA,NA
"OXON RUN","PAH3","","",4,NA,2013,0,"never",0,NA,NA,NA,NA
"PINEHURST BRANCH","PAH3","","",7,NA,2013,0,"never",0,NA,NA,NA,NA
"PINEY BRANCH","PAH3","","",6,NA,2013,0,"never",0,NA,NA,NA,NA
"POPE BRANCH","PAH3","","",28,16,2019,2,"2014",2,2014,16,"Yes","2014 - 2017"
"PORTAL BRANCH","PAH3","","",8,NA,2013,0,"never",0,NA,NA,NA,NA
"POTOMAC LOWER","PAH3","","",52,52,2021,0,"never",0,NA,NA,NA,NA
"POTOMAC MIDDLE","PAH3","","",52,52,2021,4,"2020",4,2020,40,"Yes","2018 - 2021"
"POTOMAC UPPER","PAH3","","",52,52,2021,4,"2020",4,2020,36,"Yes","2018 - 2021"
"ROCK CREEK LOWER","PAH3","","",60,52,2021,3,"2020",3,2020,44,"Yes","2018 - 2021"
"ROCK CREEK UPPER","PAH3","","",23,NA,2008,4,"2008",4,2008,0,"Yes","2008 - 2011"
"SOAPSTONE CREEK","PAH3","","",5,NA,2013,0,"never",0,NA,NA,NA,NA
"TEXAS AVENUE TRIBUTARY","PAH3","","",24,12,2019,1,"2014",1,2014,12,NA,NA
"TIDAL BASIN","PAH3","","",12,NA,2014,0,"never",0,NA,NA,NA,NA
"WASHINGTON SHIP CHANNEL","PAH3","","",76,48,2016,7,"2016",7,2016,16,"Yes","2016 - 2019"
"WATTS BRANCH LOWER","PAH3","","",12,NA,2014,0,"never",0,NA,NA,NA,NA
"WATTS BRANCH UPPER","PAH3","","",52,52,2021,0,"never",0,NA,NA,NA,NA
"ANACOSTIA LOWER","PCB_TOTAL","","",41,29,NA,NA,"2021",41,NA,0,"Yes","2018 - 2021"
"ANACOSTIA UPPER","PCB_TOTAL","","",30,18,NA,NA,"never",30,NA,0,"Yes","2016 - 2019"
"BATTERY KEMBLE CREEK","PCB_TOTAL","","",NA,NA,NA,NA,NA,NA,NA,NA,NA,NA
"BROAD BRANCH","PCB_TOTAL","","",6,5,NA,NA,"2021",6,NA,0,"Yes","2018 - 2021"
"C&O CANAL","PCB_TOTAL","","",NA,NA,NA,NA,NA,NA,NA,NA,NA,NA
"DALECARLIA TRIBUTARY","PCB_TOTAL","","",1,NA,NA,NA,"never",1,NA,0,NA,NA
"DUMBARTON OAKS","PCB_TOTAL","","",7,5,NA,NA,"2021",7,NA,0,"Yes","2018 - 2021"
"FENWICK BRANCH","PCB_TOTAL","","",1,NA,NA,NA,"never",1,NA,0,NA,NA
"FORT CHAPLIN TRIBUTARY","PCB_TOTAL","","",NA,NA,NA,NA,NA,NA,NA,NA,NA,NA
"FORT DAVIS TRIBUTARY","PCB_TOTAL","","",NA,NA,NA,NA,NA,NA,NA,NA,NA,NA
"FORT DUPONT TRIBUTARY","PCB_TOTAL","","",5,5,2021,5,"2021",5,2021,0,"Yes","2018 - 2021"
"FORT STANTON TRIBUTARY","PCB_TOTAL","","",9,5,NA,NA,"2021",9,NA,0,"Yes","2018 - 2021"
"FOUNDRY BRANCH","PCB_TOTAL","","",NA,NA,NA,NA,NA,NA,NA,NA,NA,NA
"HICKEY RUN","PCB_TOTAL","","",3,NA,NA,NA,"never",3,NA,0,"Yes","2013 - 2016"
"KINGMAN LAKE","PCB_TOTAL","","",18,12,NA,NA,"never",18,NA,0,"Yes","2016 - 2019"
"KLINGLE VALLEY","PCB_TOTAL","","",1,NA,NA,NA,"never",1,NA,0,NA,NA
"LUZON BRANCH","PCB_TOTAL","","",1,NA,NA,NA,"never",1,NA,0,NA,NA
"MELVIN HAZEN VALLEY BRANCH","PCB_TOTAL","","",6,5,NA,NA,"2021",6,NA,0,"Yes","2018 - 2021"
"NASH RUN","PCB_TOTAL","","",4,NA,NA,NA,"never",4,NA,0,"Yes","2014 - 2017"
"NORMANSTONE CREEK","PCB_TOTAL","","",1,NA,NA,NA,"never",1,NA,0,NA,NA
"OXON RUN","PCB_TOTAL","","",NA,NA,NA,NA,NA,NA,NA,NA,NA,NA
"PINEHURST BRANCH","PCB_TOTAL","","",1,NA,NA,NA,"never",1,NA,0,NA,NA
"PINEY BRANCH","PCB_TOTAL","","",1,NA,NA,NA,"never",1,NA,0,NA,NA
"POPE BRANCH","PCB_TOTAL","","",3,NA,NA,NA,"never",3,NA,0,"Yes","2013 - 2016"
"PORTAL BRANCH","PCB_TOTAL","","",2,NA,NA,NA,"never",2,NA,0,"Yes","2013 - 2016"
"POTOMAC LOWER","PCB_TOTAL","","",5,5,2021,5,"2021",5,2021,0,"Yes","2018 - 2021"
"POTOMAC MIDDLE","PCB_TOTAL","","",5,5,2021,5,"2021",5,2021,0,"Yes","2018 - 2021"
"POTOMAC UPPER","PCB_TOTAL","","",5,5,2021,5,"2021",5,2021,0,"Yes","2018 - 2021"
"ROCK CREEK LOWER","PCB_TOTAL","","",5,5,2021,5,"2021",5,2021,0,"Yes","2018 - 2021"
"ROCK CREEK UPPER","PCB_TOTAL","","",NA,NA,NA,NA,NA,NA,NA,NA,NA,NA
"SOAPSTONE CREEK","PCB_TOTAL","","",1,NA,NA,NA,"never",1,NA,0,NA,NA
"TEXAS AVENUE TRIBUTARY","PCB_TOTAL","","",3,NA,NA,NA,"never",3,NA,0,"Yes","2013 - 2016"
"TIDAL BASIN","PCB_TOTAL","","",NA,NA,NA,NA,NA,NA,NA,NA,NA,NA
"WASHINGTON SHIP CHANNEL","PCB_TOTAL","","",16,12,NA,NA,"never",16,NA,0,"Yes","2016 - 2019"
"WATTS BRANCH LOWER","PCB_TOTAL","","",3,NA,NA,NA,"never",3,NA,0,"Yes","2013 - 2016"
"WATTS BRANCH UPPER","PCB_TOTAL","","",5,5,2021,5,"2021",5,2021,0,"Yes","2018 - 2021"
"ANACOSTIA LOWER","ZINC","","",131,80,2021,98,"2021",0,NA,NA,NA,NA
"ANACOSTIA UPPER","ZINC","","",179,74,2019,140,"2019",0,NA,NA,NA,NA
"BATTERY KEMBLE CREEK","ZINC","","",28,NA,2013,10,"2013",0,NA,NA,NA,NA
"BROAD BRANCH","ZINC","","",36,26,2021,8,"2021",0,NA,NA,NA,NA
"C&O CANAL","ZINC","","",46,NA,2002,13,"1995",0,NA,NA,NA,NA
"DALECARLIA TRIBUTARY","ZINC","","",24,NA,2002,7,"2001",0,NA,NA,NA,NA
"DUMBARTON OAKS","ZINC","","",37,26,2021,22,"2021",0,NA,NA,NA,NA
"FENWICK BRANCH","ZINC","","",11,NA,2002,2,"2001",0,NA,NA,NA,NA
"FORT CHAPLIN TRIBUTARY","ZINC","","",33,6,2019,26,"2019",0,NA,NA,NA,NA
"FORT DAVIS TRIBUTARY","ZINC","","",36,6,2019,33,"2019",0,NA,NA,NA,NA
"FORT DUPONT TRIBUTARY","ZINC","","",50,32,2021,44,"2021",0,NA,NA,NA,NA
"FORT STANTON TRIBUTARY","ZINC","","",63,32,2021,48,"2021",0,NA,NA,NA,NA
"FOUNDRY BRANCH","ZINC","","",12,NA,2013,12,"2013",0,NA,NA,NA,NA
"HICKEY RUN","ZINC","","",178,103,2021,156,"2021",0,NA,NA,NA,NA
"KINGMAN LAKE","ZINC","","",90,30,2019,80,"2019",0,NA,NA,NA,NA
"KLINGLE VALLEY","ZINC","","",9,NA,2002,0,"never",0,NA,NA,NA,NA
"LUZON BRANCH","ZINC","","",8,NA,2002,3,"2002",0,NA,NA,NA,NA
"MELVIN HAZEN VALLEY BRANCH","ZINC","","",36,26,2021,10,"2021",0,NA,NA,NA,NA
"NASH RUN","ZINC","","",23,6,2019,21,"2019",0,NA,NA,NA,NA
"NORMANSTONE CREEK","ZINC","","",10,NA,2002,0,"never",0,NA,NA,NA,NA
"OXON RUN","ZINC","","",22,NA,2013,15,"2013",0,NA,NA,NA,NA
"PINEHURST BRANCH","ZINC","","",10,NA,2002,1,"2001",0,NA,NA,NA,NA
"PINEY BRANCH","ZINC","","",12,NA,2013,3,"2013",0,NA,NA,NA,NA
"POPE BRANCH","ZINC","","",9,2,2017,4,"2017",0,NA,NA,NA,NA
"PORTAL BRANCH","ZINC","","",10,NA,2002,6,"2002",0,NA,NA,NA,NA
"POTOMAC LOWER","ZINC","","",121,26,2021,34,"2021",0,NA,NA,NA,NA
"POTOMAC MIDDLE","ZINC","","",66,26,2021,16,"2021",0,NA,NA,NA,NA
"POTOMAC UPPER","ZINC","","",43,26,2021,13,"2021",0,NA,NA,NA,NA
"ROCK CREEK LOWER","ZINC","","",56,26,2021,24,"2021",0,NA,NA,NA,NA
"ROCK CREEK UPPER","ZINC","","",187,107,2021,80,"2021",0,NA,NA,NA,NA
"SOAPSTONE CREEK","ZINC","","",10,NA,2002,1,"2001",0,NA,NA,NA,NA
"TEXAS AVENUE TRIBUTARY","ZINC","","",33,6,2019,31,"2019",0,NA,NA,NA,NA
"TIDAL BASIN","ZINC","","",33,NA,2002,13,"2000",0,NA,NA,NA,NA
"WASHINGTON SHIP CHANNEL","ZINC","","",58,24,2016,35,"2016",0,NA,NA,NA,NA
"WATTS BRANCH LOWER","ZINC","","",29,6,2017,20,"2017",0,NA,NA,NA,NA
"WATTS BRANCH UPPER","ZINC","","",222,126,2021,186,"2021",0,NA,NA,NA,NA
"ANACOSTIA LOWER","LEAD","","",98,74,2021,87,"2021",0,NA,NA,NA,NA
"ANACOSTIA UPPER","LEAD","","",74,36,2016,68,"2016",0,NA,NA,NA,NA
"BATTERY KEMBLE CREEK","LEAD","","",2,NA,2013,2,"2013",0,NA,NA,NA,NA
"BROAD BRANCH","LEAD","","",26,26,2021,13,"2021",0,NA,NA,NA,NA
"C&O CANAL","LEAD","","",NA,NA,NA,NA,NA,NA,NA,NA,NA,NA
"DALECARLIA TRIBUTARY","LEAD","","",NA,NA,NA,NA,NA,NA,NA,NA,NA,NA
"DUMBARTON OAKS","LEAD","","",26,26,2021,14,"2021",0,NA,NA,NA,NA
"FENWICK BRANCH","LEAD","","",NA,NA,NA,NA,NA,NA,NA,NA,NA,NA
"FORT CHAPLIN TRIBUTARY","LEAD","","",6,NA,2014,6,"2014",0,NA,NA,NA,NA
"FORT DAVIS TRIBUTARY","LEAD","","",6,NA,2014,6,"2014",0,NA,NA,NA,NA
"FORT DUPONT TRIBUTARY","LEAD","","",32,26,2021,23,"2021",0,NA,NA,NA,NA
"FORT STANTON TRIBUTARY","LEAD","","",34,26,2021,22,"2021",0,NA,NA,NA,NA
"FOUNDRY BRANCH","LEAD","","",4,NA,2013,4,"2013",0,NA,NA,NA,NA
"HICKEY RUN","LEAD","","",151,103,2021,146,"2021",0,NA,NA,NA,NA
"KINGMAN LAKE","LEAD","","",44,24,2016,40,"2016",0,NA,NA,NA,NA
"KLINGLE VALLEY","LEAD","","",NA,NA,NA,NA,NA,NA,NA,NA,NA,NA
"LUZON BRANCH","LEAD","","",NA,NA,NA,NA,NA,NA,NA,NA,NA,NA
"MELVIN HAZEN VALLEY BRANCH","LEAD","","",26,26,2021,14,"2021",0,NA,NA,NA,NA
"NASH RUN","LEAD","","",8,NA,2014,8,"2014",0,NA,NA,NA,NA
"NORMANSTONE CREEK","LEAD","","",NA,NA,NA,NA,NA,NA,NA,NA,NA,NA
"OXON RUN","LEAD","","",2,NA,2013,2,"2013",0,NA,NA,NA,NA
"PINEHURST BRANCH","LEAD","","",NA,NA,NA,NA,NA,NA,NA,NA,NA,NA
"PINEY BRANCH","LEAD","","",2,NA,2013,2,"2013",0,NA,NA,NA,NA
"POPE BRANCH","LEAD","","",2,2,2017,2,"2017",0,NA,NA,NA,NA
"PORTAL BRANCH","LEAD","","",NA,NA,NA,NA,NA,NA,NA,NA,NA,NA
"POTOMAC LOWER","LEAD","","",26,26,2021,18,"2021",0,NA,NA,NA,NA
"POTOMAC MIDDLE","LEAD","","",26,26,2021,16,"2021",0,NA,NA,NA,NA
"POTOMAC UPPER","LEAD","","",26,26,2021,15,"2021",0,NA,NA,NA,NA
"ROCK CREEK LOWER","LEAD","","",26,26,2021,18,"2021",0,NA,NA,NA,NA
"ROCK CREEK UPPER","LEAD","","",155,107,2021,148,"2021",0,NA,NA,NA,NA
"SOAPSTONE CREEK","LEAD","","",NA,NA,NA,NA,NA,NA,NA,NA,NA,NA
"TEXAS AVENUE TRIBUTARY","LEAD","","",6,NA,2014,5,"2014",0,NA,NA,NA,NA
"TIDAL BASIN","LEAD","","",NA,NA,NA,NA,NA,NA,NA,NA,NA,NA
"WASHINGTON SHIP CHANNEL","LEAD","","",32,24,2016,24,"2016",0,NA,NA,NA,NA
"WATTS BRANCH LOWER","LEAD","","",6,6,2017,5,"2017",0,NA,NA,NA,NA
"WATTS BRANCH UPPER","LEAD","","",172,126,2021,144,"2021",0,NA,NA,NA,NA
