"waterbody_segment","pollutant_group","2020_3030d_listing_category","impaired_use_category","number_of_samples_1990_to_2021","number_of_samples_2016_to_2021","most_recent_sample_year","number_of_detects","most_recent_detect_year","number_of_samples_exceeding_class_c","most_recent_class_c_exceedance","number_of_samples_since_last_class_c_exceedance","has_there_been_multi_class_c_exceedance_in_3yr","when_was_last_period_with_multi_class_c_exceedance"
"ANACOSTIA LOWER","ARSENIC","","",52,40,2021,40,"2021","0 (CCC), 0 (CMC)","NA (CCC) NA (CMC)","NA (CCC), NA (CMC)","No (CCC), No (CMC)","Never (CCC), Never (CMC)"
"ANACOSTIA LOWER","ARSENIC","","",93,40,2021,52,"2021","0 (CCC), 0 (CMC)","NA (CCC) NA (CMC)","NA (CCC), NA (CMC)","No (CCC), No (CMC)","Never (CCC), Never (CMC)"
"ANACOSTIA UPPER","ARSENIC","","",56,37,2019,44,"2019","0 (CCC), 0 (CMC)","NA (CCC) NA (CMC)","NA (CCC), NA (CMC)","No (CCC), No (CMC)","Never (CCC), Never (CMC)"
"ANACOSTIA UPPER","ARSENIC","","",171,37,2019,56,"2019","0 (CCC), 0 (CMC)","NA (CCC) NA (CMC)","NA (CCC), NA (CMC)","No (CCC), No (CMC)","Never (CCC), Never (CMC)"
"BROAD BRANCH","ARSENIC","","",13,13,2021,11,"2021","0 (CCC), 0 (CMC)","NA (CCC) NA (CMC)","NA (CCC), NA (CMC)","No (CCC), No (CMC)","Never (CCC), Never (CMC)"
"BROAD BRANCH","ARSENIC","","",37,13,2021,10,"2021","0 (CCC), 0 (CMC)","NA (CCC) NA (CMC)","NA (CCC), NA (CMC)","No (CCC), No (CMC)","Never (CCC), Never (CMC)"
"DALECARLIA TRIBUTARY","ARSENIC","","",39,NA,2012,0,"never","0 (CCC), 0 (CMC)","NA (CCC) NA (CMC)","NA (CCC), NA (CMC)",NA,NA
"DUMBARTON OAKS","ARSENIC","","",13,13,2021,6,"2021","0 (CCC), 0 (CMC)","NA (CCC) NA (CMC)","NA (CCC), NA (CMC)","No (CCC), No (CMC)","Never (CCC), Never (CMC)"
"DUMBARTON OAKS","ARSENIC","","",37,13,2021,8,"2021","0 (CCC), 0 (CMC)","NA (CCC) NA (CMC)","NA (CCC), NA (CMC)","No (CCC), No (CMC)","Never (CCC), Never (CMC)"
"FENWICK BRANCH","ARSENIC","","",24,NA,2012,0,"never","0 (CCC), 0 (CMC)","NA (CCC) NA (CMC)","NA (CCC), NA (CMC)",NA,NA
"FORT DUPONT TRIBUTARY","ARSENIC","","",19,16,2021,13,"2021","0 (CCC), 0 (CMC)","NA (CCC) NA (CMC)","NA (CCC), NA (CMC)","No (CCC), No (CMC)","Never (CCC), Never (CMC)"
"FORT DUPONT TRIBUTARY","ARSENIC","","",45,16,2021,14,"2021","0 (CCC), 0 (CMC)","NA (CCC) NA (CMC)","NA (CCC), NA (CMC)","No (CCC), No (CMC)","Never (CCC), Never (CMC)"
"FORT STANTON TRIBUTARY","ARSENIC","","",20,16,2021,14,"2021","0 (CCC), 0 (CMC)","NA (CCC) NA (CMC)","NA (CCC), NA (CMC)","No (CCC), No (CMC)","Never (CCC), Never (CMC)"
"FORT STANTON TRIBUTARY","ARSENIC","","",56,16,2021,14,"2021","0 (CCC), 0 (CMC)","NA (CCC) NA (CMC)","NA (CCC), NA (CMC)","No (CCC), No (CMC)","Never (CCC), Never (CMC)"
"HICKEY RUN","ARSENIC","","",1,1,2017,1,"2017","0 (CCC), 0 (CMC)","NA (CCC) NA (CMC)","NA (CCC), NA (CMC)",NA,NA
"HICKEY RUN","ARSENIC","","",41,1,2017,1,"2017","0 (CCC), 0 (CMC)","NA (CCC) NA (CMC)","NA (CCC), NA (CMC)",NA,NA
"KINGMAN LAKE","ARSENIC","","",25,15,2019,21,"2019","0 (CCC), 0 (CMC)","NA (CCC) NA (CMC)","NA (CCC), NA (CMC)","No (CCC), No (CMC)","Never (CCC), Never (CMC)"
"KINGMAN LAKE","ARSENIC","","",90,15,2019,22,"2019","0 (CCC), 0 (CMC)","NA (CCC) NA (CMC)","NA (CCC), NA (CMC)","No (CCC), No (CMC)","Never (CCC), Never (CMC)"
"KLINGLE VALLEY","ARSENIC","","",22,NA,2012,0,"never","0 (CCC), 0 (CMC)","NA (CCC) NA (CMC)","NA (CCC), NA (CMC)",NA,NA
"LUZON BRANCH","ARSENIC","","",22,NA,2012,0,"never","0 (CCC), 0 (CMC)","NA (CCC) NA (CMC)","NA (CCC), NA (CMC)",NA,NA
"MELVIN HAZEN VALLEY BRANCH","ARSENIC","","",13,13,2021,6,"2021","0 (CCC), 0 (CMC)","NA (CCC) NA (CMC)","NA (CCC), NA (CMC)","No (CCC), No (CMC)","Never (CCC), Never (CMC)"
"MELVIN HAZEN VALLEY BRANCH","ARSENIC","","",38,13,2021,7,"2021","0 (CCC), 0 (CMC)","NA (CCC) NA (CMC)","NA (CCC), NA (CMC)","No (CCC), No (CMC)","Never (CCC), Never (CMC)"
"NASH RUN","ARSENIC","","",7,3,2019,6,"2019","0 (CCC), 0 (CMC)","NA (CCC) NA (CMC)","NA (CCC), NA (CMC)","No (CCC), No (CMC)","Never (CCC), Never (CMC)"
"NASH RUN","ARSENIC","","",31,3,2019,6,"2019","0 (CCC), 0 (CMC)","NA (CCC) NA (CMC)","NA (CCC), NA (CMC)","No (CCC), No (CMC)","Never (CCC), Never (CMC)"
"NORMANSTONE CREEK","ARSENIC","","",24,NA,2012,0,"never","0 (CCC), 0 (CMC)","NA (CCC) NA (CMC)","NA (CCC), NA (CMC)",NA,NA
"OXON RUN","ARSENIC","","",1,NA,2013,1,"2013","0 (CCC), 0 (CMC)","NA (CCC) NA (CMC)","NA (CCC), NA (CMC)",NA,NA
"OXON RUN","ARSENIC","","",36,NA,2013,0,"never","0 (CCC), 0 (CMC)","NA (CCC) NA (CMC)","NA (CCC), NA (CMC)",NA,NA
"PINEHURST BRANCH","ARSENIC","","",24,NA,2012,0,"never","0 (CCC), 0 (CMC)","NA (CCC) NA (CMC)","NA (CCC), NA (CMC)",NA,NA
"PINEY BRANCH","ARSENIC","","",1,NA,2013,0,"never","0 (CCC), 0 (CMC)","NA (CCC) NA (CMC)","NA (CCC), NA (CMC)",NA,NA
"PINEY BRANCH","ARSENIC","","",25,NA,2013,0,"never","0 (CCC), 0 (CMC)","NA (CCC) NA (CMC)","NA (CCC), NA (CMC)",NA,NA
"POPE BRANCH","ARSENIC","","",1,1,2017,0,"never","0 (CCC), 0 (CMC)","NA (CCC) NA (CMC)","NA (CCC), NA (CMC)",NA,NA
"POPE BRANCH","ARSENIC","","",22,1,2017,1,"2017","0 (CCC), 0 (CMC)","NA (CCC) NA (CMC)","NA (CCC), NA (CMC)",NA,NA
"PORTAL BRANCH","ARSENIC","","",24,NA,2012,0,"never","0 (CCC), 0 (CMC)","NA (CCC) NA (CMC)","NA (CCC), NA (CMC)",NA,NA
"POTOMAC LOWER","ARSENIC","","",13,13,2021,10,"2021","0 (CCC), 0 (CMC)","NA (CCC) NA (CMC)","NA (CCC), NA (CMC)","No (CCC), No (CMC)","Never (CCC), Never (CMC)"
"POTOMAC LOWER","ARSENIC","","",170,13,2021,13,"2021","0 (CCC), 0 (CMC)","NA (CCC) NA (CMC)","NA (CCC), NA (CMC)","No (CCC), No (CMC)","Never (CCC), Never (CMC)"
"POTOMAC MIDDLE","ARSENIC","","",13,13,2021,8,"2021","0 (CCC), 0 (CMC)","NA (CCC) NA (CMC)","NA (CCC), NA (CMC)","No (CCC), No (CMC)","Never (CCC), Never (CMC)"
"POTOMAC MIDDLE","ARSENIC","","",93,13,2021,11,"2021","0 (CCC), 0 (CMC)","NA (CCC) NA (CMC)","NA (CCC), NA (CMC)","No (CCC), No (CMC)","Never (CCC), Never (CMC)"
"POTOMAC UPPER","ARSENIC","","",13,13,2021,9,"2021","0 (CCC), 0 (CMC)","NA (CCC) NA (CMC)","NA (CCC), NA (CMC)","No (CCC), No (CMC)","Never (CCC), Never (CMC)"
"POTOMAC UPPER","ARSENIC","","",50,13,2021,12,"2021","0 (CCC), 0 (CMC)","NA (CCC) NA (CMC)","NA (CCC), NA (CMC)","No (CCC), No (CMC)","Never (CCC), Never (CMC)"
"ROCK CREEK LOWER","ARSENIC","","",13,13,2021,6,"2021","0 (CCC), 0 (CMC)","NA (CCC) NA (CMC)","NA (CCC), NA (CMC)","No (CCC), No (CMC)","Never (CCC), Never (CMC)"
"ROCK CREEK LOWER","ARSENIC","","",57,13,2021,10,"2021","0 (CCC), 0 (CMC)","NA (CCC) NA (CMC)","NA (CCC), NA (CMC)","No (CCC), No (CMC)","Never (CCC), Never (CMC)"
"ROCK CREEK UPPER","ARSENIC","","",47,NA,2012,0,"never","0 (CCC), 0 (CMC)","NA (CCC) NA (CMC)","NA (CCC), NA (CMC)",NA,NA
"SOAPSTONE CREEK","ARSENIC","","",23,NA,2012,0,"never","0 (CCC), 0 (CMC)","NA (CCC) NA (CMC)","NA (CCC), NA (CMC)",NA,NA
"TEXAS AVENUE TRIBUTARY","ARSENIC","","",6,3,2019,6,"2019","0 (CCC), 0 (CMC)","NA (CCC) NA (CMC)","NA (CCC), NA (CMC)","No (CCC), No (CMC)","Never (CCC), Never (CMC)"
"TEXAS AVENUE TRIBUTARY","ARSENIC","","",39,3,2019,7,"2019","0 (CCC), 0 (CMC)","NA (CCC) NA (CMC)","NA (CCC), NA (CMC)","No (CCC), No (CMC)","Never (CCC), Never (CMC)"
"TIDAL BASIN","ARSENIC","","",48,NA,2012,0,"never","0 (CCC), 0 (CMC)","NA (CCC) NA (CMC)","NA (CCC), NA (CMC)",NA,NA
"WASHINGTON SHIP CHANNEL","ARSENIC","","",16,12,2016,12,"2016","0 (CCC), 0 (CMC)","NA (CCC) NA (CMC)","NA (CCC), NA (CMC)","No (CCC), No (CMC)","Never (CCC), Never (CMC)"
"WASHINGTON SHIP CHANNEL","ARSENIC","","",55,12,2016,17,"2016","0 (CCC), 0 (CMC)","NA (CCC) NA (CMC)","NA (CCC), NA (CMC)","No (CCC), No (CMC)","Never (CCC), Never (CMC)"
"WATTS BRANCH LOWER","ARSENIC","","",3,3,2017,2,"2017","0 (CCC), 0 (CMC)","NA (CCC) NA (CMC)","NA (CCC), NA (CMC)","No (CCC), No (CMC)","Never (CCC), Never (CMC)"
"WATTS BRANCH LOWER","ARSENIC","","",41,3,2017,3,"2017","0 (CCC), 0 (CMC)","NA (CCC) NA (CMC)","NA (CCC), NA (CMC)","No (CCC), No (CMC)","Never (CCC), Never (CMC)"
"WATTS BRANCH UPPER","ARSENIC","","",13,13,2021,11,"2021","0 (CCC), 0 (CMC)","NA (CCC) NA (CMC)","NA (CCC), NA (CMC)","No (CCC), No (CMC)","Never (CCC), Never (CMC)"
"WATTS BRANCH UPPER","ARSENIC","","",92,13,2021,11,"2021","0 (CCC), 0 (CMC)","NA (CCC) NA (CMC)","NA (CCC), NA (CMC)","No (CCC), No (CMC)","Never (CCC), Never (CMC)"
"BATTERY KEMBLE CREEK","ARSENIC","","",1,NA,2013,1,"2013","0 (CCC), 0 (CMC)","NA (CCC) NA (CMC)","NA (CCC), NA (CMC)",NA,NA
"BATTERY KEMBLE CREEK","ARSENIC","","",42,NA,2013,0,"never","0 (CCC), 0 (CMC)","NA (CCC) NA (CMC)","NA (CCC), NA (CMC)",NA,NA
"C&O CANAL","ARSENIC","","",69,NA,2012,0,"never","0 (CCC), 0 (CMC)","NA (CCC) NA (CMC)","NA (CCC), NA (CMC)",NA,NA
"FORT CHAPLIN TRIBUTARY","ARSENIC","","",6,3,2019,6,"2019","0 (CCC), 0 (CMC)","NA (CCC) NA (CMC)","NA (CCC), NA (CMC)","No (CCC), No (CMC)","Never (CCC), Never (CMC)"
"FORT CHAPLIN TRIBUTARY","ARSENIC","","",42,3,2019,6,"2019","0 (CCC), 0 (CMC)","NA (CCC) NA (CMC)","NA (CCC), NA (CMC)","No (CCC), No (CMC)","Never (CCC), Never (CMC)"
"FORT DAVIS TRIBUTARY","ARSENIC","","",6,3,2019,5,"2019","0 (CCC), 0 (CMC)","NA (CCC) NA (CMC)","NA (CCC), NA (CMC)","No (CCC), No (CMC)","Never (CCC), Never (CMC)"
"FORT DAVIS TRIBUTARY","ARSENIC","","",45,3,2019,6,"2019","0 (CCC), 0 (CMC)","NA (CCC) NA (CMC)","NA (CCC), NA (CMC)","No (CCC), No (CMC)","Never (CCC), Never (CMC)"
"FOUNDRY BRANCH","ARSENIC","","",2,NA,2013,2,"2013","0 (CCC), 0 (CMC)","NA (CCC) NA (CMC)","NA (CCC), NA (CMC)",NA,NA
"FOUNDRY BRANCH","ARSENIC","","",10,NA,2013,0,"never","0 (CCC), 0 (CMC)","NA (CCC) NA (CMC)","NA (CCC), NA (CMC)",NA,NA
"ANACOSTIA LOWER","CHLORDANE_TECHNICAL","","",52,40,2021,1,"2014","0 (CCC), 0 (CMC)","NA (CCC) NA (CMC)","NA (CCC), NA (CMC)",NA,NA
"ANACOSTIA UPPER","CHLORDANE_TECHNICAL","","",105,86,2019,0,"never","0 (CCC), 0 (CMC)","NA (CCC) NA (CMC)","NA (CCC), NA (CMC)",NA,NA
"BROAD BRANCH","CHLORDANE_TECHNICAL","","",14,13,2021,0,"never","0 (CCC), 0 (CMC)","NA (CCC) NA (CMC)","NA (CCC), NA (CMC)",NA,NA
"DALECARLIA TRIBUTARY","CHLORDANE_TECHNICAL","","",1,NA,2013,0,"never","0 (CCC), 0 (CMC)","NA (CCC) NA (CMC)","NA (CCC), NA (CMC)",NA,NA
"DUMBARTON OAKS","CHLORDANE_TECHNICAL","","",15,13,2021,2,"2021","2 (CCC), 0 (CMC)","2021 (CCC) NA (CMC)","4 (CCC), NA (CMC)","Yes (CCC), No (CMC)","2018 - 2021 (CCC), Never (CMC)"
"FENWICK BRANCH","CHLORDANE_TECHNICAL","","",1,NA,2013,0,"never","0 (CCC), 0 (CMC)","NA (CCC) NA (CMC)","NA (CCC), NA (CMC)",NA,NA
"FORT DUPONT TRIBUTARY","CHLORDANE_TECHNICAL","","",13,13,2021,0,"never","0 (CCC), 0 (CMC)","NA (CCC) NA (CMC)","NA (CCC), NA (CMC)",NA,NA
"FORT STANTON TRIBUTARY","CHLORDANE_TECHNICAL","","",17,13,2021,0,"never","0 (CCC), 0 (CMC)","NA (CCC) NA (CMC)","NA (CCC), NA (CMC)",NA,NA
"HICKEY RUN","CHLORDANE_TECHNICAL","","",6,3,2019,0,"never","0 (CCC), 0 (CMC)","NA (CCC) NA (CMC)","NA (CCC), NA (CMC)",NA,NA
"KINGMAN LAKE","CHLORDANE_TECHNICAL","","",25,15,2019,1,"2014","0 (CCC), 0 (CMC)","NA (CCC) NA (CMC)","NA (CCC), NA (CMC)",NA,NA
"KLINGLE VALLEY","CHLORDANE_TECHNICAL","","",1,NA,2013,0,"never","0 (CCC), 0 (CMC)","NA (CCC) NA (CMC)","NA (CCC), NA (CMC)",NA,NA
"LUZON BRANCH","CHLORDANE_TECHNICAL","","",1,NA,2013,0,"never","0 (CCC), 0 (CMC)","NA (CCC) NA (CMC)","NA (CCC), NA (CMC)",NA,NA
"MELVIN HAZEN VALLEY BRANCH","CHLORDANE_TECHNICAL","","",14,13,2021,0,"never","0 (CCC), 0 (CMC)","NA (CCC) NA (CMC)","NA (CCC), NA (CMC)",NA,NA
"NASH RUN","CHLORDANE_TECHNICAL","","",7,3,2019,0,"never","0 (CCC), 0 (CMC)","NA (CCC) NA (CMC)","NA (CCC), NA (CMC)",NA,NA
"NORMANSTONE CREEK","CHLORDANE_TECHNICAL","","",1,NA,2013,0,"never","0 (CCC), 0 (CMC)","NA (CCC) NA (CMC)","NA (CCC), NA (CMC)",NA,NA
"OXON RUN","CHLORDANE_TECHNICAL","","",1,NA,2013,0,"never","0 (CCC), 0 (CMC)","NA (CCC) NA (CMC)","NA (CCC), NA (CMC)",NA,NA
"PINEHURST BRANCH","CHLORDANE_TECHNICAL","","",1,NA,2013,0,"never","0 (CCC), 0 (CMC)","NA (CCC) NA (CMC)","NA (CCC), NA (CMC)",NA,NA
"PINEY BRANCH","CHLORDANE_TECHNICAL","","",1,NA,2013,0,"never","0 (CCC), 0 (CMC)","NA (CCC) NA (CMC)","NA (CCC), NA (CMC)",NA,NA
"POPE BRANCH","CHLORDANE_TECHNICAL","","",7,4,2019,1,"2013","1 (CCC), 0 (CMC)","2013 (CCC) NA (CMC)","5 (CCC), NA (CMC)",NA,NA
"PORTAL BRANCH","CHLORDANE_TECHNICAL","","",2,NA,2013,0,"never","0 (CCC), 0 (CMC)","NA (CCC) NA (CMC)","NA (CCC), NA (CMC)",NA,NA
"POTOMAC LOWER","CHLORDANE_TECHNICAL","","",13,13,2021,0,"never","0 (CCC), 0 (CMC)","NA (CCC) NA (CMC)","NA (CCC), NA (CMC)",NA,NA
"POTOMAC MIDDLE","CHLORDANE_TECHNICAL","","",13,13,2021,0,"never","0 (CCC), 0 (CMC)","NA (CCC) NA (CMC)","NA (CCC), NA (CMC)",NA,NA
"POTOMAC UPPER","CHLORDANE_TECHNICAL","","",13,13,2021,0,"never","0 (CCC), 0 (CMC)","NA (CCC) NA (CMC)","NA (CCC), NA (CMC)",NA,NA
"ROCK CREEK LOWER","CHLORDANE_TECHNICAL","","",13,13,2021,1,"2020","1 (CCC), 0 (CMC)","2020 (CCC) NA (CMC)","6 (CCC), NA (CMC)",NA,NA
"ROCK CREEK UPPER","CHLORDANE_TECHNICAL","","",NA,NA,NA,NA,NA,"NA (CCC), NA (CMC)",NA,"NA (CCC), NA (CMC)",NA,NA
"SOAPSTONE CREEK","CHLORDANE_TECHNICAL","","",1,NA,2013,0,"never","0 (CCC), 0 (CMC)","NA (CCC) NA (CMC)","NA (CCC), NA (CMC)",NA,NA
"TEXAS AVENUE TRIBUTARY","CHLORDANE_TECHNICAL","","",6,3,2019,1,"2013","1 (CCC), 0 (CMC)","2013 (CCC) NA (CMC)","4 (CCC), NA (CMC)",NA,NA
"TIDAL BASIN","CHLORDANE_TECHNICAL","","",3,NA,2014,0,"never","0 (CCC), 0 (CMC)","NA (CCC) NA (CMC)","NA (CCC), NA (CMC)",NA,NA
"WASHINGTON SHIP CHANNEL","CHLORDANE_TECHNICAL","","",19,12,2016,0,"never","0 (CCC), 0 (CMC)","NA (CCC) NA (CMC)","NA (CCC), NA (CMC)",NA,NA
"WATTS BRANCH LOWER","CHLORDANE_TECHNICAL","","",7,4,2019,0,"never","0 (CCC), 0 (CMC)","NA (CCC) NA (CMC)","NA (CCC), NA (CMC)",NA,NA
"WATTS BRANCH UPPER","CHLORDANE_TECHNICAL","","",13,13,2021,0,"never","0 (CCC), 0 (CMC)","NA (CCC) NA (CMC)","NA (CCC), NA (CMC)",NA,NA
"BATTERY KEMBLE CREEK","CHLORDANE_TECHNICAL","","",NA,NA,NA,NA,NA,"NA (CCC), NA (CMC)",NA,"NA (CCC), NA (CMC)",NA,NA
"C&O CANAL","CHLORDANE_TECHNICAL","","",NA,NA,NA,NA,NA,"NA (CCC), NA (CMC)",NA,"NA (CCC), NA (CMC)",NA,NA
"FORT CHAPLIN TRIBUTARY","CHLORDANE_TECHNICAL","","",NA,NA,NA,NA,NA,"NA (CCC), NA (CMC)",NA,"NA (CCC), NA (CMC)",NA,NA
"FORT DAVIS TRIBUTARY","CHLORDANE_TECHNICAL","","",NA,NA,NA,NA,NA,"NA (CCC), NA (CMC)",NA,"NA (CCC), NA (CMC)",NA,NA
"FOUNDRY BRANCH","CHLORDANE_TECHNICAL","","",NA,NA,NA,NA,NA,"NA (CCC), NA (CMC)",NA,"NA (CCC), NA (CMC)",NA,NA
"ANACOSTIA LOWER","COPPER","","",52,40,2021,52,"2021","0 (CCC), 0 (CMC)","NA (CCC) NA (CMC)","NA (CCC), NA (CMC)",NA,NA
"ANACOSTIA LOWER","COPPER","","",52,40,2021,52,"2021","0 (CCC), 0 (CMC)","NA (CCC) NA (CMC)","NA (CCC), NA (CMC)",NA,NA
"ANACOSTIA UPPER","COPPER","","",56,37,2019,56,"2019","1 (CCC), 0 (CMC)","2016 (CCC) NA (CMC)","21 (CCC), NA (CMC)",NA,NA
"ANACOSTIA UPPER","COPPER","","",56,37,2019,56,"2019","0 (CCC), 0 (CMC)","NA (CCC) NA (CMC)","NA (CCC), NA (CMC)",NA,NA
"BROAD BRANCH","COPPER","","",13,13,2021,13,"2021","0 (CCC), 0 (CMC)","NA (CCC) NA (CMC)","NA (CCC), NA (CMC)",NA,NA
"BROAD BRANCH","COPPER","","",13,13,2021,13,"2021","0 (CCC), 0 (CMC)","NA (CCC) NA (CMC)","NA (CCC), NA (CMC)",NA,NA
"DALECARLIA TRIBUTARY","COPPER","","",NA,NA,NA,NA,NA,"NA (CCC), NA (CMC)",NA,"NA (CCC), NA (CMC)",NA,NA
"DUMBARTON OAKS","COPPER","","",13,13,2021,11,"2021","1 (CCC), 1 (CMC)","2020 (CCC) 2020 (CMC)","10 (CCC), 10 (CMC)",NA,NA
"DUMBARTON OAKS","COPPER","","",13,13,2021,12,"2021","0 (CCC), 0 (CMC)","NA (CCC) NA (CMC)","NA (CCC), NA (CMC)",NA,NA
"FENWICK BRANCH","COPPER","","",NA,NA,NA,NA,NA,"NA (CCC), NA (CMC)",NA,"NA (CCC), NA (CMC)",NA,NA
"FORT DUPONT TRIBUTARY","COPPER","","",19,16,2021,18,"2021","0 (CCC), 0 (CMC)","NA (CCC) NA (CMC)","NA (CCC), NA (CMC)",NA,NA
"FORT DUPONT TRIBUTARY","COPPER","","",19,16,2021,19,"2021","0 (CCC), 0 (CMC)","NA (CCC) NA (CMC)","NA (CCC), NA (CMC)",NA,NA
"FORT STANTON TRIBUTARY","COPPER","","",20,16,2021,19,"2021","0 (CCC), 0 (CMC)","NA (CCC) NA (CMC)","NA (CCC), NA (CMC)",NA,NA
"FORT STANTON TRIBUTARY","COPPER","","",20,16,2021,20,"2021","0 (CCC), 0 (CMC)","NA (CCC) NA (CMC)","NA (CCC), NA (CMC)",NA,NA
"HICKEY RUN","COPPER","","",150,102,2021,147,"2021","1 (CCC), 0 (CMC)","2018 (CCC) NA (CMC)","71 (CCC), NA (CMC)",NA,NA
"HICKEY RUN","COPPER","","",1,1,2017,1,"2017","0 (CCC), 0 (CMC)","NA (CCC) NA (CMC)","NA (CCC), NA (CMC)",NA,NA
"KINGMAN LAKE","COPPER","","",25,15,2019,25,"2019","0 (CCC), 0 (CMC)","NA (CCC) NA (CMC)","NA (CCC), NA (CMC)",NA,NA
"KINGMAN LAKE","COPPER","","",25,15,2019,25,"2019","0 (CCC), 0 (CMC)","NA (CCC) NA (CMC)","NA (CCC), NA (CMC)",NA,NA
"KLINGLE VALLEY","COPPER","","",NA,NA,NA,NA,NA,"NA (CCC), NA (CMC)",NA,"NA (CCC), NA (CMC)",NA,NA
"LUZON BRANCH","COPPER","","",NA,NA,NA,NA,NA,"NA (CCC), NA (CMC)",NA,"NA (CCC), NA (CMC)",NA,NA
"MELVIN HAZEN VALLEY BRANCH","COPPER","","",13,13,2021,12,"2021","0 (CCC), 0 (CMC)","NA (CCC) NA (CMC)","NA (CCC), NA (CMC)",NA,NA
"MELVIN HAZEN VALLEY BRANCH","COPPER","","",13,13,2021,11,"2021","0 (CCC), 0 (CMC)","NA (CCC) NA (CMC)","NA (CCC), NA (CMC)",NA,NA
"NASH RUN","COPPER","","",7,3,2019,7,"2019","0 (CCC), 0 (CMC)","NA (CCC) NA (CMC)","NA (CCC), NA (CMC)",NA,NA
"NASH RUN","COPPER","","",7,3,2019,7,"2019","0 (CCC), 0 (CMC)","NA (CCC) NA (CMC)","NA (CCC), NA (CMC)",NA,NA
"NORMANSTONE CREEK","COPPER","","",NA,NA,NA,NA,NA,"NA (CCC), NA (CMC)",NA,"NA (CCC), NA (CMC)",NA,NA
"OXON RUN","COPPER","","",1,NA,2013,1,"2013","0 (CCC), 0 (CMC)","NA (CCC) NA (CMC)","NA (CCC), NA (CMC)",NA,NA
"OXON RUN","COPPER","","",1,NA,2013,1,"2013","0 (CCC), 0 (CMC)","NA (CCC) NA (CMC)","NA (CCC), NA (CMC)",NA,NA
"PINEHURST BRANCH","COPPER","","",NA,NA,NA,NA,NA,"NA (CCC), NA (CMC)",NA,"NA (CCC), NA (CMC)",NA,NA
"PINEY BRANCH","COPPER","","",1,NA,2013,1,"2013","0 (CCC), 0 (CMC)","NA (CCC) NA (CMC)","NA (CCC), NA (CMC)",NA,NA
"PINEY BRANCH","COPPER","","",1,NA,2013,1,"2013","0 (CCC), 0 (CMC)","NA (CCC) NA (CMC)","NA (CCC), NA (CMC)",NA,NA
"POPE BRANCH","COPPER","","",1,1,2017,1,"2017","0 (CCC), 0 (CMC)","NA (CCC) NA (CMC)","NA (CCC), NA (CMC)",NA,NA
"POPE BRANCH","COPPER","","",1,1,2017,1,"2017","0 (CCC), 0 (CMC)","NA (CCC) NA (CMC)","NA (CCC), NA (CMC)",NA,NA
"PORTAL BRANCH","COPPER","","",NA,NA,NA,NA,NA,"NA (CCC), NA (CMC)",NA,"NA (CCC), NA (CMC)",NA,NA
"POTOMAC LOWER","COPPER","","",13,13,2021,13,"2021","0 (CCC), 0 (CMC)","NA (CCC) NA (CMC)","NA (CCC), NA (CMC)",NA,NA
"POTOMAC LOWER","COPPER","","",13,13,2021,13,"2021","0 (CCC), 0 (CMC)","NA (CCC) NA (CMC)","NA (CCC), NA (CMC)",NA,NA
"POTOMAC MIDDLE","COPPER","","",13,13,2021,12,"2021","0 (CCC), 0 (CMC)","NA (CCC) NA (CMC)","NA (CCC), NA (CMC)",NA,NA
"POTOMAC MIDDLE","COPPER","","",13,13,2021,12,"2021","0 (CCC), 0 (CMC)","NA (CCC) NA (CMC)","NA (CCC), NA (CMC)",NA,NA
"POTOMAC UPPER","COPPER","","",13,13,2021,12,"2021","0 (CCC), 0 (CMC)","NA (CCC) NA (CMC)","NA (CCC), NA (CMC)",NA,NA
"POTOMAC UPPER","COPPER","","",13,13,2021,11,"2021","0 (CCC), 0 (CMC)","NA (CCC) NA (CMC)","NA (CCC), NA (CMC)",NA,NA
"ROCK CREEK LOWER","COPPER","","",13,13,2021,13,"2021","0 (CCC), 0 (CMC)","NA (CCC) NA (CMC)","NA (CCC), NA (CMC)",NA,NA
"ROCK CREEK LOWER","COPPER","","",13,13,2021,13,"2021","0 (CCC), 0 (CMC)","NA (CCC) NA (CMC)","NA (CCC), NA (CMC)",NA,NA
"ROCK CREEK UPPER","COPPER","","",155,107,2021,154,"2021","0 (CCC), 0 (CMC)","NA (CCC) NA (CMC)","NA (CCC), NA (CMC)",NA,NA
"SOAPSTONE CREEK","COPPER","","",NA,NA,NA,NA,NA,"NA (CCC), NA (CMC)",NA,"NA (CCC), NA (CMC)",NA,NA
"TEXAS AVENUE TRIBUTARY","COPPER","","",6,3,2019,4,"2019","0 (CCC), 0 (CMC)","NA (CCC) NA (CMC)","NA (CCC), NA (CMC)",NA,NA
"TEXAS AVENUE TRIBUTARY","COPPER","","",6,3,2019,6,"2019","0 (CCC), 0 (CMC)","NA (CCC) NA (CMC)","NA (CCC), NA (CMC)",NA,NA
"TIDAL BASIN","COPPER","","",NA,NA,NA,NA,NA,"NA (CCC), NA (CMC)",NA,"NA (CCC), NA (CMC)",NA,NA
"WASHINGTON SHIP CHANNEL","COPPER","","",16,12,2016,16,"2016","0 (CCC), 0 (CMC)","NA (CCC) NA (CMC)","NA (CCC), NA (CMC)",NA,NA
"WASHINGTON SHIP CHANNEL","COPPER","","",16,12,2016,16,"2016","0 (CCC), 0 (CMC)","NA (CCC) NA (CMC)","NA (CCC), NA (CMC)",NA,NA
"WATTS BRANCH LOWER","COPPER","","",3,3,2017,3,"2017","0 (CCC), 0 (CMC)","NA (CCC) NA (CMC)","NA (CCC), NA (CMC)",NA,NA
"WATTS BRANCH LOWER","COPPER","","",3,3,2017,3,"2017","0 (CCC), 0 (CMC)","NA (CCC) NA (CMC)","NA (CCC), NA (CMC)",NA,NA
"WATTS BRANCH UPPER","COPPER","","",159,113,2021,156,"2021","1 (CCC), 0 (CMC)","2016 (CCC) NA (CMC)","119 (CCC), NA (CMC)",NA,NA
"WATTS BRANCH UPPER","COPPER","","",13,13,2021,13,"2021","0 (CCC), 0 (CMC)","NA (CCC) NA (CMC)","NA (CCC), NA (CMC)",NA,NA
"BATTERY KEMBLE CREEK","COPPER","","",1,NA,2013,1,"2013","0 (CCC), 0 (CMC)","NA (CCC) NA (CMC)","NA (CCC), NA (CMC)",NA,NA
"BATTERY KEMBLE CREEK","COPPER","","",1,NA,2013,1,"2013","0 (CCC), 0 (CMC)","NA (CCC) NA (CMC)","NA (CCC), NA (CMC)",NA,NA
"C&O CANAL","COPPER","","",NA,NA,NA,NA,NA,"NA (CCC), NA (CMC)",NA,"NA (CCC), NA (CMC)",NA,NA
"FORT CHAPLIN TRIBUTARY","COPPER","","",6,3,2019,6,"2019","0 (CCC), 0 (CMC)","NA (CCC) NA (CMC)","NA (CCC), NA (CMC)",NA,NA
"FORT CHAPLIN TRIBUTARY","COPPER","","",6,3,2019,6,"2019","0 (CCC), 0 (CMC)","NA (CCC) NA (CMC)","NA (CCC), NA (CMC)",NA,NA
"FORT DAVIS TRIBUTARY","COPPER","","",6,3,2019,4,"2019","0 (CCC), 0 (CMC)","NA (CCC) NA (CMC)","NA (CCC), NA (CMC)",NA,NA
"FORT DAVIS TRIBUTARY","COPPER","","",6,3,2019,5,"2019","0 (CCC), 0 (CMC)","NA (CCC) NA (CMC)","NA (CCC), NA (CMC)",NA,NA
"FOUNDRY BRANCH","COPPER","","",2,NA,2013,2,"2013","0 (CCC), 0 (CMC)","NA (CCC) NA (CMC)","NA (CCC), NA (CMC)",NA,NA
"FOUNDRY BRANCH","COPPER","","",2,NA,2013,2,"2013","0 (CCC), 0 (CMC)","NA (CCC) NA (CMC)","NA (CCC), NA (CMC)",NA,NA
"ANACOSTIA LOWER","DDD","","",NA,NA,NA,NA,NA,"NA (CCC), NA (CMC)",NA,"NA (CCC), NA (CMC)","No (CCC), No (CMC)","Never (CCC), Never (CMC)"
"ANACOSTIA UPPER","DDD","","",NA,NA,NA,NA,NA,"NA (CCC), NA (CMC)",NA,"NA (CCC), NA (CMC)","Yes (CCC), No (CMC)","2018 - 2021 (CCC), Never (CMC)"
"BROAD BRANCH","DDD","","",NA,NA,NA,NA,NA,"NA (CCC), NA (CMC)",NA,"NA (CCC), NA (CMC)",NA,NA
"DALECARLIA TRIBUTARY","DDD","","",NA,NA,NA,NA,NA,"NA (CCC), NA (CMC)",NA,"NA (CCC), NA (CMC)",NA,NA
"DUMBARTON OAKS","DDD","","",NA,NA,NA,NA,NA,"NA (CCC), NA (CMC)",NA,"NA (CCC), NA (CMC)",NA,NA
"FENWICK BRANCH","DDD","","",NA,NA,NA,NA,NA,"NA (CCC), NA (CMC)",NA,"NA (CCC), NA (CMC)",NA,NA
"FORT DUPONT TRIBUTARY","DDD","","",NA,NA,NA,NA,NA,"NA (CCC), NA (CMC)",NA,"NA (CCC), NA (CMC)",NA,NA
"FORT STANTON TRIBUTARY","DDD","","",NA,NA,NA,NA,NA,"NA (CCC), NA (CMC)",NA,"NA (CCC), NA (CMC)",NA,NA
"HICKEY RUN","DDD","","",NA,NA,NA,NA,NA,"NA (CCC), NA (CMC)",NA,"NA (CCC), NA (CMC)",NA,NA
"KINGMAN LAKE","DDD","","",NA,NA,NA,NA,NA,"NA (CCC), NA (CMC)",NA,"NA (CCC), NA (CMC)","No (CCC), No (CMC)","Never (CCC), Never (CMC)"
"KLINGLE VALLEY","DDD","","",NA,NA,NA,NA,NA,"NA (CCC), NA (CMC)",NA,"NA (CCC), NA (CMC)",NA,NA
"LUZON BRANCH","DDD","","",NA,NA,NA,NA,NA,"NA (CCC), NA (CMC)",NA,"NA (CCC), NA (CMC)",NA,NA
"MELVIN HAZEN VALLEY BRANCH","DDD","","",NA,NA,NA,NA,NA,"NA (CCC), NA (CMC)",NA,"NA (CCC), NA (CMC)",NA,NA
"NASH RUN","DDD","","",NA,NA,NA,NA,NA,"NA (CCC), NA (CMC)",NA,"NA (CCC), NA (CMC)",NA,NA
"NORMANSTONE CREEK","DDD","","",NA,NA,NA,NA,NA,"NA (CCC), NA (CMC)",NA,"NA (CCC), NA (CMC)",NA,NA
"OXON RUN","DDD","","",NA,NA,NA,NA,NA,"NA (CCC), NA (CMC)",NA,"NA (CCC), NA (CMC)",NA,NA
"PINEHURST BRANCH","DDD","","",NA,NA,NA,NA,NA,"NA (CCC), NA (CMC)",NA,"NA (CCC), NA (CMC)",NA,NA
"PINEY BRANCH","DDD","","",NA,NA,NA,NA,NA,"NA (CCC), NA (CMC)",NA,"NA (CCC), NA (CMC)",NA,NA
"POPE BRANCH","DDD","","",NA,NA,NA,NA,NA,"NA (CCC), NA (CMC)",NA,"NA (CCC), NA (CMC)",NA,NA
"PORTAL BRANCH","DDD","","",NA,NA,NA,NA,NA,"NA (CCC), NA (CMC)",NA,"NA (CCC), NA (CMC)",NA,NA
"POTOMAC LOWER","DDD","","",NA,NA,NA,NA,NA,"NA (CCC), NA (CMC)",NA,"NA (CCC), NA (CMC)",NA,NA
"POTOMAC MIDDLE","DDD","","",NA,NA,NA,NA,NA,"NA (CCC), NA (CMC)",NA,"NA (CCC), NA (CMC)",NA,NA
"POTOMAC UPPER","DDD","","",NA,NA,NA,NA,NA,"NA (CCC), NA (CMC)",NA,"NA (CCC), NA (CMC)",NA,NA
"ROCK CREEK LOWER","DDD","","",NA,NA,NA,NA,NA,"NA (CCC), NA (CMC)",NA,"NA (CCC), NA (CMC)",NA,NA
"ROCK CREEK UPPER","DDD","","",NA,NA,NA,NA,NA,"NA (CCC), NA (CMC)",NA,"NA (CCC), NA (CMC)",NA,NA
"SOAPSTONE CREEK","DDD","","",NA,NA,NA,NA,NA,"NA (CCC), NA (CMC)",NA,"NA (CCC), NA (CMC)",NA,NA
"TEXAS AVENUE TRIBUTARY","DDD","","",NA,NA,NA,NA,NA,"NA (CCC), NA (CMC)",NA,"NA (CCC), NA (CMC)","Yes (CCC), No (CMC)","2018 - 2021 (CCC), Never (CMC)"
"TIDAL BASIN","DDD","","",NA,NA,NA,NA,NA,"NA (CCC), NA (CMC)",NA,"NA (CCC), NA (CMC)",NA,NA
"WASHINGTON SHIP CHANNEL","DDD","","",NA,NA,NA,NA,NA,"NA (CCC), NA (CMC)",NA,"NA (CCC), NA (CMC)",NA,NA
"WATTS BRANCH LOWER","DDD","","",NA,NA,NA,NA,NA,"NA (CCC), NA (CMC)",NA,"NA (CCC), NA (CMC)",NA,NA
"WATTS BRANCH UPPER","DDD","","",NA,NA,NA,NA,NA,"NA (CCC), NA (CMC)",NA,"NA (CCC), NA (CMC)",NA,NA
"BATTERY KEMBLE CREEK","DDD","","",NA,NA,NA,NA,NA,"NA (CCC), NA (CMC)",NA,"NA (CCC), NA (CMC)",NA,NA
"C&O CANAL","DDD","","",NA,NA,NA,NA,NA,"NA (CCC), NA (CMC)",NA,"NA (CCC), NA (CMC)",NA,NA
"FORT CHAPLIN TRIBUTARY","DDD","","",NA,NA,NA,NA,NA,"NA (CCC), NA (CMC)",NA,"NA (CCC), NA (CMC)",NA,NA
"FORT DAVIS TRIBUTARY","DDD","","",NA,NA,NA,NA,NA,"NA (CCC), NA (CMC)",NA,"NA (CCC), NA (CMC)",NA,NA
"FOUNDRY BRANCH","DDD","","",NA,NA,NA,NA,NA,"NA (CCC), NA (CMC)",NA,"NA (CCC), NA (CMC)",NA,NA
"ANACOSTIA LOWER","DDE","","",NA,NA,NA,NA,NA,"NA (CCC), NA (CMC)",NA,"NA (CCC), NA (CMC)",NA,NA
"ANACOSTIA UPPER","DDE","","",NA,NA,NA,NA,NA,"NA (CCC), NA (CMC)",NA,"NA (CCC), NA (CMC)",NA,NA
"BROAD BRANCH","DDE","","",NA,NA,NA,NA,NA,"NA (CCC), NA (CMC)",NA,"NA (CCC), NA (CMC)",NA,NA
"DALECARLIA TRIBUTARY","DDE","","",NA,NA,NA,NA,NA,"NA (CCC), NA (CMC)",NA,"NA (CCC), NA (CMC)",NA,NA
"DUMBARTON OAKS","DDE","","",NA,NA,NA,NA,NA,"NA (CCC), NA (CMC)",NA,"NA (CCC), NA (CMC)",NA,NA
"FENWICK BRANCH","DDE","","",NA,NA,NA,NA,NA,"NA (CCC), NA (CMC)",NA,"NA (CCC), NA (CMC)",NA,NA
"FORT DUPONT TRIBUTARY","DDE","","",NA,NA,NA,NA,NA,"NA (CCC), NA (CMC)",NA,"NA (CCC), NA (CMC)",NA,NA
"FORT STANTON TRIBUTARY","DDE","","",NA,NA,NA,NA,NA,"NA (CCC), NA (CMC)",NA,"NA (CCC), NA (CMC)",NA,NA
"HICKEY RUN","DDE","","",NA,NA,NA,NA,NA,"NA (CCC), NA (CMC)",NA,"NA (CCC), NA (CMC)",NA,NA
"KINGMAN LAKE","DDE","","",NA,NA,NA,NA,NA,"NA (CCC), NA (CMC)",NA,"NA (CCC), NA (CMC)",NA,NA
"KLINGLE VALLEY","DDE","","",NA,NA,NA,NA,NA,"NA (CCC), NA (CMC)",NA,"NA (CCC), NA (CMC)",NA,NA
"LUZON BRANCH","DDE","","",NA,NA,NA,NA,NA,"NA (CCC), NA (CMC)",NA,"NA (CCC), NA (CMC)",NA,NA
"MELVIN HAZEN VALLEY BRANCH","DDE","","",NA,NA,NA,NA,NA,"NA (CCC), NA (CMC)",NA,"NA (CCC), NA (CMC)",NA,NA
"NASH RUN","DDE","","",NA,NA,NA,NA,NA,"NA (CCC), NA (CMC)",NA,"NA (CCC), NA (CMC)",NA,NA
"NORMANSTONE CREEK","DDE","","",NA,NA,NA,NA,NA,"NA (CCC), NA (CMC)",NA,"NA (CCC), NA (CMC)",NA,NA
"OXON RUN","DDE","","",NA,NA,NA,NA,NA,"NA (CCC), NA (CMC)",NA,"NA (CCC), NA (CMC)",NA,NA
"PINEHURST BRANCH","DDE","","",NA,NA,NA,NA,NA,"NA (CCC), NA (CMC)",NA,"NA (CCC), NA (CMC)",NA,NA
"PINEY BRANCH","DDE","","",NA,NA,NA,NA,NA,"NA (CCC), NA (CMC)",NA,"NA (CCC), NA (CMC)",NA,NA
"POPE BRANCH","DDE","","",NA,NA,NA,NA,NA,"NA (CCC), NA (CMC)",NA,"NA (CCC), NA (CMC)",NA,NA
"PORTAL BRANCH","DDE","","",NA,NA,NA,NA,NA,"NA (CCC), NA (CMC)",NA,"NA (CCC), NA (CMC)",NA,NA
"POTOMAC LOWER","DDE","","",NA,NA,NA,NA,NA,"NA (CCC), NA (CMC)",NA,"NA (CCC), NA (CMC)",NA,NA
"POTOMAC MIDDLE","DDE","","",NA,NA,NA,NA,NA,"NA (CCC), NA (CMC)",NA,"NA (CCC), NA (CMC)",NA,NA
"POTOMAC UPPER","DDE","","",NA,NA,NA,NA,NA,"NA (CCC), NA (CMC)",NA,"NA (CCC), NA (CMC)",NA,NA
"ROCK CREEK LOWER","DDE","","",NA,NA,NA,NA,NA,"NA (CCC), NA (CMC)",NA,"NA (CCC), NA (CMC)","Yes (CCC), No (CMC)","2018 - 2021 (CCC), Never (CMC)"
"ROCK CREEK UPPER","DDE","","",NA,NA,NA,NA,NA,"NA (CCC), NA (CMC)",NA,"NA (CCC), NA (CMC)",NA,NA
"SOAPSTONE CREEK","DDE","","",NA,NA,NA,NA,NA,"NA (CCC), NA (CMC)",NA,"NA (CCC), NA (CMC)",NA,NA
"TEXAS AVENUE TRIBUTARY","DDE","","",NA,NA,NA,NA,NA,"NA (CCC), NA (CMC)",NA,"NA (CCC), NA (CMC)","No (CCC), No (CMC)","Never (CCC), Never (CMC)"
"TIDAL BASIN","DDE","","",NA,NA,NA,NA,NA,"NA (CCC), NA (CMC)",NA,"NA (CCC), NA (CMC)",NA,NA
"WASHINGTON SHIP CHANNEL","DDE","","",NA,NA,NA,NA,NA,"NA (CCC), NA (CMC)",NA,"NA (CCC), NA (CMC)",NA,NA
"WATTS BRANCH LOWER","DDE","","",NA,NA,NA,NA,NA,"NA (CCC), NA (CMC)",NA,"NA (CCC), NA (CMC)",NA,NA
"WATTS BRANCH UPPER","DDE","","",NA,NA,NA,NA,NA,"NA (CCC), NA (CMC)",NA,"NA (CCC), NA (CMC)",NA,NA
"BATTERY KEMBLE CREEK","DDE","","",NA,NA,NA,NA,NA,"NA (CCC), NA (CMC)",NA,"NA (CCC), NA (CMC)",NA,NA
"C&O CANAL","DDE","","",NA,NA,NA,NA,NA,"NA (CCC), NA (CMC)",NA,"NA (CCC), NA (CMC)",NA,NA
"FORT CHAPLIN TRIBUTARY","DDE","","",NA,NA,NA,NA,NA,"NA (CCC), NA (CMC)",NA,"NA (CCC), NA (CMC)",NA,NA
"FORT DAVIS TRIBUTARY","DDE","","",NA,NA,NA,NA,NA,"NA (CCC), NA (CMC)",NA,"NA (CCC), NA (CMC)",NA,NA
"FOUNDRY BRANCH","DDE","","",NA,NA,NA,NA,NA,"NA (CCC), NA (CMC)",NA,"NA (CCC), NA (CMC)",NA,NA
"ANACOSTIA LOWER","DDT","","",NA,NA,NA,NA,NA,"NA (CCC), NA (CMC)",NA,"NA (CCC), NA (CMC)","Yes (CCC), No (CMC)","2018 - 2021 (CCC), Never (CMC)"
"ANACOSTIA UPPER","DDT","","",NA,NA,NA,NA,NA,"NA (CCC), NA (CMC)",NA,"NA (CCC), NA (CMC)","Yes (CCC), No (CMC)","2018 - 2021 (CCC), Never (CMC)"
"BROAD BRANCH","DDT","","",NA,NA,NA,NA,NA,"NA (CCC), NA (CMC)",NA,"NA (CCC), NA (CMC)","No (CCC), No (CMC)","Never (CCC), Never (CMC)"
"DALECARLIA TRIBUTARY","DDT","","",NA,NA,NA,NA,NA,"NA (CCC), NA (CMC)",NA,"NA (CCC), NA (CMC)",NA,NA
"DUMBARTON OAKS","DDT","","",NA,NA,NA,NA,NA,"NA (CCC), NA (CMC)",NA,"NA (CCC), NA (CMC)","Yes (CCC), No (CMC)","2018 - 2021 (CCC), Never (CMC)"
"FENWICK BRANCH","DDT","","",NA,NA,NA,NA,NA,"NA (CCC), NA (CMC)",NA,"NA (CCC), NA (CMC)",NA,NA
"FORT DUPONT TRIBUTARY","DDT","","",NA,NA,NA,NA,NA,"NA (CCC), NA (CMC)",NA,"NA (CCC), NA (CMC)",NA,NA
"FORT STANTON TRIBUTARY","DDT","","",NA,NA,NA,NA,NA,"NA (CCC), NA (CMC)",NA,"NA (CCC), NA (CMC)",NA,NA
"HICKEY RUN","DDT","","",NA,NA,NA,NA,NA,"NA (CCC), NA (CMC)",NA,"NA (CCC), NA (CMC)",NA,NA
"KINGMAN LAKE","DDT","","",NA,NA,NA,NA,NA,"NA (CCC), NA (CMC)",NA,"NA (CCC), NA (CMC)","No (CCC), No (CMC)","Never (CCC), Never (CMC)"
"KLINGLE VALLEY","DDT","","",NA,NA,NA,NA,NA,"NA (CCC), NA (CMC)",NA,"NA (CCC), NA (CMC)",NA,NA
"LUZON BRANCH","DDT","","",NA,NA,NA,NA,NA,"NA (CCC), NA (CMC)",NA,"NA (CCC), NA (CMC)",NA,NA
"MELVIN HAZEN VALLEY BRANCH","DDT","","",NA,NA,NA,NA,NA,"NA (CCC), NA (CMC)",NA,"NA (CCC), NA (CMC)","Yes (CCC), No (CMC)","2018 - 2021 (CCC), Never (CMC)"
"NASH RUN","DDT","","",NA,NA,NA,NA,NA,"NA (CCC), NA (CMC)",NA,"NA (CCC), NA (CMC)",NA,NA
"NORMANSTONE CREEK","DDT","","",NA,NA,NA,NA,NA,"NA (CCC), NA (CMC)",NA,"NA (CCC), NA (CMC)",NA,NA
"OXON RUN","DDT","","",NA,NA,NA,NA,NA,"NA (CCC), NA (CMC)",NA,"NA (CCC), NA (CMC)",NA,NA
"PINEHURST BRANCH","DDT","","",NA,NA,NA,NA,NA,"NA (CCC), NA (CMC)",NA,"NA (CCC), NA (CMC)",NA,NA
"PINEY BRANCH","DDT","","",NA,NA,NA,NA,NA,"NA (CCC), NA (CMC)",NA,"NA (CCC), NA (CMC)",NA,NA
"POPE BRANCH","DDT","","",NA,NA,NA,NA,NA,"NA (CCC), NA (CMC)",NA,"NA (CCC), NA (CMC)",NA,NA
"PORTAL BRANCH","DDT","","",NA,NA,NA,NA,NA,"NA (CCC), NA (CMC)",NA,"NA (CCC), NA (CMC)",NA,NA
"POTOMAC LOWER","DDT","","",NA,NA,NA,NA,NA,"NA (CCC), NA (CMC)",NA,"NA (CCC), NA (CMC)",NA,NA
"POTOMAC MIDDLE","DDT","","",NA,NA,NA,NA,NA,"NA (CCC), NA (CMC)",NA,"NA (CCC), NA (CMC)",NA,NA
"POTOMAC UPPER","DDT","","",NA,NA,NA,NA,NA,"NA (CCC), NA (CMC)",NA,"NA (CCC), NA (CMC)",NA,NA
"ROCK CREEK LOWER","DDT","","",NA,NA,NA,NA,NA,"NA (CCC), NA (CMC)",NA,"NA (CCC), NA (CMC)",NA,NA
"ROCK CREEK UPPER","DDT","","",NA,NA,NA,NA,NA,"NA (CCC), NA (CMC)",NA,"NA (CCC), NA (CMC)",NA,NA
"SOAPSTONE CREEK","DDT","","",NA,NA,NA,NA,NA,"NA (CCC), NA (CMC)",NA,"NA (CCC), NA (CMC)",NA,NA
"TEXAS AVENUE TRIBUTARY","DDT","","",NA,NA,NA,NA,NA,"NA (CCC), NA (CMC)",NA,"NA (CCC), NA (CMC)",NA,NA
"TIDAL BASIN","DDT","","",NA,NA,NA,NA,NA,"NA (CCC), NA (CMC)",NA,"NA (CCC), NA (CMC)",NA,NA
"WASHINGTON SHIP CHANNEL","DDT","","",NA,NA,NA,NA,NA,"NA (CCC), NA (CMC)",NA,"NA (CCC), NA (CMC)",NA,NA
"WATTS BRANCH LOWER","DDT","","",NA,NA,NA,NA,NA,"NA (CCC), NA (CMC)",NA,"NA (CCC), NA (CMC)",NA,NA
"WATTS BRANCH UPPER","DDT","","",NA,NA,NA,NA,NA,"NA (CCC), NA (CMC)",NA,"NA (CCC), NA (CMC)",NA,NA
"BATTERY KEMBLE CREEK","DDT","","",NA,NA,NA,NA,NA,"NA (CCC), NA (CMC)",NA,"NA (CCC), NA (CMC)",NA,NA
"C&O CANAL","DDT","","",NA,NA,NA,NA,NA,"NA (CCC), NA (CMC)",NA,"NA (CCC), NA (CMC)",NA,NA
"FORT CHAPLIN TRIBUTARY","DDT","","",NA,NA,NA,NA,NA,"NA (CCC), NA (CMC)",NA,"NA (CCC), NA (CMC)",NA,NA
"FORT DAVIS TRIBUTARY","DDT","","",NA,NA,NA,NA,NA,"NA (CCC), NA (CMC)",NA,"NA (CCC), NA (CMC)",NA,NA
"FOUNDRY BRANCH","DDT","","",NA,NA,NA,NA,NA,"NA (CCC), NA (CMC)",NA,"NA (CCC), NA (CMC)",NA,NA
"ANACOSTIA LOWER","DIELDRIN","","",52,40,2021,2,"2021","0 (CCC), 0 (CMC)","NA (CCC) NA (CMC)","NA (CCC), NA (CMC)","No (CCC), No (CMC)","Never (CCC), Never (CMC)"
"ANACOSTIA UPPER","DIELDRIN","","",105,86,2019,38,"2019","0 (CCC), 0 (CMC)","NA (CCC) NA (CMC)","NA (CCC), NA (CMC)","No (CCC), No (CMC)","Never (CCC), Never (CMC)"
"BROAD BRANCH","DIELDRIN","","",14,13,2021,9,"2021","0 (CCC), 0 (CMC)","NA (CCC) NA (CMC)","NA (CCC), NA (CMC)","No (CCC), No (CMC)","Never (CCC), Never (CMC)"
"DALECARLIA TRIBUTARY","DIELDRIN","","",1,NA,2013,1,"2013","0 (CCC), 0 (CMC)","NA (CCC) NA (CMC)","NA (CCC), NA (CMC)",NA,NA
"DUMBARTON OAKS","DIELDRIN","","",15,13,2021,14,"2021","0 (CCC), 0 (CMC)","NA (CCC) NA (CMC)","NA (CCC), NA (CMC)","No (CCC), No (CMC)","Never (CCC), Never (CMC)"
"FENWICK BRANCH","DIELDRIN","","",1,NA,2013,1,"2013","0 (CCC), 0 (CMC)","NA (CCC) NA (CMC)","NA (CCC), NA (CMC)",NA,NA
"FORT DUPONT TRIBUTARY","DIELDRIN","","",13,13,2021,0,"never","0 (CCC), 0 (CMC)","NA (CCC) NA (CMC)","NA (CCC), NA (CMC)",NA,NA
"FORT STANTON TRIBUTARY","DIELDRIN","","",17,13,2021,0,"never","0 (CCC), 0 (CMC)","NA (CCC) NA (CMC)","NA (CCC), NA (CMC)",NA,NA
"HICKEY RUN","DIELDRIN","","",6,3,2019,0,"never","0 (CCC), 0 (CMC)","NA (CCC) NA (CMC)","NA (CCC), NA (CMC)",NA,NA
"KINGMAN LAKE","DIELDRIN","","",25,15,2019,2,"2018","0 (CCC), 0 (CMC)","NA (CCC) NA (CMC)","NA (CCC), NA (CMC)","No (CCC), No (CMC)","Never (CCC), Never (CMC)"
"KLINGLE VALLEY","DIELDRIN","","",1,NA,2013,1,"2013","0 (CCC), 0 (CMC)","NA (CCC) NA (CMC)","NA (CCC), NA (CMC)",NA,NA
"LUZON BRANCH","DIELDRIN","","",1,NA,2013,1,"2013","0 (CCC), 0 (CMC)","NA (CCC) NA (CMC)","NA (CCC), NA (CMC)",NA,NA
"MELVIN HAZEN VALLEY BRANCH","DIELDRIN","","",14,13,2021,9,"2021","0 (CCC), 0 (CMC)","NA (CCC) NA (CMC)","NA (CCC), NA (CMC)","No (CCC), No (CMC)","Never (CCC), Never (CMC)"
"NASH RUN","DIELDRIN","","",7,3,2019,1,"2014","0 (CCC), 0 (CMC)","NA (CCC) NA (CMC)","NA (CCC), NA (CMC)",NA,NA
"NORMANSTONE CREEK","DIELDRIN","","",1,NA,2013,1,"2013","0 (CCC), 0 (CMC)","NA (CCC) NA (CMC)","NA (CCC), NA (CMC)",NA,NA
"OXON RUN","DIELDRIN","","",1,NA,2013,1,"2013","0 (CCC), 0 (CMC)","NA (CCC) NA (CMC)","NA (CCC), NA (CMC)",NA,NA
"PINEHURST BRANCH","DIELDRIN","","",2,NA,2013,2,"2013","0 (CCC), 0 (CMC)","NA (CCC) NA (CMC)","NA (CCC), NA (CMC)",NA,NA
"PINEY BRANCH","DIELDRIN","","",1,NA,2013,1,"2013","0 (CCC), 0 (CMC)","NA (CCC) NA (CMC)","NA (CCC), NA (CMC)",NA,NA
"POPE BRANCH","DIELDRIN","","",7,4,2019,2,"2018","0 (CCC), 0 (CMC)","NA (CCC) NA (CMC)","NA (CCC), NA (CMC)","No (CCC), No (CMC)","Never (CCC), Never (CMC)"
"PORTAL BRANCH","DIELDRIN","","",2,NA,2013,2,"2013","0 (CCC), 0 (CMC)","NA (CCC) NA (CMC)","NA (CCC), NA (CMC)","No (CCC), No (CMC)","Never (CCC), Never (CMC)"
"POTOMAC LOWER","DIELDRIN","","",13,13,2021,1,"2020","0 (CCC), 0 (CMC)","NA (CCC) NA (CMC)","NA (CCC), NA (CMC)",NA,NA
"POTOMAC MIDDLE","DIELDRIN","","",13,13,2021,2,"2020","0 (CCC), 0 (CMC)","NA (CCC) NA (CMC)","NA (CCC), NA (CMC)","No (CCC), No (CMC)","Never (CCC), Never (CMC)"
"POTOMAC UPPER","DIELDRIN","","",13,13,2021,1,"2021","0 (CCC), 0 (CMC)","NA (CCC) NA (CMC)","NA (CCC), NA (CMC)",NA,NA
"ROCK CREEK LOWER","DIELDRIN","","",14,13,2021,5,"2021","0 (CCC), 0 (CMC)","NA (CCC) NA (CMC)","NA (CCC), NA (CMC)","No (CCC), No (CMC)","Never (CCC), Never (CMC)"
"ROCK CREEK UPPER","DIELDRIN","","",19,NA,2000,0,"never","0 (CCC), 0 (CMC)","NA (CCC) NA (CMC)","NA (CCC), NA (CMC)",NA,NA
"SOAPSTONE CREEK","DIELDRIN","","",1,NA,2013,1,"2013","0 (CCC), 0 (CMC)","NA (CCC) NA (CMC)","NA (CCC), NA (CMC)",NA,NA
"TEXAS AVENUE TRIBUTARY","DIELDRIN","","",6,3,2019,5,"2018","0 (CCC), 0 (CMC)","NA (CCC) NA (CMC)","NA (CCC), NA (CMC)","No (CCC), No (CMC)","Never (CCC), Never (CMC)"
"TIDAL BASIN","DIELDRIN","","",3,NA,2014,0,"never","0 (CCC), 0 (CMC)","NA (CCC) NA (CMC)","NA (CCC), NA (CMC)",NA,NA
"WASHINGTON SHIP CHANNEL","DIELDRIN","","",19,12,2016,0,"never","0 (CCC), 0 (CMC)","NA (CCC) NA (CMC)","NA (CCC), NA (CMC)",NA,NA
"WATTS BRANCH LOWER","DIELDRIN","","",7,4,2019,4,"2019","0 (CCC), 0 (CMC)","NA (CCC) NA (CMC)","NA (CCC), NA (CMC)","No (CCC), No (CMC)","Never (CCC), Never (CMC)"
"WATTS BRANCH UPPER","DIELDRIN","","",13,13,2021,4,"2021","0 (CCC), 0 (CMC)","NA (CCC) NA (CMC)","NA (CCC), NA (CMC)","No (CCC), No (CMC)","Never (CCC), Never (CMC)"
"BATTERY KEMBLE CREEK","DIELDRIN","","",NA,NA,NA,NA,NA,"NA (CCC), NA (CMC)",NA,"NA (CCC), NA (CMC)",NA,NA
"C&O CANAL","DIELDRIN","","",NA,NA,NA,NA,NA,"NA (CCC), NA (CMC)",NA,"NA (CCC), NA (CMC)",NA,NA
"FORT CHAPLIN TRIBUTARY","DIELDRIN","","",NA,NA,NA,NA,NA,"NA (CCC), NA (CMC)",NA,"NA (CCC), NA (CMC)",NA,NA
"FORT DAVIS TRIBUTARY","DIELDRIN","","",NA,NA,NA,NA,NA,"NA (CCC), NA (CMC)",NA,"NA (CCC), NA (CMC)",NA,NA
"FOUNDRY BRANCH","DIELDRIN","","",NA,NA,NA,NA,NA,"NA (CCC), NA (CMC)",NA,"NA (CCC), NA (CMC)",NA,NA
"ANACOSTIA LOWER","HEPTACHLOR_EPOXIDE","","",52,40,2021,1,"2020","0 (CCC), 0 (CMC)","NA (CCC) NA (CMC)","NA (CCC), NA (CMC)",NA,NA
"ANACOSTIA UPPER","HEPTACHLOR_EPOXIDE","","",105,86,2019,23,"2019","1 (CCC), 0 (CMC)","2018 (CCC) NA (CMC)","23 (CCC), NA (CMC)","No (CCC), No (CMC)","Never (CCC), Never (CMC)"
"BROAD BRANCH","HEPTACHLOR_EPOXIDE","","",14,13,2021,8,"2021","1 (CCC), 0 (CMC)","2021 (CCC) NA (CMC)","3 (CCC), NA (CMC)","No (CCC), No (CMC)","Never (CCC), Never (CMC)"
"DALECARLIA TRIBUTARY","HEPTACHLOR_EPOXIDE","","",1,NA,2013,1,"2013","0 (CCC), 0 (CMC)","NA (CCC) NA (CMC)","NA (CCC), NA (CMC)",NA,NA
"DUMBARTON OAKS","HEPTACHLOR_EPOXIDE","","",15,13,2021,11,"2021","5 (CCC), 0 (CMC)","2021 (CCC) NA (CMC)","2 (CCC), NA (CMC)","Yes (CCC), No (CMC)","2018 - 2021 (CCC), Never (CMC)"
"FENWICK BRANCH","HEPTACHLOR_EPOXIDE","","",1,NA,2013,1,"2013","0 (CCC), 0 (CMC)","NA (CCC) NA (CMC)","NA (CCC), NA (CMC)",NA,NA
"FORT DUPONT TRIBUTARY","HEPTACHLOR_EPOXIDE","","",13,13,2021,1,"2021","0 (CCC), 0 (CMC)","NA (CCC) NA (CMC)","NA (CCC), NA (CMC)",NA,NA
"FORT STANTON TRIBUTARY","HEPTACHLOR_EPOXIDE","","",17,13,2021,0,"never","0 (CCC), 0 (CMC)","NA (CCC) NA (CMC)","NA (CCC), NA (CMC)",NA,NA
"HICKEY RUN","HEPTACHLOR_EPOXIDE","","",6,3,2019,0,"never","0 (CCC), 0 (CMC)","NA (CCC) NA (CMC)","NA (CCC), NA (CMC)",NA,NA
"KINGMAN LAKE","HEPTACHLOR_EPOXIDE","","",25,15,2019,1,"2016","0 (CCC), 0 (CMC)","NA (CCC) NA (CMC)","NA (CCC), NA (CMC)",NA,NA
"KLINGLE VALLEY","HEPTACHLOR_EPOXIDE","","",1,NA,2013,1,"2013","0 (CCC), 0 (CMC)","NA (CCC) NA (CMC)","NA (CCC), NA (CMC)",NA,NA
"LUZON BRANCH","HEPTACHLOR_EPOXIDE","","",1,NA,2013,1,"2013","0 (CCC), 0 (CMC)","NA (CCC) NA (CMC)","NA (CCC), NA (CMC)",NA,NA
"MELVIN HAZEN VALLEY BRANCH","HEPTACHLOR_EPOXIDE","","",14,13,2021,2,"2021","0 (CCC), 0 (CMC)","NA (CCC) NA (CMC)","NA (CCC), NA (CMC)","No (CCC), No (CMC)","Never (CCC), Never (CMC)"
"NASH RUN","HEPTACHLOR_EPOXIDE","","",7,3,2019,2,"2014","0 (CCC), 0 (CMC)","NA (CCC) NA (CMC)","NA (CCC), NA (CMC)","No (CCC), No (CMC)","Never (CCC), Never (CMC)"
"NORMANSTONE CREEK","HEPTACHLOR_EPOXIDE","","",1,NA,2013,1,"2013","0 (CCC), 0 (CMC)","NA (CCC) NA (CMC)","NA (CCC), NA (CMC)",NA,NA
"OXON RUN","HEPTACHLOR_EPOXIDE","","",1,NA,2013,0,"never","0 (CCC), 0 (CMC)","NA (CCC) NA (CMC)","NA (CCC), NA (CMC)",NA,NA
"PINEHURST BRANCH","HEPTACHLOR_EPOXIDE","","",1,NA,2013,1,"2013","0 (CCC), 0 (CMC)","NA (CCC) NA (CMC)","NA (CCC), NA (CMC)",NA,NA
"PINEY BRANCH","HEPTACHLOR_EPOXIDE","","",1,NA,2013,1,"2013","0 (CCC), 0 (CMC)","NA (CCC) NA (CMC)","NA (CCC), NA (CMC)",NA,NA
"POPE BRANCH","HEPTACHLOR_EPOXIDE","","",7,4,2019,3,"2014","0 (CCC), 0 (CMC)","NA (CCC) NA (CMC)","NA (CCC), NA (CMC)","No (CCC), No (CMC)","Never (CCC), Never (CMC)"
"PORTAL BRANCH","HEPTACHLOR_EPOXIDE","","",2,NA,2013,2,"2013","0 (CCC), 0 (CMC)","NA (CCC) NA (CMC)","NA (CCC), NA (CMC)","No (CCC), No (CMC)","Never (CCC), Never (CMC)"
"POTOMAC LOWER","HEPTACHLOR_EPOXIDE","","",13,13,2021,0,"never","0 (CCC), 0 (CMC)","NA (CCC) NA (CMC)","NA (CCC), NA (CMC)",NA,NA
"POTOMAC MIDDLE","HEPTACHLOR_EPOXIDE","","",13,13,2021,1,"2020","0 (CCC), 0 (CMC)","NA (CCC) NA (CMC)","NA (CCC), NA (CMC)",NA,NA
"POTOMAC UPPER","HEPTACHLOR_EPOXIDE","","",13,13,2021,1,"2020","0 (CCC), 0 (CMC)","NA (CCC) NA (CMC)","NA (CCC), NA (CMC)",NA,NA
"ROCK CREEK LOWER","HEPTACHLOR_EPOXIDE","","",13,13,2021,7,"2021","0 (CCC), 0 (CMC)","NA (CCC) NA (CMC)","NA (CCC), NA (CMC)","No (CCC), No (CMC)","Never (CCC), Never (CMC)"
"ROCK CREEK UPPER","HEPTACHLOR_EPOXIDE","","",NA,NA,NA,NA,NA,"NA (CCC), NA (CMC)",NA,"NA (CCC), NA (CMC)",NA,NA
"SOAPSTONE CREEK","HEPTACHLOR_EPOXIDE","","",1,NA,2013,1,"2013","0 (CCC), 0 (CMC)","NA (CCC) NA (CMC)","NA (CCC), NA (CMC)",NA,NA
"TEXAS AVENUE TRIBUTARY","HEPTACHLOR_EPOXIDE","","",6,3,2019,3,"2018","0 (CCC), 0 (CMC)","NA (CCC) NA (CMC)","NA (CCC), NA (CMC)","No (CCC), No (CMC)","Never (CCC), Never (CMC)"
"TIDAL BASIN","HEPTACHLOR_EPOXIDE","","",3,NA,2014,0,"never","0 (CCC), 0 (CMC)","NA (CCC) NA (CMC)","NA (CCC), NA (CMC)",NA,NA
"WASHINGTON SHIP CHANNEL","HEPTACHLOR_EPOXIDE","","",19,12,2016,0,"never","0 (CCC), 0 (CMC)","NA (CCC) NA (CMC)","NA (CCC), NA (CMC)",NA,NA
"WATTS BRANCH LOWER","HEPTACHLOR_EPOXIDE","","",7,4,2019,0,"never","0 (CCC), 0 (CMC)","NA (CCC) NA (CMC)","NA (CCC), NA (CMC)",NA,NA
"WATTS BRANCH UPPER","HEPTACHLOR_EPOXIDE","","",13,13,2021,1,"2021","0 (CCC), 0 (CMC)","NA (CCC) NA (CMC)","NA (CCC), NA (CMC)",NA,NA
"BATTERY KEMBLE CREEK","HEPTACHLOR_EPOXIDE","","",NA,NA,NA,NA,NA,"NA (CCC), NA (CMC)",NA,"NA (CCC), NA (CMC)",NA,NA
"C&O CANAL","HEPTACHLOR_EPOXIDE","","",NA,NA,NA,NA,NA,"NA (CCC), NA (CMC)",NA,"NA (CCC), NA (CMC)",NA,NA
"FORT CHAPLIN TRIBUTARY","HEPTACHLOR_EPOXIDE","","",NA,NA,NA,NA,NA,"NA (CCC), NA (CMC)",NA,"NA (CCC), NA (CMC)",NA,NA
"FORT DAVIS TRIBUTARY","HEPTACHLOR_EPOXIDE","","",NA,NA,NA,NA,NA,"NA (CCC), NA (CMC)",NA,"NA (CCC), NA (CMC)",NA,NA
"FOUNDRY BRANCH","HEPTACHLOR_EPOXIDE","","",NA,NA,NA,NA,NA,"NA (CCC), NA (CMC)",NA,"NA (CCC), NA (CMC)",NA,NA
"ANACOSTIA LOWER","MERCURY","","",49,37,2021,2,"2016","0 (CCC), 0 (CMC)","NA (CCC) NA (CMC)","NA (CCC), NA (CMC)",NA,NA
"ANACOSTIA LOWER","MERCURY","","",62,37,2021,4,"2016","0 (CCC), 0 (CMC)","NA (CCC) NA (CMC)","NA (CCC), NA (CMC)",NA,NA
"ANACOSTIA UPPER","MERCURY","","",30,18,2016,1,"2016","0 (CCC), 0 (CMC)","NA (CCC) NA (CMC)","NA (CCC), NA (CMC)",NA,NA
"ANACOSTIA UPPER","MERCURY","","",70,18,2016,3,"2016","0 (CCC), 0 (CMC)","NA (CCC) NA (CMC)","NA (CCC), NA (CMC)",NA,NA
"BROAD BRANCH","MERCURY","","",13,13,2021,0,"never","0 (CCC), 0 (CMC)","NA (CCC) NA (CMC)","NA (CCC), NA (CMC)",NA,NA
"BROAD BRANCH","MERCURY","","",13,13,2021,0,"never","0 (CCC), 0 (CMC)","NA (CCC) NA (CMC)","NA (CCC), NA (CMC)",NA,NA
"DALECARLIA TRIBUTARY","MERCURY","","",10,NA,1995,0,"never","0 (CCC), 0 (CMC)","NA (CCC) NA (CMC)","NA (CCC), NA (CMC)",NA,NA
"DUMBARTON OAKS","MERCURY","","",13,13,2021,1,"2020","0 (CCC), 0 (CMC)","NA (CCC) NA (CMC)","NA (CCC), NA (CMC)",NA,NA
"DUMBARTON OAKS","MERCURY","","",13,13,2021,1,"2020","0 (CCC), 0 (CMC)","NA (CCC) NA (CMC)","NA (CCC), NA (CMC)",NA,NA
"FENWICK BRANCH","MERCURY","","",NA,NA,NA,NA,NA,"NA (CCC), NA (CMC)",NA,"NA (CCC), NA (CMC)",NA,NA
"FORT DUPONT TRIBUTARY","MERCURY","","",13,13,2021,0,"never","0 (CCC), 0 (CMC)","NA (CCC) NA (CMC)","NA (CCC), NA (CMC)",NA,NA
"FORT DUPONT TRIBUTARY","MERCURY","","",14,13,2021,0,"never","0 (CCC), 0 (CMC)","NA (CCC) NA (CMC)","NA (CCC), NA (CMC)",NA,NA
"FORT STANTON TRIBUTARY","MERCURY","","",13,13,2021,0,"never","0 (CCC), 0 (CMC)","NA (CCC) NA (CMC)","NA (CCC), NA (CMC)",NA,NA
"FORT STANTON TRIBUTARY","MERCURY","","",24,13,2021,0,"never","0 (CCC), 0 (CMC)","NA (CCC) NA (CMC)","NA (CCC), NA (CMC)",NA,NA
"HICKEY RUN","MERCURY","","",1,1,2017,0,"never","0 (CCC), 0 (CMC)","NA (CCC) NA (CMC)","NA (CCC), NA (CMC)",NA,NA
"HICKEY RUN","MERCURY","","",112,100,2021,100,"2021","0 (CCC), 0 (CMC)","NA (CCC) NA (CMC)","NA (CCC), NA (CMC)",NA,NA
"KINGMAN LAKE","MERCURY","","",18,12,2016,2,"2016","0 (CCC), 0 (CMC)","NA (CCC) NA (CMC)","NA (CCC), NA (CMC)",NA,NA
"KINGMAN LAKE","MERCURY","","",33,12,2016,0,"never","0 (CCC), 0 (CMC)","NA (CCC) NA (CMC)","NA (CCC), NA (CMC)",NA,NA
"KLINGLE VALLEY","MERCURY","","",NA,NA,NA,NA,NA,"NA (CCC), NA (CMC)",NA,"NA (CCC), NA (CMC)",NA,NA
"LUZON BRANCH","MERCURY","","",NA,NA,NA,NA,NA,"NA (CCC), NA (CMC)",NA,"NA (CCC), NA (CMC)",NA,NA
"MELVIN HAZEN VALLEY BRANCH","MERCURY","","",13,13,2021,0,"never","0 (CCC), 0 (CMC)","NA (CCC) NA (CMC)","NA (CCC), NA (CMC)",NA,NA
"MELVIN HAZEN VALLEY BRANCH","MERCURY","","",13,13,2021,1,"2020","0 (CCC), 0 (CMC)","NA (CCC) NA (CMC)","NA (CCC), NA (CMC)",NA,NA
"NASH RUN","MERCURY","","",NA,NA,NA,NA,NA,"NA (CCC), NA (CMC)",NA,"NA (CCC), NA (CMC)",NA,NA
"NORMANSTONE CREEK","MERCURY","","",NA,NA,NA,NA,NA,"NA (CCC), NA (CMC)",NA,"NA (CCC), NA (CMC)",NA,NA
"OXON RUN","MERCURY","","",11,NA,1995,0,"never","0 (CCC), 0 (CMC)","NA (CCC) NA (CMC)","NA (CCC), NA (CMC)",NA,NA
"PINEHURST BRANCH","MERCURY","","",NA,NA,NA,NA,NA,"NA (CCC), NA (CMC)",NA,"NA (CCC), NA (CMC)",NA,NA
"PINEY BRANCH","MERCURY","","",NA,NA,NA,NA,NA,"NA (CCC), NA (CMC)",NA,"NA (CCC), NA (CMC)",NA,NA
"POPE BRANCH","MERCURY","","",1,1,2017,0,"never","0 (CCC), 0 (CMC)","NA (CCC) NA (CMC)","NA (CCC), NA (CMC)",NA,NA
"POPE BRANCH","MERCURY","","",1,1,2017,0,"never","0 (CCC), 0 (CMC)","NA (CCC) NA (CMC)","NA (CCC), NA (CMC)",NA,NA
"PORTAL BRANCH","MERCURY","","",NA,NA,NA,NA,NA,"NA (CCC), NA (CMC)",NA,"NA (CCC), NA (CMC)",NA,NA
"POTOMAC LOWER","MERCURY","","",13,13,2021,0,"never","0 (CCC), 0 (CMC)","NA (CCC) NA (CMC)","NA (CCC), NA (CMC)",NA,NA
"POTOMAC LOWER","MERCURY","","",65,13,2021,1,"1994","0 (CCC), 0 (CMC)","NA (CCC) NA (CMC)","NA (CCC), NA (CMC)",NA,NA
"POTOMAC MIDDLE","MERCURY","","",13,13,2021,0,"never","0 (CCC), 0 (CMC)","NA (CCC) NA (CMC)","NA (CCC), NA (CMC)",NA,NA
"POTOMAC MIDDLE","MERCURY","","",39,13,2021,0,"never","0 (CCC), 0 (CMC)","NA (CCC) NA (CMC)","NA (CCC), NA (CMC)",NA,NA
"POTOMAC UPPER","MERCURY","","",13,13,2021,0,"never","0 (CCC), 0 (CMC)","NA (CCC) NA (CMC)","NA (CCC), NA (CMC)",NA,NA
"POTOMAC UPPER","MERCURY","","",26,13,2021,1,"1994","0 (CCC), 0 (CMC)","NA (CCC) NA (CMC)","NA (CCC), NA (CMC)",NA,NA
"ROCK CREEK LOWER","MERCURY","","",13,13,2021,0,"never","0 (CCC), 0 (CMC)","NA (CCC) NA (CMC)","NA (CCC), NA (CMC)",NA,NA
"ROCK CREEK LOWER","MERCURY","","",22,13,2021,1,"1991","0 (CCC), 0 (CMC)","NA (CCC) NA (CMC)","NA (CCC), NA (CMC)",NA,NA
"ROCK CREEK UPPER","MERCURY","","",1,NA,2002,1,"2002","0 (CCC), 0 (CMC)","NA (CCC) NA (CMC)","NA (CCC), NA (CMC)",NA,NA
"ROCK CREEK UPPER","MERCURY","","",113,102,2021,104,"2021","0 (CCC), 0 (CMC)","NA (CCC) NA (CMC)","NA (CCC), NA (CMC)",NA,NA
"SOAPSTONE CREEK","MERCURY","","",NA,NA,NA,NA,NA,"NA (CCC), NA (CMC)",NA,"NA (CCC), NA (CMC)",NA,NA
"TEXAS AVENUE TRIBUTARY","MERCURY","","",11,NA,1995,0,"never","0 (CCC), 0 (CMC)","NA (CCC) NA (CMC)","NA (CCC), NA (CMC)",NA,NA
"TIDAL BASIN","MERCURY","","",10,NA,1995,1,"1991","0 (CCC), 0 (CMC)","NA (CCC) NA (CMC)","NA (CCC), NA (CMC)",NA,NA
"WASHINGTON SHIP CHANNEL","MERCURY","","",16,12,2016,0,"never","0 (CCC), 0 (CMC)","NA (CCC) NA (CMC)","NA (CCC), NA (CMC)",NA,NA
"WASHINGTON SHIP CHANNEL","MERCURY","","",29,12,2016,0,"never","0 (CCC), 0 (CMC)","NA (CCC) NA (CMC)","NA (CCC), NA (CMC)",NA,NA
"WATTS BRANCH LOWER","MERCURY","","",3,3,2017,0,"never","0 (CCC), 0 (CMC)","NA (CCC) NA (CMC)","NA (CCC), NA (CMC)",NA,NA
"WATTS BRANCH LOWER","MERCURY","","",14,3,2017,1,"2017","0 (CCC), 0 (CMC)","NA (CCC) NA (CMC)","NA (CCC), NA (CMC)",NA,NA
"WATTS BRANCH UPPER","MERCURY","","",13,13,2021,0,"never","0 (CCC), 0 (CMC)","NA (CCC) NA (CMC)","NA (CCC), NA (CMC)",NA,NA
"WATTS BRANCH UPPER","MERCURY","","",137,114,2021,101,"2021","0 (CCC), 0 (CMC)","NA (CCC) NA (CMC)","NA (CCC), NA (CMC)",NA,NA
"BATTERY KEMBLE CREEK","MERCURY","","",10,NA,1995,2,"1994","0 (CCC), 0 (CMC)","NA (CCC) NA (CMC)","NA (CCC), NA (CMC)",NA,NA
"C&O CANAL","MERCURY","","",15,NA,1995,0,"never","0 (CCC), 0 (CMC)","NA (CCC) NA (CMC)","NA (CCC), NA (CMC)",NA,NA
"FORT CHAPLIN TRIBUTARY","MERCURY","","",5,NA,1995,0,"never","0 (CCC), 0 (CMC)","NA (CCC) NA (CMC)","NA (CCC), NA (CMC)",NA,NA
"FORT DAVIS TRIBUTARY","MERCURY","","",11,NA,1995,0,"never","0 (CCC), 0 (CMC)","NA (CCC) NA (CMC)","NA (CCC), NA (CMC)",NA,NA
"FOUNDRY BRANCH","MERCURY","","",7,NA,1995,1,"1991","0 (CCC), 0 (CMC)","NA (CCC) NA (CMC)","NA (CCC), NA (CMC)",NA,NA
"ANACOSTIA LOWER","PAH1","","",52,40,2021,1,"2016","0 (CCC), 0 (CMC)","NA (CCC) NA (CMC)","0 (CCC), 0 (CMC)",NA,NA
"ANACOSTIA UPPER","PAH1","","",56,37,2019,3,"2014","0 (CCC), 0 (CMC)","NA (CCC) NA (CMC)","0 (CCC), 0 (CMC)",NA,NA
"BROAD BRANCH","PAH1","","",15,13,2021,0,"never","0 (CCC), 0 (CMC)","NA (CCC) NA (CMC)","0 (CCC), 0 (CMC)",NA,NA
"DALECARLIA TRIBUTARY","PAH1","","",1,NA,2013,1,"2013","0 (CCC), 0 (CMC)","NA (CCC) NA (CMC)","0 (CCC), 0 (CMC)",NA,NA
"DUMBARTON OAKS","PAH1","","",16,13,2021,0,"never","0 (CCC), 0 (CMC)","NA (CCC) NA (CMC)","0 (CCC), 0 (CMC)",NA,NA
"FENWICK BRANCH","PAH1","","",2,NA,2013,0,"never","0 (CCC), 0 (CMC)","NA (CCC) NA (CMC)","0 (CCC), 0 (CMC)",NA,NA
"FORT DUPONT TRIBUTARY","PAH1","","",13,13,2021,0,"never","0 (CCC), 0 (CMC)","NA (CCC) NA (CMC)","0 (CCC), 0 (CMC)",NA,NA
"FORT STANTON TRIBUTARY","PAH1","","",20,16,2021,1,"2014","0 (CCC), 0 (CMC)","NA (CCC) NA (CMC)","0 (CCC), 0 (CMC)",NA,NA
"HICKEY RUN","PAH1","","",6,3,2019,2,"2014","0 (CCC), 0 (CMC)","NA (CCC) NA (CMC)","0 (CCC), 0 (CMC)",NA,NA
"KINGMAN LAKE","PAH1","","",25,15,2019,3,"2016","0 (CCC), 0 (CMC)","NA (CCC) NA (CMC)","0 (CCC), 0 (CMC)",NA,NA
"KLINGLE VALLEY","PAH1","","",1,NA,2013,0,"never","0 (CCC), 0 (CMC)","NA (CCC) NA (CMC)","0 (CCC), 0 (CMC)",NA,NA
"LUZON BRANCH","PAH1","","",2,NA,2013,0,"never","0 (CCC), 0 (CMC)","NA (CCC) NA (CMC)","0 (CCC), 0 (CMC)",NA,NA
"MELVIN HAZEN VALLEY BRANCH","PAH1","","",14,13,2021,0,"never","0 (CCC), 0 (CMC)","NA (CCC) NA (CMC)","0 (CCC), 0 (CMC)",NA,NA
"NASH RUN","PAH1","","",7,3,2019,2,"2014","0 (CCC), 0 (CMC)","NA (CCC) NA (CMC)","0 (CCC), 0 (CMC)",NA,NA
"NORMANSTONE CREEK","PAH1","","",2,NA,2013,0,"never","0 (CCC), 0 (CMC)","NA (CCC) NA (CMC)","0 (CCC), 0 (CMC)",NA,NA
"OXON RUN","PAH1","","",1,NA,2013,0,"never","0 (CCC), 0 (CMC)","NA (CCC) NA (CMC)","0 (CCC), 0 (CMC)",NA,NA
"PINEHURST BRANCH","PAH1","","",4,NA,2013,0,"never","0 (CCC), 0 (CMC)","NA (CCC) NA (CMC)","0 (CCC), 0 (CMC)",NA,NA
"PINEY BRANCH","PAH1","","",2,NA,2013,0,"never","0 (CCC), 0 (CMC)","NA (CCC) NA (CMC)","0 (CCC), 0 (CMC)",NA,NA
"POPE BRANCH","PAH1","","",7,4,2019,0,"never","0 (CCC), 0 (CMC)","NA (CCC) NA (CMC)","0 (CCC), 0 (CMC)",NA,NA
"PORTAL BRANCH","PAH1","","",2,NA,2013,0,"never","0 (CCC), 0 (CMC)","NA (CCC) NA (CMC)","0 (CCC), 0 (CMC)",NA,NA
"POTOMAC LOWER","PAH1","","",13,13,2021,0,"never","0 (CCC), 0 (CMC)","NA (CCC) NA (CMC)","0 (CCC), 0 (CMC)",NA,NA
"POTOMAC MIDDLE","PAH1","","",13,13,2021,1,"2021","0 (CCC), 0 (CMC)","NA (CCC) NA (CMC)","0 (CCC), 0 (CMC)",NA,NA
"POTOMAC UPPER","PAH1","","",13,13,2021,0,"never","0 (CCC), 0 (CMC)","NA (CCC) NA (CMC)","0 (CCC), 0 (CMC)",NA,NA
"ROCK CREEK LOWER","PAH1","","",19,13,2021,0,"never","0 (CCC), 0 (CMC)","NA (CCC) NA (CMC)","0 (CCC), 0 (CMC)",NA,NA
"ROCK CREEK UPPER","PAH1","","",11,NA,2008,1,"2008","0 (CCC), 0 (CMC)","NA (CCC) NA (CMC)","0 (CCC), 0 (CMC)",NA,NA
"SOAPSTONE CREEK","PAH1","","",2,NA,2013,0,"never","0 (CCC), 0 (CMC)","NA (CCC) NA (CMC)","0 (CCC), 0 (CMC)",NA,NA
"TEXAS AVENUE TRIBUTARY","PAH1","","",6,3,2019,1,"2014","0 (CCC), 0 (CMC)","NA (CCC) NA (CMC)","0 (CCC), 0 (CMC)",NA,NA
"TIDAL BASIN","PAH1","","",3,NA,2014,1,"2014","0 (CCC), 0 (CMC)","NA (CCC) NA (CMC)","0 (CCC), 0 (CMC)",NA,NA
"WASHINGTON SHIP CHANNEL","PAH1","","",19,12,2016,0,"never","0 (CCC), 0 (CMC)","NA (CCC) NA (CMC)","0 (CCC), 0 (CMC)",NA,NA
"WATTS BRANCH LOWER","PAH1","","",3,NA,2014,1,"2013","0 (CCC), 0 (CMC)","NA (CCC) NA (CMC)","0 (CCC), 0 (CMC)",NA,NA
"WATTS BRANCH UPPER","PAH1","","",13,13,2021,0,"never","0 (CCC), 0 (CMC)","NA (CCC) NA (CMC)","0 (CCC), 0 (CMC)",NA,NA
"BATTERY KEMBLE CREEK","PAH1","","",NA,NA,NA,NA,NA,"NA (CCC), NA (CMC)",NA,"NA (CCC), NA (CMC)",NA,NA
"C&O CANAL","PAH1","","",NA,NA,NA,NA,NA,"NA (CCC), NA (CMC)",NA,"NA (CCC), NA (CMC)",NA,NA
"FORT CHAPLIN TRIBUTARY","PAH1","","",NA,NA,NA,NA,NA,"NA (CCC), NA (CMC)",NA,"NA (CCC), NA (CMC)",NA,NA
"FORT DAVIS TRIBUTARY","PAH1","","",NA,NA,NA,NA,NA,"NA (CCC), NA (CMC)",NA,"NA (CCC), NA (CMC)",NA,NA
"FOUNDRY BRANCH","PAH1","","",NA,NA,NA,NA,NA,"NA (CCC), NA (CMC)",NA,"NA (CCC), NA (CMC)",NA,NA
"ANACOSTIA LOWER","PAH2","","",52,40,2021,16,"2016","0 (CCC), 0 (CMC)","NA (CCC) NA (CMC)","0 (CCC), 0 (CMC)","No (CCC), No (CMC)","Never (CCC), Never (CMC)"
"ANACOSTIA UPPER","PAH2","","",56,37,2019,31,"2016","0 (CCC), 0 (CMC)","NA (CCC) NA (CMC)","0 (CCC), 0 (CMC)","No (CCC), No (CMC)","Never (CCC), Never (CMC)"
"BROAD BRANCH","PAH2","","",15,13,2021,0,"never","0 (CCC), 0 (CMC)","NA (CCC) NA (CMC)","0 (CCC), 0 (CMC)",NA,NA
"DALECARLIA TRIBUTARY","PAH2","","",1,NA,2013,0,"never","0 (CCC), 0 (CMC)","NA (CCC) NA (CMC)","0 (CCC), 0 (CMC)",NA,NA
"DUMBARTON OAKS","PAH2","","",16,13,2021,1,"2020","0 (CCC), 0 (CMC)","NA (CCC) NA (CMC)","0 (CCC), 0 (CMC)",NA,NA
"FENWICK BRANCH","PAH2","","",2,NA,2013,1,"2007","0 (CCC), 0 (CMC)","NA (CCC) NA (CMC)","0 (CCC), 0 (CMC)",NA,NA
"FORT DUPONT TRIBUTARY","PAH2","","",13,13,2021,0,"never","0 (CCC), 0 (CMC)","NA (CCC) NA (CMC)","0 (CCC), 0 (CMC)",NA,NA
"FORT STANTON TRIBUTARY","PAH2","","",20,16,2021,2,"2014","0 (CCC), 0 (CMC)","NA (CCC) NA (CMC)","0 (CCC), 0 (CMC)",NA,NA
"HICKEY RUN","PAH2","","",6,3,2019,2,"2014","0 (CCC), 0 (CMC)","NA (CCC) NA (CMC)","0 (CCC), 0 (CMC)","No (CCC), No (CMC)","Never (CCC), Never (CMC)"
"KINGMAN LAKE","PAH2","","",25,15,2019,14,"2016","0 (CCC), 0 (CMC)","NA (CCC) NA (CMC)","0 (CCC), 0 (CMC)","No (CCC), No (CMC)","Never (CCC), Never (CMC)"
"KLINGLE VALLEY","PAH2","","",1,NA,2013,0,"never","0 (CCC), 0 (CMC)","NA (CCC) NA (CMC)","0 (CCC), 0 (CMC)",NA,NA
"LUZON BRANCH","PAH2","","",2,NA,2013,1,"2007","0 (CCC), 0 (CMC)","NA (CCC) NA (CMC)","0 (CCC), 0 (CMC)",NA,NA
"MELVIN HAZEN VALLEY BRANCH","PAH2","","",14,13,2021,0,"never","0 (CCC), 0 (CMC)","NA (CCC) NA (CMC)","0 (CCC), 0 (CMC)",NA,NA
"NASH RUN","PAH2","","",7,3,2019,4,"2018","0 (CCC), 0 (CMC)","NA (CCC) NA (CMC)","0 (CCC), 0 (CMC)","No (CCC), No (CMC)","Never (CCC), Never (CMC)"
"NORMANSTONE CREEK","PAH2","","",2,NA,2013,0,"never","0 (CCC), 0 (CMC)","NA (CCC) NA (CMC)","0 (CCC), 0 (CMC)",NA,NA
"OXON RUN","PAH2","","",1,NA,2013,0,"never","0 (CCC), 0 (CMC)","NA (CCC) NA (CMC)","0 (CCC), 0 (CMC)",NA,NA
"PINEHURST BRANCH","PAH2","","",4,NA,2013,0,"never","0 (CCC), 0 (CMC)","NA (CCC) NA (CMC)","0 (CCC), 0 (CMC)",NA,NA
"PINEY BRANCH","PAH2","","",2,NA,2013,0,"never","0 (CCC), 0 (CMC)","NA (CCC) NA (CMC)","0 (CCC), 0 (CMC)",NA,NA
"POPE BRANCH","PAH2","","",7,4,2019,1,"2014","0 (CCC), 0 (CMC)","NA (CCC) NA (CMC)","0 (CCC), 0 (CMC)",NA,NA
"PORTAL BRANCH","PAH2","","",2,NA,2013,0,"never","0 (CCC), 0 (CMC)","NA (CCC) NA (CMC)","0 (CCC), 0 (CMC)",NA,NA
"POTOMAC LOWER","PAH2","","",13,13,2021,0,"never","0 (CCC), 0 (CMC)","NA (CCC) NA (CMC)","0 (CCC), 0 (CMC)",NA,NA
"POTOMAC MIDDLE","PAH2","","",13,13,2021,1,"2020","0 (CCC), 0 (CMC)","NA (CCC) NA (CMC)","0 (CCC), 0 (CMC)",NA,NA
"POTOMAC UPPER","PAH2","","",13,13,2021,1,"2020","0 (CCC), 0 (CMC)","NA (CCC) NA (CMC)","0 (CCC), 0 (CMC)",NA,NA
"ROCK CREEK LOWER","PAH2","","",19,13,2021,7,"2020","0 (CCC), 0 (CMC)","NA (CCC) NA (CMC)","0 (CCC), 0 (CMC)",NA,NA
"ROCK CREEK UPPER","PAH2","","",11,NA,2008,9,"2008","0 (CCC), 0 (CMC)","NA (CCC) NA (CMC)","0 (CCC), 0 (CMC)",NA,NA
"SOAPSTONE CREEK","PAH2","","",2,NA,2013,0,"never","0 (CCC), 0 (CMC)","NA (CCC) NA (CMC)","0 (CCC), 0 (CMC)",NA,NA
"TEXAS AVENUE TRIBUTARY","PAH2","","",6,3,2019,1,"2014","0 (CCC), 0 (CMC)","NA (CCC) NA (CMC)","0 (CCC), 0 (CMC)",NA,NA
"TIDAL BASIN","PAH2","","",3,NA,2014,0,"never","0 (CCC), 0 (CMC)","NA (CCC) NA (CMC)","0 (CCC), 0 (CMC)",NA,NA
"WASHINGTON SHIP CHANNEL","PAH2","","",19,12,2016,4,"2016","0 (CCC), 0 (CMC)","NA (CCC) NA (CMC)","0 (CCC), 0 (CMC)","No (CCC), No (CMC)","Never (CCC), Never (CMC)"
"WATTS BRANCH LOWER","PAH2","","",3,NA,2014,1,"2013","0 (CCC), 0 (CMC)","NA (CCC) NA (CMC)","0 (CCC), 0 (CMC)",NA,NA
"WATTS BRANCH UPPER","PAH2","","",13,13,2021,0,"never","0 (CCC), 0 (CMC)","NA (CCC) NA (CMC)","0 (CCC), 0 (CMC)",NA,NA
"BATTERY KEMBLE CREEK","PAH2","","",NA,NA,NA,NA,NA,"NA (CCC), NA (CMC)",NA,"NA (CCC), NA (CMC)",NA,NA
"C&O CANAL","PAH2","","",NA,NA,NA,NA,NA,"NA (CCC), NA (CMC)",NA,"NA (CCC), NA (CMC)",NA,NA
"FORT CHAPLIN TRIBUTARY","PAH2","","",NA,NA,NA,NA,NA,"NA (CCC), NA (CMC)",NA,"NA (CCC), NA (CMC)",NA,NA
"FORT DAVIS TRIBUTARY","PAH2","","",NA,NA,NA,NA,NA,"NA (CCC), NA (CMC)",NA,"NA (CCC), NA (CMC)",NA,NA
"FOUNDRY BRANCH","PAH2","","",NA,NA,NA,NA,NA,"NA (CCC), NA (CMC)",NA,"NA (CCC), NA (CMC)",NA,NA
"ANACOSTIA LOWER","PAH3","","",52,40,2021,2,"2016","0 (CCC), 0 (CMC)","NA (CCC) NA (CMC)","0 (CCC), 0 (CMC)","No (CCC), No (CMC)","Never (CCC), Never (CMC)"
"ANACOSTIA UPPER","PAH3","","",56,37,2019,5,"2016","0 (CCC), 0 (CMC)","NA (CCC) NA (CMC)","0 (CCC), 0 (CMC)","No (CCC), No (CMC)","Never (CCC), Never (CMC)"
"BROAD BRANCH","PAH3","","",15,13,2021,1,"2020","0 (CCC), 0 (CMC)","NA (CCC) NA (CMC)","0 (CCC), 0 (CMC)",NA,NA
"DALECARLIA TRIBUTARY","PAH3","","",1,NA,2013,0,"never","0 (CCC), 0 (CMC)","NA (CCC) NA (CMC)","0 (CCC), 0 (CMC)",NA,NA
"DUMBARTON OAKS","PAH3","","",16,13,2021,0,"never","0 (CCC), 0 (CMC)","NA (CCC) NA (CMC)","0 (CCC), 0 (CMC)",NA,NA
"FENWICK BRANCH","PAH3","","",2,NA,2013,0,"never","0 (CCC), 0 (CMC)","NA (CCC) NA (CMC)","0 (CCC), 0 (CMC)",NA,NA
"FORT DUPONT TRIBUTARY","PAH3","","",13,13,2021,0,"never","0 (CCC), 0 (CMC)","NA (CCC) NA (CMC)","0 (CCC), 0 (CMC)",NA,NA
"FORT STANTON TRIBUTARY","PAH3","","",20,16,2021,0,"never","0 (CCC), 0 (CMC)","NA (CCC) NA (CMC)","0 (CCC), 0 (CMC)",NA,NA
"HICKEY RUN","PAH3","","",6,3,2019,0,"never","0 (CCC), 0 (CMC)","NA (CCC) NA (CMC)","0 (CCC), 0 (CMC)",NA,NA
"KINGMAN LAKE","PAH3","","",25,15,2019,2,"2016","0 (CCC), 0 (CMC)","NA (CCC) NA (CMC)","0 (CCC), 0 (CMC)","No (CCC), No (CMC)","Never (CCC), Never (CMC)"
"KLINGLE VALLEY","PAH3","","",1,NA,2013,0,"never","0 (CCC), 0 (CMC)","NA (CCC) NA (CMC)","0 (CCC), 0 (CMC)",NA,NA
"LUZON BRANCH","PAH3","","",2,NA,2013,0,"never","0 (CCC), 0 (CMC)","NA (CCC) NA (CMC)","0 (CCC), 0 (CMC)",NA,NA
"MELVIN HAZEN VALLEY BRANCH","PAH3","","",14,13,2021,0,"never","0 (CCC), 0 (CMC)","NA (CCC) NA (CMC)","0 (CCC), 0 (CMC)",NA,NA
"NASH RUN","PAH3","","",7,3,2019,2,"2018","0 (CCC), 0 (CMC)","NA (CCC) NA (CMC)","0 (CCC), 0 (CMC)",NA,NA
"NORMANSTONE CREEK","PAH3","","",2,NA,2013,0,"never","0 (CCC), 0 (CMC)","NA (CCC) NA (CMC)","0 (CCC), 0 (CMC)",NA,NA
"OXON RUN","PAH3","","",1,NA,2013,0,"never","0 (CCC), 0 (CMC)","NA (CCC) NA (CMC)","0 (CCC), 0 (CMC)",NA,NA
"PINEHURST BRANCH","PAH3","","",4,NA,2013,0,"never","0 (CCC), 0 (CMC)","NA (CCC) NA (CMC)","0 (CCC), 0 (CMC)",NA,NA
"PINEY BRANCH","PAH3","","",2,NA,2013,0,"never","0 (CCC), 0 (CMC)","NA (CCC) NA (CMC)","0 (CCC), 0 (CMC)",NA,NA
"POPE BRANCH","PAH3","","",7,4,2019,1,"2014","0 (CCC), 0 (CMC)","NA (CCC) NA (CMC)","0 (CCC), 0 (CMC)",NA,NA
"PORTAL BRANCH","PAH3","","",2,NA,2013,0,"never","0 (CCC), 0 (CMC)","NA (CCC) NA (CMC)","0 (CCC), 0 (CMC)",NA,NA
"POTOMAC LOWER","PAH3","","",13,13,2021,0,"never","0 (CCC), 0 (CMC)","NA (CCC) NA (CMC)","0 (CCC), 0 (CMC)",NA,NA
"POTOMAC MIDDLE","PAH3","","",13,13,2021,1,"2020","0 (CCC), 0 (CMC)","NA (CCC) NA (CMC)","0 (CCC), 0 (CMC)",NA,NA
"POTOMAC UPPER","PAH3","","",13,13,2021,1,"2020","0 (CCC), 0 (CMC)","NA (CCC) NA (CMC)","0 (CCC), 0 (CMC)",NA,NA
"ROCK CREEK LOWER","PAH3","","",19,13,2021,1,"2020","0 (CCC), 0 (CMC)","NA (CCC) NA (CMC)","0 (CCC), 0 (CMC)",NA,NA
"ROCK CREEK UPPER","PAH3","","",11,NA,2008,3,"2008","0 (CCC), 0 (CMC)","NA (CCC) NA (CMC)","0 (CCC), 0 (CMC)","No (CCC), No (CMC)","Never (CCC), Never (CMC)"
"SOAPSTONE CREEK","PAH3","","",2,NA,2013,0,"never","0 (CCC), 0 (CMC)","NA (CCC) NA (CMC)","0 (CCC), 0 (CMC)",NA,NA
"TEXAS AVENUE TRIBUTARY","PAH3","","",6,3,2019,1,"2014","0 (CCC), 0 (CMC)","NA (CCC) NA (CMC)","0 (CCC), 0 (CMC)",NA,NA
"TIDAL BASIN","PAH3","","",3,NA,2014,0,"never","0 (CCC), 0 (CMC)","NA (CCC) NA (CMC)","0 (CCC), 0 (CMC)",NA,NA
"WASHINGTON SHIP CHANNEL","PAH3","","",19,12,2016,2,"2016","0 (CCC), 0 (CMC)","NA (CCC) NA (CMC)","0 (CCC), 0 (CMC)","No (CCC), No (CMC)","Never (CCC), Never (CMC)"
"WATTS BRANCH LOWER","PAH3","","",3,NA,2014,0,"never","0 (CCC), 0 (CMC)","NA (CCC) NA (CMC)","0 (CCC), 0 (CMC)",NA,NA
"WATTS BRANCH UPPER","PAH3","","",13,13,2021,0,"never","0 (CCC), 0 (CMC)","NA (CCC) NA (CMC)","0 (CCC), 0 (CMC)",NA,NA
"BATTERY KEMBLE CREEK","PAH3","","",NA,NA,NA,NA,NA,"NA (CCC), NA (CMC)",NA,"NA (CCC), NA (CMC)",NA,NA
"C&O CANAL","PAH3","","",NA,NA,NA,NA,NA,"NA (CCC), NA (CMC)",NA,"NA (CCC), NA (CMC)",NA,NA
"FORT CHAPLIN TRIBUTARY","PAH3","","",NA,NA,NA,NA,NA,"NA (CCC), NA (CMC)",NA,"NA (CCC), NA (CMC)",NA,NA
"FORT DAVIS TRIBUTARY","PAH3","","",NA,NA,NA,NA,NA,"NA (CCC), NA (CMC)",NA,"NA (CCC), NA (CMC)",NA,NA
"FOUNDRY BRANCH","PAH3","","",NA,NA,NA,NA,NA,"NA (CCC), NA (CMC)",NA,"NA (CCC), NA (CMC)",NA,NA
"ANACOSTIA LOWER","PCB_TOTAL","","",41,29,2021,NA,"2021","0 (CCC), 0 (CMC)","NA (CCC) NA (CMC)","NA (CCC), NA (CMC)","No (CCC), No (CMC)","Never (CCC), Never (CMC)"
"ANACOSTIA UPPER","PCB_TOTAL","","",30,18,2016,NA,"never","2 (CCC), 0 (CMC)","2014 (CCC) NA (CMC)","24 (CCC), NA (CMC)","Yes (CCC), No (CMC)","2014 - 2017 (CCC), Never (CMC)"
"BROAD BRANCH","PCB_TOTAL","","",6,5,2021,NA,"2021","0 (CCC), 0 (CMC)","NA (CCC) NA (CMC)","NA (CCC), NA (CMC)","No (CCC), No (CMC)","Never (CCC), Never (CMC)"
"DALECARLIA TRIBUTARY","PCB_TOTAL","","",1,NA,2013,NA,"never","0 (CCC), 0 (CMC)","NA (CCC) NA (CMC)","NA (CCC), NA (CMC)",NA,NA
"DUMBARTON OAKS","PCB_TOTAL","","",7,5,2021,NA,"2021","1 (CCC), 0 (CMC)","2020 (CCC) NA (CMC)","4 (CCC), NA (CMC)","No (CCC), No (CMC)","Never (CCC), Never (CMC)"
"FENWICK BRANCH","PCB_TOTAL","","",1,NA,2013,NA,"never","0 (CCC), 0 (CMC)","NA (CCC) NA (CMC)","NA (CCC), NA (CMC)",NA,NA
"FORT DUPONT TRIBUTARY","PCB_TOTAL","","",5,5,2021,5,"2021","0 (CCC), 0 (CMC)","NA (CCC) NA (CMC)","NA (CCC), NA (CMC)","No (CCC), No (CMC)","Never (CCC), Never (CMC)"
"FORT STANTON TRIBUTARY","PCB_TOTAL","","",9,5,2021,NA,"2021","0 (CCC), 0 (CMC)","NA (CCC) NA (CMC)","NA (CCC), NA (CMC)","No (CCC), No (CMC)","Never (CCC), Never (CMC)"
"HICKEY RUN","PCB_TOTAL","","",3,NA,2014,NA,"never","0 (CCC), 0 (CMC)","NA (CCC) NA (CMC)","NA (CCC), NA (CMC)","No (CCC), No (CMC)","Never (CCC), Never (CMC)"
"KINGMAN LAKE","PCB_TOTAL","","",18,12,2016,NA,"never","0 (CCC), 0 (CMC)","NA (CCC) NA (CMC)","NA (CCC), NA (CMC)","No (CCC), No (CMC)","Never (CCC), Never (CMC)"
"KLINGLE VALLEY","PCB_TOTAL","","",1,NA,2013,NA,"never","0 (CCC), 0 (CMC)","NA (CCC) NA (CMC)","NA (CCC), NA (CMC)",NA,NA
"LUZON BRANCH","PCB_TOTAL","","",1,NA,2013,NA,"never","0 (CCC), 0 (CMC)","NA (CCC) NA (CMC)","NA (CCC), NA (CMC)",NA,NA
"MELVIN HAZEN VALLEY BRANCH","PCB_TOTAL","","",6,5,2021,NA,"2021","0 (CCC), 0 (CMC)","NA (CCC) NA (CMC)","NA (CCC), NA (CMC)","No (CCC), No (CMC)","Never (CCC), Never (CMC)"
"NASH RUN","PCB_TOTAL","","",4,NA,2014,NA,"never","0 (CCC), 0 (CMC)","NA (CCC) NA (CMC)","NA (CCC), NA (CMC)","No (CCC), No (CMC)","Never (CCC), Never (CMC)"
"NORMANSTONE CREEK","PCB_TOTAL","","",1,NA,2013,NA,"never","0 (CCC), 0 (CMC)","NA (CCC) NA (CMC)","NA (CCC), NA (CMC)",NA,NA
"OXON RUN","PCB_TOTAL","","",NA,NA,NA,NA,NA,"NA (CCC), NA (CMC)",NA,"NA (CCC), NA (CMC)",NA,NA
"PINEHURST BRANCH","PCB_TOTAL","","",1,NA,2013,NA,"never","0 (CCC), 0 (CMC)","NA (CCC) NA (CMC)","NA (CCC), NA (CMC)",NA,NA
"PINEY BRANCH","PCB_TOTAL","","",1,NA,2013,NA,"never","0 (CCC), 0 (CMC)","NA (CCC) NA (CMC)","NA (CCC), NA (CMC)",NA,NA
"POPE BRANCH","PCB_TOTAL","","",3,NA,2014,NA,"never","0 (CCC), 0 (CMC)","NA (CCC) NA (CMC)","NA (CCC), NA (CMC)","No (CCC), No (CMC)","Never (CCC), Never (CMC)"
"PORTAL BRANCH","PCB_TOTAL","","",2,NA,2013,NA,"never","0 (CCC), 0 (CMC)","NA (CCC) NA (CMC)","NA (CCC), NA (CMC)","No (CCC), No (CMC)","Never (CCC), Never (CMC)"
"POTOMAC LOWER","PCB_TOTAL","","",5,5,2021,5,"2021","0 (CCC), 0 (CMC)","NA (CCC) NA (CMC)","NA (CCC), NA (CMC)","No (CCC), No (CMC)","Never (CCC), Never (CMC)"
"POTOMAC MIDDLE","PCB_TOTAL","","",5,5,2021,5,"2021","0 (CCC), 0 (CMC)","NA (CCC) NA (CMC)","NA (CCC), NA (CMC)","No (CCC), No (CMC)","Never (CCC), Never (CMC)"
"POTOMAC UPPER","PCB_TOTAL","","",5,5,2021,5,"2021","0 (CCC), 0 (CMC)","NA (CCC) NA (CMC)","NA (CCC), NA (CMC)","No (CCC), No (CMC)","Never (CCC), Never (CMC)"
"ROCK CREEK LOWER","PCB_TOTAL","","",5,5,2021,5,"2021","0 (CCC), 0 (CMC)","NA (CCC) NA (CMC)","NA (CCC), NA (CMC)","No (CCC), No (CMC)","Never (CCC), Never (CMC)"
"ROCK CREEK UPPER","PCB_TOTAL","","",NA,NA,NA,NA,NA,"NA (CCC), NA (CMC)",NA,"NA (CCC), NA (CMC)",NA,NA
"SOAPSTONE CREEK","PCB_TOTAL","","",1,NA,2013,NA,"never","0 (CCC), 0 (CMC)","NA (CCC) NA (CMC)","NA (CCC), NA (CMC)",NA,NA
"TEXAS AVENUE TRIBUTARY","PCB_TOTAL","","",3,NA,2014,NA,"never","0 (CCC), 0 (CMC)","NA (CCC) NA (CMC)","NA (CCC), NA (CMC)","No (CCC), No (CMC)","Never (CCC), Never (CMC)"
"TIDAL BASIN","PCB_TOTAL","","",NA,NA,NA,NA,NA,"NA (CCC), NA (CMC)",NA,"NA (CCC), NA (CMC)",NA,NA
"WASHINGTON SHIP CHANNEL","PCB_TOTAL","","",16,12,2016,NA,"never","0 (CCC), 0 (CMC)","NA (CCC) NA (CMC)","NA (CCC), NA (CMC)","No (CCC), No (CMC)","Never (CCC), Never (CMC)"
"WATTS BRANCH LOWER","PCB_TOTAL","","",3,NA,2014,NA,"never","0 (CCC), 0 (CMC)","NA (CCC) NA (CMC)","NA (CCC), NA (CMC)","No (CCC), No (CMC)","Never (CCC), Never (CMC)"
"WATTS BRANCH UPPER","PCB_TOTAL","","",5,5,2021,5,"2021","0 (CCC), 0 (CMC)","NA (CCC) NA (CMC)","NA (CCC), NA (CMC)","No (CCC), No (CMC)","Never (CCC), Never (CMC)"
"BATTERY KEMBLE CREEK","PCB_TOTAL","","",NA,NA,NA,NA,NA,"NA (CCC), NA (CMC)",NA,"NA (CCC), NA (CMC)",NA,NA
"C&O CANAL","PCB_TOTAL","","",NA,NA,NA,NA,NA,"NA (CCC), NA (CMC)",NA,"NA (CCC), NA (CMC)",NA,NA
"FORT CHAPLIN TRIBUTARY","PCB_TOTAL","","",NA,NA,NA,NA,NA,"NA (CCC), NA (CMC)",NA,"NA (CCC), NA (CMC)",NA,NA
"FORT DAVIS TRIBUTARY","PCB_TOTAL","","",NA,NA,NA,NA,NA,"NA (CCC), NA (CMC)",NA,"NA (CCC), NA (CMC)",NA,NA
"FOUNDRY BRANCH","PCB_TOTAL","","",NA,NA,NA,NA,NA,"NA (CCC), NA (CMC)",NA,"NA (CCC), NA (CMC)",NA,NA
"ANACOSTIA LOWER","ZINC","","",52,40,2021,42,"2021","0 (CCC), 0 (CMC)","NA (CCC) NA (CMC)","NA (CCC), NA (CMC)",NA,NA
"ANACOSTIA LOWER","ZINC","","",79,40,2021,56,"2021","0 (CCC), 0 (CMC)","NA (CCC) NA (CMC)","NA (CCC), NA (CMC)",NA,NA
"ANACOSTIA UPPER","ZINC","","",56,37,2019,51,"2019","0 (CCC), 0 (CMC)","NA (CCC) NA (CMC)","NA (CCC), NA (CMC)",NA,NA
"ANACOSTIA UPPER","ZINC","","",123,37,2019,89,"2019","0 (CCC), 0 (CMC)","NA (CCC) NA (CMC)","NA (CCC), NA (CMC)",NA,NA
"BROAD BRANCH","ZINC","","",13,13,2021,4,"2021","0 (CCC), 0 (CMC)","NA (CCC) NA (CMC)","NA (CCC), NA (CMC)",NA,NA
"BROAD BRANCH","ZINC","","",23,13,2021,4,"2020","0 (CCC), 0 (CMC)","NA (CCC) NA (CMC)","NA (CCC), NA (CMC)",NA,NA
"DALECARLIA TRIBUTARY","ZINC","","",24,NA,2002,7,"2001","0 (CCC), 0 (CMC)","NA (CCC) NA (CMC)","NA (CCC), NA (CMC)",NA,NA
"DUMBARTON OAKS","ZINC","","",13,13,2021,10,"2021","0 (CCC), 0 (CMC)","NA (CCC) NA (CMC)","NA (CCC), NA (CMC)",NA,NA
"DUMBARTON OAKS","ZINC","","",24,13,2021,12,"2021","0 (CCC), 0 (CMC)","NA (CCC) NA (CMC)","NA (CCC), NA (CMC)",NA,NA
"FENWICK BRANCH","ZINC","","",11,NA,2002,2,"2001","0 (CCC), 0 (CMC)","NA (CCC) NA (CMC)","NA (CCC), NA (CMC)",NA,NA
"FORT DUPONT TRIBUTARY","ZINC","","",19,16,2021,18,"2021","0 (CCC), 0 (CMC)","NA (CCC) NA (CMC)","NA (CCC), NA (CMC)",NA,NA
"FORT DUPONT TRIBUTARY","ZINC","","",31,16,2021,26,"2021","0 (CCC), 0 (CMC)","NA (CCC) NA (CMC)","NA (CCC), NA (CMC)",NA,NA
"FORT STANTON TRIBUTARY","ZINC","","",20,16,2021,16,"2021","0 (CCC), 0 (CMC)","NA (CCC) NA (CMC)","NA (CCC), NA (CMC)",NA,NA
"FORT STANTON TRIBUTARY","ZINC","","",43,16,2021,32,"2021","0 (CCC), 0 (CMC)","NA (CCC) NA (CMC)","NA (CCC), NA (CMC)",NA,NA
"HICKEY RUN","ZINC","","",150,102,2021,136,"2021","0 (CCC), 0 (CMC)","NA (CCC) NA (CMC)","NA (CCC), NA (CMC)",NA,NA
"HICKEY RUN","ZINC","","",28,1,2017,20,"2017","0 (CCC), 0 (CMC)","NA (CCC) NA (CMC)","NA (CCC), NA (CMC)",NA,NA
"KINGMAN LAKE","ZINC","","",25,15,2019,25,"2019","1 (CCC), 1 (CMC)","2018 (CCC) 2018 (CMC)","1 (CCC), 1 (CMC)",NA,NA
"KINGMAN LAKE","ZINC","","",65,15,2019,55,"2019","0 (CCC), 0 (CMC)","NA (CCC) NA (CMC)","NA (CCC), NA (CMC)",NA,NA
"KLINGLE VALLEY","ZINC","","",9,NA,2002,0,"never","0 (CCC), 0 (CMC)","NA (CCC) NA (CMC)","NA (CCC), NA (CMC)",NA,NA
"LUZON BRANCH","ZINC","","",8,NA,2002,3,"2002","0 (CCC), 0 (CMC)","NA (CCC) NA (CMC)","NA (CCC), NA (CMC)",NA,NA
"MELVIN HAZEN VALLEY BRANCH","ZINC","","",13,13,2021,3,"2021","0 (CCC), 0 (CMC)","NA (CCC) NA (CMC)","NA (CCC), NA (CMC)",NA,NA
"MELVIN HAZEN VALLEY BRANCH","ZINC","","",23,13,2021,7,"2021","0 (CCC), 0 (CMC)","NA (CCC) NA (CMC)","NA (CCC), NA (CMC)",NA,NA
"NASH RUN","ZINC","","",7,3,2019,6,"2019","0 (CCC), 0 (CMC)","NA (CCC) NA (CMC)","NA (CCC), NA (CMC)",NA,NA
"NASH RUN","ZINC","","",16,3,2019,15,"2019","0 (CCC), 0 (CMC)","NA (CCC) NA (CMC)","NA (CCC), NA (CMC)",NA,NA
"NORMANSTONE CREEK","ZINC","","",10,NA,2002,0,"never","0 (CCC), 0 (CMC)","NA (CCC) NA (CMC)","NA (CCC), NA (CMC)",NA,NA
"OXON RUN","ZINC","","",1,NA,2013,1,"2013","0 (CCC), 0 (CMC)","NA (CCC) NA (CMC)","NA (CCC), NA (CMC)",NA,NA
"OXON RUN","ZINC","","",21,NA,2013,14,"2013","0 (CCC), 0 (CMC)","NA (CCC) NA (CMC)","NA (CCC), NA (CMC)",NA,NA
"PINEHURST BRANCH","ZINC","","",10,NA,2002,1,"2001","0 (CCC), 0 (CMC)","NA (CCC) NA (CMC)","NA (CCC), NA (CMC)",NA,NA
"PINEY BRANCH","ZINC","","",1,NA,2013,1,"2013","0 (CCC), 0 (CMC)","NA (CCC) NA (CMC)","NA (CCC), NA (CMC)",NA,NA
"PINEY BRANCH","ZINC","","",11,NA,2013,2,"2013","0 (CCC), 0 (CMC)","NA (CCC) NA (CMC)","NA (CCC), NA (CMC)",NA,NA
"POPE BRANCH","ZINC","","",1,1,2017,1,"2017","0 (CCC), 0 (CMC)","NA (CCC) NA (CMC)","NA (CCC), NA (CMC)",NA,NA
"POPE BRANCH","ZINC","","",8,1,2017,3,"2017","0 (CCC), 0 (CMC)","NA (CCC) NA (CMC)","NA (CCC), NA (CMC)",NA,NA
"PORTAL BRANCH","ZINC","","",10,NA,2002,6,"2002","0 (CCC), 0 (CMC)","NA (CCC) NA (CMC)","NA (CCC), NA (CMC)",NA,NA
"POTOMAC LOWER","ZINC","","",13,13,2021,1,"2020","0 (CCC), 0 (CMC)","NA (CCC) NA (CMC)","NA (CCC), NA (CMC)",NA,NA
"POTOMAC LOWER","ZINC","","",108,13,2021,33,"2021","0 (CCC), 0 (CMC)","NA (CCC) NA (CMC)","NA (CCC), NA (CMC)",NA,NA
"POTOMAC MIDDLE","ZINC","","",13,13,2021,1,"2021","0 (CCC), 0 (CMC)","NA (CCC) NA (CMC)","NA (CCC), NA (CMC)",NA,NA
"POTOMAC MIDDLE","ZINC","","",53,13,2021,15,"2020","0 (CCC), 0 (CMC)","NA (CCC) NA (CMC)","NA (CCC), NA (CMC)",NA,NA
"POTOMAC UPPER","ZINC","","",13,13,2021,2,"2021","0 (CCC), 0 (CMC)","NA (CCC) NA (CMC)","NA (CCC), NA (CMC)",NA,NA
"POTOMAC UPPER","ZINC","","",30,13,2021,11,"2021","0 (CCC), 0 (CMC)","NA (CCC) NA (CMC)","NA (CCC), NA (CMC)",NA,NA
"ROCK CREEK LOWER","ZINC","","",13,13,2021,2,"2020","0 (CCC), 0 (CMC)","NA (CCC) NA (CMC)","NA (CCC), NA (CMC)",NA,NA
"ROCK CREEK LOWER","ZINC","","",43,13,2021,22,"2021","0 (CCC), 0 (CMC)","NA (CCC) NA (CMC)","NA (CCC), NA (CMC)",NA,NA
"ROCK CREEK UPPER","ZINC","","",155,107,2021,71,"2021","0 (CCC), 0 (CMC)","NA (CCC) NA (CMC)","NA (CCC), NA (CMC)",NA,NA
"ROCK CREEK UPPER","ZINC","","",32,NA,2002,9,"2000","0 (CCC), 0 (CMC)","NA (CCC) NA (CMC)","NA (CCC), NA (CMC)",NA,NA
"SOAPSTONE CREEK","ZINC","","",10,NA,2002,1,"2001","0 (CCC), 0 (CMC)","NA (CCC) NA (CMC)","NA (CCC), NA (CMC)",NA,NA
"TEXAS AVENUE TRIBUTARY","ZINC","","",6,3,2019,5,"2019","0 (CCC), 0 (CMC)","NA (CCC) NA (CMC)","NA (CCC), NA (CMC)",NA,NA
"TEXAS AVENUE TRIBUTARY","ZINC","","",27,3,2019,26,"2019","0 (CCC), 0 (CMC)","NA (CCC) NA (CMC)","NA (CCC), NA (CMC)",NA,NA
"TIDAL BASIN","ZINC","","",33,NA,2002,13,"2000","0 (CCC), 0 (CMC)","NA (CCC) NA (CMC)","NA (CCC), NA (CMC)",NA,NA
"WASHINGTON SHIP CHANNEL","ZINC","","",16,12,2016,16,"2016","0 (CCC), 0 (CMC)","NA (CCC) NA (CMC)","NA (CCC), NA (CMC)",NA,NA
"WASHINGTON SHIP CHANNEL","ZINC","","",42,12,2016,19,"2016","0 (CCC), 0 (CMC)","NA (CCC) NA (CMC)","NA (CCC), NA (CMC)",NA,NA
"WATTS BRANCH LOWER","ZINC","","",3,3,2017,3,"2017","0 (CCC), 0 (CMC)","NA (CCC) NA (CMC)","NA (CCC), NA (CMC)",NA,NA
"WATTS BRANCH LOWER","ZINC","","",26,3,2017,17,"2017","0 (CCC), 0 (CMC)","NA (CCC) NA (CMC)","NA (CCC), NA (CMC)",NA,NA
"WATTS BRANCH UPPER","ZINC","","",159,113,2021,140,"2021","0 (CCC), 0 (CMC)","NA (CCC) NA (CMC)","NA (CCC), NA (CMC)",NA,NA
"WATTS BRANCH UPPER","ZINC","","",63,13,2021,46,"2021","0 (CCC), 0 (CMC)","NA (CCC) NA (CMC)","NA (CCC), NA (CMC)",NA,NA
"BATTERY KEMBLE CREEK","ZINC","","",1,NA,2013,1,"2013","0 (CCC), 0 (CMC)","NA (CCC) NA (CMC)","NA (CCC), NA (CMC)",NA,NA
"BATTERY KEMBLE CREEK","ZINC","","",27,NA,2013,9,"2013","0 (CCC), 0 (CMC)","NA (CCC) NA (CMC)","NA (CCC), NA (CMC)",NA,NA
"C&O CANAL","ZINC","","",46,NA,2002,13,"1995","0 (CCC), 0 (CMC)","NA (CCC) NA (CMC)","NA (CCC), NA (CMC)",NA,NA
"FORT CHAPLIN TRIBUTARY","ZINC","","",6,3,2019,6,"2019","0 (CCC), 0 (CMC)","NA (CCC) NA (CMC)","NA (CCC), NA (CMC)",NA,NA
"FORT CHAPLIN TRIBUTARY","ZINC","","",27,3,2019,20,"2019","0 (CCC), 0 (CMC)","NA (CCC) NA (CMC)","NA (CCC), NA (CMC)",NA,NA
"FORT DAVIS TRIBUTARY","ZINC","","",6,3,2019,6,"2019","0 (CCC), 0 (CMC)","NA (CCC) NA (CMC)","NA (CCC), NA (CMC)",NA,NA
"FORT DAVIS TRIBUTARY","ZINC","","",30,3,2019,27,"2019","0 (CCC), 0 (CMC)","NA (CCC) NA (CMC)","NA (CCC), NA (CMC)",NA,NA
"FOUNDRY BRANCH","ZINC","","",2,NA,2013,2,"2013","0 (CCC), 0 (CMC)","NA (CCC) NA (CMC)","NA (CCC), NA (CMC)",NA,NA
"FOUNDRY BRANCH","ZINC","","",10,NA,2013,10,"2013","0 (CCC), 0 (CMC)","NA (CCC) NA (CMC)","NA (CCC), NA (CMC)",NA,NA
"ANACOSTIA LOWER","LEAD","","",49,37,2021,38,"2021","0 (CCC), 0 (CMC)","NA (CCC) NA (CMC)","NA (CCC), NA (CMC)",NA,NA
"ANACOSTIA LOWER","LEAD","","",49,37,2021,49,"2021","0 (CCC), 0 (CMC)","NA (CCC) NA (CMC)","NA (CCC), NA (CMC)",NA,NA
"ANACOSTIA UPPER","LEAD","","",37,18,2016,31,"2016","0 (CCC), 0 (CMC)","NA (CCC) NA (CMC)","NA (CCC), NA (CMC)",NA,NA
"ANACOSTIA UPPER","LEAD","","",37,18,2016,37,"2016","0 (CCC), 0 (CMC)","NA (CCC) NA (CMC)","NA (CCC), NA (CMC)",NA,NA
"BROAD BRANCH","LEAD","","",13,13,2021,6,"2021","0 (CCC), 0 (CMC)","NA (CCC) NA (CMC)","NA (CCC), NA (CMC)",NA,NA
"BROAD BRANCH","LEAD","","",13,13,2021,7,"2021","0 (CCC), 0 (CMC)","NA (CCC) NA (CMC)","NA (CCC), NA (CMC)",NA,NA
"DALECARLIA TRIBUTARY","LEAD","","",NA,NA,NA,NA,NA,"NA (CCC), NA (CMC)",NA,"NA (CCC), NA (CMC)",NA,NA
"DUMBARTON OAKS","LEAD","","",13,13,2021,4,"2021","1 (CCC), 0 (CMC)","2020 (CCC) NA (CMC)","10 (CCC), NA (CMC)",NA,NA
"DUMBARTON OAKS","LEAD","","",13,13,2021,10,"2021","0 (CCC), 0 (CMC)","NA (CCC) NA (CMC)","NA (CCC), NA (CMC)",NA,NA
"FENWICK BRANCH","LEAD","","",NA,NA,NA,NA,NA,"NA (CCC), NA (CMC)",NA,"NA (CCC), NA (CMC)",NA,NA
"FORT DUPONT TRIBUTARY","LEAD","","",16,13,2021,7,"2020","0 (CCC), 0 (CMC)","NA (CCC) NA (CMC)","NA (CCC), NA (CMC)",NA,NA
"FORT DUPONT TRIBUTARY","LEAD","","",16,13,2021,16,"2021","0 (CCC), 0 (CMC)","NA (CCC) NA (CMC)","NA (CCC), NA (CMC)",NA,NA
"FORT STANTON TRIBUTARY","LEAD","","",17,13,2021,9,"2021","0 (CCC), 0 (CMC)","NA (CCC) NA (CMC)","NA (CCC), NA (CMC)",NA,NA
"FORT STANTON TRIBUTARY","LEAD","","",17,13,2021,13,"2021","0 (CCC), 0 (CMC)","NA (CCC) NA (CMC)","NA (CCC), NA (CMC)",NA,NA
"HICKEY RUN","LEAD","","",150,102,2021,145,"2021","0 (CCC), 0 (CMC)","NA (CCC) NA (CMC)","NA (CCC), NA (CMC)",NA,NA
"HICKEY RUN","LEAD","","",1,1,2017,1,"2017","0 (CCC), 0 (CMC)","NA (CCC) NA (CMC)","NA (CCC), NA (CMC)",NA,NA
"KINGMAN LAKE","LEAD","","",22,12,2016,18,"2016","0 (CCC), 0 (CMC)","NA (CCC) NA (CMC)","NA (CCC), NA (CMC)",NA,NA
"KINGMAN LAKE","LEAD","","",22,12,2016,22,"2016","0 (CCC), 0 (CMC)","NA (CCC) NA (CMC)","NA (CCC), NA (CMC)",NA,NA
"KLINGLE VALLEY","LEAD","","",NA,NA,NA,NA,NA,"NA (CCC), NA (CMC)",NA,"NA (CCC), NA (CMC)",NA,NA
"LUZON BRANCH","LEAD","","",NA,NA,NA,NA,NA,"NA (CCC), NA (CMC)",NA,"NA (CCC), NA (CMC)",NA,NA
"MELVIN HAZEN VALLEY BRANCH","LEAD","","",13,13,2021,4,"2021","0 (CCC), 0 (CMC)","NA (CCC) NA (CMC)","NA (CCC), NA (CMC)",NA,NA
"MELVIN HAZEN VALLEY BRANCH","LEAD","","",13,13,2021,10,"2021","0 (CCC), 0 (CMC)","NA (CCC) NA (CMC)","NA (CCC), NA (CMC)",NA,NA
"NASH RUN","LEAD","","",4,NA,2014,4,"2014","0 (CCC), 0 (CMC)","NA (CCC) NA (CMC)","NA (CCC), NA (CMC)",NA,NA
"NASH RUN","LEAD","","",4,NA,2014,4,"2014","0 (CCC), 0 (CMC)","NA (CCC) NA (CMC)","NA (CCC), NA (CMC)",NA,NA
"NORMANSTONE CREEK","LEAD","","",NA,NA,NA,NA,NA,"NA (CCC), NA (CMC)",NA,"NA (CCC), NA (CMC)",NA,NA
"OXON RUN","LEAD","","",1,NA,2013,1,"2013","0 (CCC), 0 (CMC)","NA (CCC) NA (CMC)","NA (CCC), NA (CMC)",NA,NA
"OXON RUN","LEAD","","",1,NA,2013,1,"2013","0 (CCC), 0 (CMC)","NA (CCC) NA (CMC)","NA (CCC), NA (CMC)",NA,NA
"PINEHURST BRANCH","LEAD","","",NA,NA,NA,NA,NA,"NA (CCC), NA (CMC)",NA,"NA (CCC), NA (CMC)",NA,NA
"PINEY BRANCH","LEAD","","",1,NA,2013,1,"2013","0 (CCC), 0 (CMC)","NA (CCC) NA (CMC)","NA (CCC), NA (CMC)",NA,NA
"PINEY BRANCH","LEAD","","",1,NA,2013,1,"2013","0 (CCC), 0 (CMC)","NA (CCC) NA (CMC)","NA (CCC), NA (CMC)",NA,NA
"POPE BRANCH","LEAD","","",1,1,2017,1,"2017","0 (CCC), 0 (CMC)","NA (CCC) NA (CMC)","NA (CCC), NA (CMC)",NA,NA
"POPE BRANCH","LEAD","","",1,1,2017,1,"2017","0 (CCC), 0 (CMC)","NA (CCC) NA (CMC)","NA (CCC), NA (CMC)",NA,NA
"PORTAL BRANCH","LEAD","","",NA,NA,NA,NA,NA,"NA (CCC), NA (CMC)",NA,"NA (CCC), NA (CMC)",NA,NA
"POTOMAC LOWER","LEAD","","",13,13,2021,5,"2021","1 (CCC), 1 (CMC)","2020 (CCC) 2020 (CMC)","9 (CCC), 9 (CMC)",NA,NA
"POTOMAC LOWER","LEAD","","",13,13,2021,13,"2021","0 (CCC), 0 (CMC)","NA (CCC) NA (CMC)","NA (CCC), NA (CMC)",NA,NA
"POTOMAC MIDDLE","LEAD","","",13,13,2021,5,"2021","0 (CCC), 0 (CMC)","NA (CCC) NA (CMC)","NA (CCC), NA (CMC)",NA,NA
"POTOMAC MIDDLE","LEAD","","",13,13,2021,11,"2021","0 (CCC), 0 (CMC)","NA (CCC) NA (CMC)","NA (CCC), NA (CMC)",NA,NA
"POTOMAC UPPER","LEAD","","",13,13,2021,4,"2021","0 (CCC), 0 (CMC)","NA (CCC) NA (CMC)","NA (CCC), NA (CMC)",NA,NA
"POTOMAC UPPER","LEAD","","",13,13,2021,11,"2021","0 (CCC), 0 (CMC)","NA (CCC) NA (CMC)","NA (CCC), NA (CMC)",NA,NA
"ROCK CREEK LOWER","LEAD","","",13,13,2021,6,"2021","0 (CCC), 0 (CMC)","NA (CCC) NA (CMC)","NA (CCC), NA (CMC)",NA,NA
"ROCK CREEK LOWER","LEAD","","",13,13,2021,12,"2021","0 (CCC), 0 (CMC)","NA (CCC) NA (CMC)","NA (CCC), NA (CMC)",NA,NA
"ROCK CREEK UPPER","LEAD","","",155,107,2021,148,"2021","0 (CCC), 0 (CMC)","NA (CCC) NA (CMC)","NA (CCC), NA (CMC)",NA,NA
"SOAPSTONE CREEK","LEAD","","",NA,NA,NA,NA,NA,"NA (CCC), NA (CMC)",NA,"NA (CCC), NA (CMC)",NA,NA
"TEXAS AVENUE TRIBUTARY","LEAD","","",3,NA,2014,2,"2014","0 (CCC), 0 (CMC)","NA (CCC) NA (CMC)","NA (CCC), NA (CMC)",NA,NA
"TEXAS AVENUE TRIBUTARY","LEAD","","",3,NA,2014,3,"2014","0 (CCC), 0 (CMC)","NA (CCC) NA (CMC)","NA (CCC), NA (CMC)",NA,NA
"TIDAL BASIN","LEAD","","",NA,NA,NA,NA,NA,"NA (CCC), NA (CMC)",NA,"NA (CCC), NA (CMC)",NA,NA
"WASHINGTON SHIP CHANNEL","LEAD","","",16,12,2016,8,"2016","0 (CCC), 0 (CMC)","NA (CCC) NA (CMC)","NA (CCC), NA (CMC)",NA,NA
"WASHINGTON SHIP CHANNEL","LEAD","","",16,12,2016,16,"2016","0 (CCC), 0 (CMC)","NA (CCC) NA (CMC)","NA (CCC), NA (CMC)",NA,NA
"WATTS BRANCH LOWER","LEAD","","",3,3,2017,2,"2017","0 (CCC), 0 (CMC)","NA (CCC) NA (CMC)","NA (CCC), NA (CMC)",NA,NA
"WATTS BRANCH LOWER","LEAD","","",3,3,2017,3,"2017","0 (CCC), 0 (CMC)","NA (CCC) NA (CMC)","NA (CCC), NA (CMC)",NA,NA
"WATTS BRANCH UPPER","LEAD","","",159,113,2021,131,"2021","0 (CCC), 0 (CMC)","NA (CCC) NA (CMC)","NA (CCC), NA (CMC)",NA,NA
"WATTS BRANCH UPPER","LEAD","","",13,13,2021,13,"2021","0 (CCC), 0 (CMC)","NA (CCC) NA (CMC)","NA (CCC), NA (CMC)",NA,NA
"BATTERY KEMBLE CREEK","LEAD","","",1,NA,2013,1,"2013","0 (CCC), 0 (CMC)","NA (CCC) NA (CMC)","NA (CCC), NA (CMC)",NA,NA
"BATTERY KEMBLE CREEK","LEAD","","",1,NA,2013,1,"2013","0 (CCC), 0 (CMC)","NA (CCC) NA (CMC)","NA (CCC), NA (CMC)",NA,NA
"C&O CANAL","LEAD","","",NA,NA,NA,NA,NA,"NA (CCC), NA (CMC)",NA,"NA (CCC), NA (CMC)",NA,NA
"FORT CHAPLIN TRIBUTARY","LEAD","","",3,NA,2014,3,"2014","0 (CCC), 0 (CMC)","NA (CCC) NA (CMC)","NA (CCC), NA (CMC)",NA,NA
"FORT CHAPLIN TRIBUTARY","LEAD","","",3,NA,2014,3,"2014","0 (CCC), 0 (CMC)","NA (CCC) NA (CMC)","NA (CCC), NA (CMC)",NA,NA
"FORT DAVIS TRIBUTARY","LEAD","","",3,NA,2014,3,"2014","0 (CCC), 0 (CMC)","NA (CCC) NA (CMC)","NA (CCC), NA (CMC)",NA,NA
"FORT DAVIS TRIBUTARY","LEAD","","",3,NA,2014,3,"2014","0 (CCC), 0 (CMC)","NA (CCC) NA (CMC)","NA (CCC), NA (CMC)",NA,NA
"FOUNDRY BRANCH","LEAD","","",2,NA,2013,2,"2013","0 (CCC), 0 (CMC)","NA (CCC) NA (CMC)","NA (CCC), NA (CMC)",NA,NA
"FOUNDRY BRANCH","LEAD","","",2,NA,2013,2,"2013","0 (CCC), 0 (CMC)","NA (CCC) NA (CMC)","NA (CCC), NA (CMC)",NA,NA
