"waterbody_segment","pollutant_group","2020_3030d_listing_category","impaired_use_category","number_of_samples_1990_to_2021","number_of_samples_2016_to_2021","most_recent_sample","number_of_detects","most_recent_detect","number_of_samples_exceeding_class_c","most_recent_class_c_exceedance","number_of_samples_since_last_class_c_exceedance","has_there_been_multi_class_c_exceedance_in_3yr","when_was_last_period_with_multi_class_c_exceedance"
"ANACOSTIA LOWER","ARSENIC","","",133,80,2021,92,"2021","0 (CCC), 0 (CMC)","NA (CCC) NA (CMC)","NA (CCC), NA (CMC)","No (CCC), No (CMC)","Never (CCC), Never (CMC)"
"ANACOSTIA UPPER","ARSENIC","","",186,72,2019,96,"2019","0 (CCC), 0 (CMC)","NA (CCC) NA (CMC)","NA (CCC), NA (CMC)","No (CCC), No (CMC)","Never (CCC), Never (CMC)"
"BATTERY KEMBLE CREEK","ARSENIC","","",32,NA,2013,1,"2013","0 (CCC), 0 (CMC)","NA (CCC) NA (CMC)","NA (CCC), NA (CMC)",NA,NA
"BROAD BRANCH","ARSENIC","","",50,26,2021,21,"2021","0 (CCC), 0 (CMC)","NA (CCC) NA (CMC)","NA (CCC), NA (CMC)","No (CCC), No (CMC)","Never (CCC), Never (CMC)"
"C&O CANAL","ARSENIC","","",52,NA,2012,0,"never","0 (CCC), 0 (CMC)","NA (CCC) NA (CMC)","NA (CCC), NA (CMC)",NA,NA
"DALECARLIA TRIBUTARY","ARSENIC","","",28,NA,2012,0,"never","0 (CCC), 0 (CMC)","NA (CCC) NA (CMC)","NA (CCC), NA (CMC)",NA,NA
"DUMBARTON OAKS","ARSENIC","","",50,26,2021,14,"2021","0 (CCC), 0 (CMC)","NA (CCC) NA (CMC)","NA (CCC), NA (CMC)","No (CCC), No (CMC)","Never (CCC), Never (CMC)"
"FENWICK BRANCH","ARSENIC","","",24,NA,2012,0,"never","0 (CCC), 0 (CMC)","NA (CCC) NA (CMC)","NA (CCC), NA (CMC)",NA,NA
"FORT CHAPLIN TRIBUTARY","ARSENIC","","",41,6,2019,11,"2019","0 (CCC), 0 (CMC)","NA (CCC) NA (CMC)","NA (CCC), NA (CMC)","No (CCC), No (CMC)","Never (CCC), Never (CMC)"
"FORT DAVIS TRIBUTARY","ARSENIC","","",40,6,2019,11,"2019","0 (CCC), 0 (CMC)","NA (CCC) NA (CMC)","NA (CCC), NA (CMC)","No (CCC), No (CMC)","Never (CCC), Never (CMC)"
"FORT DUPONT TRIBUTARY","ARSENIC","","",62,32,2021,27,"2021","0 (CCC), 0 (CMC)","NA (CCC) NA (CMC)","NA (CCC), NA (CMC)","No (CCC), No (CMC)","Never (CCC), Never (CMC)"
"FORT STANTON TRIBUTARY","ARSENIC","","",64,32,2021,26,"2021","0 (CCC), 0 (CMC)","NA (CCC) NA (CMC)","NA (CCC), NA (CMC)","No (CCC), No (CMC)","Never (CCC), Never (CMC)"
"FOUNDRY BRANCH","ARSENIC","","",2,NA,2013,1,"2013","0 (CCC), 0 (CMC)","NA (CCC) NA (CMC)","NA (CCC), NA (CMC)",NA,NA
"HICKEY RUN","ARSENIC","","",31,2,2017,2,"2017","0 (CCC), 0 (CMC)","NA (CCC) NA (CMC)","NA (CCC), NA (CMC)",NA,NA
"KINGMAN LAKE","ARSENIC","","",98,30,2019,42,"2019","0 (CCC), 0 (CMC)","NA (CCC) NA (CMC)","NA (CCC), NA (CMC)","No (CCC), No (CMC)","Never (CCC), Never (CMC)"
"KLINGLE VALLEY","ARSENIC","","",22,NA,2012,0,"never","0 (CCC), 0 (CMC)","NA (CCC) NA (CMC)","NA (CCC), NA (CMC)",NA,NA
"LUZON BRANCH","ARSENIC","","",22,NA,2012,0,"never","0 (CCC), 0 (CMC)","NA (CCC) NA (CMC)","NA (CCC), NA (CMC)",NA,NA
"MELVIN HAZEN VALLEY BRANCH","ARSENIC","","",51,26,2021,13,"2021","0 (CCC), 0 (CMC)","NA (CCC) NA (CMC)","NA (CCC), NA (CMC)","No (CCC), No (CMC)","Never (CCC), Never (CMC)"
"NASH RUN","ARSENIC","","",36,6,2019,10,"2019","0 (CCC), 0 (CMC)","NA (CCC) NA (CMC)","NA (CCC), NA (CMC)","No (CCC), No (CMC)","Never (CCC), Never (CMC)"
"NORMANSTONE CREEK","ARSENIC","","",24,NA,2012,0,"never","0 (CCC), 0 (CMC)","NA (CCC) NA (CMC)","NA (CCC), NA (CMC)",NA,NA
"OXON RUN","ARSENIC","","",26,NA,2013,1,"2013","0 (CCC), 0 (CMC)","NA (CCC) NA (CMC)","NA (CCC), NA (CMC)",NA,NA
"PINEHURST BRANCH","ARSENIC","","",24,NA,2012,0,"never","0 (CCC), 0 (CMC)","NA (CCC) NA (CMC)","NA (CCC), NA (CMC)",NA,NA
"PINEY BRANCH","ARSENIC","","",26,NA,2013,0,"never","0 (CCC), 0 (CMC)","NA (CCC) NA (CMC)","NA (CCC), NA (CMC)",NA,NA
"POPE BRANCH","ARSENIC","","",23,2,2017,1,"2017","0 (CCC), 0 (CMC)","NA (CCC) NA (CMC)","NA (CCC), NA (CMC)",NA,NA
"PORTAL BRANCH","ARSENIC","","",24,NA,2012,0,"never","0 (CCC), 0 (CMC)","NA (CCC) NA (CMC)","NA (CCC), NA (CMC)",NA,NA
"POTOMAC LOWER","ARSENIC","","",131,26,2021,20,"2021","0 (CCC), 0 (CMC)","NA (CCC) NA (CMC)","NA (CCC), NA (CMC)","No (CCC), No (CMC)","Never (CCC), Never (CMC)"
"POTOMAC MIDDLE","ARSENIC","","",80,26,2021,17,"2021","0 (CCC), 0 (CMC)","NA (CCC) NA (CMC)","NA (CCC), NA (CMC)","No (CCC), No (CMC)","Never (CCC), Never (CMC)"
"POTOMAC UPPER","ARSENIC","","",50,26,2021,20,"2021","0 (CCC), 0 (CMC)","NA (CCC) NA (CMC)","NA (CCC), NA (CMC)","No (CCC), No (CMC)","Never (CCC), Never (CMC)"
"ROCK CREEK LOWER","ARSENIC","","",60,26,2021,16,"2021","0 (CCC), 0 (CMC)","NA (CCC) NA (CMC)","NA (CCC), NA (CMC)","No (CCC), No (CMC)","Never (CCC), Never (CMC)"
"ROCK CREEK UPPER","ARSENIC","","",38,NA,2012,0,"never","0 (CCC), 0 (CMC)","NA (CCC) NA (CMC)","NA (CCC), NA (CMC)",NA,NA
"SOAPSTONE CREEK","ARSENIC","","",23,NA,2012,0,"never","0 (CCC), 0 (CMC)","NA (CCC) NA (CMC)","NA (CCC), NA (CMC)",NA,NA
"TEXAS AVENUE TRIBUTARY","ARSENIC","","",34,6,2019,13,"2019","0 (CCC), 0 (CMC)","NA (CCC) NA (CMC)","NA (CCC), NA (CMC)","No (CCC), No (CMC)","Never (CCC), Never (CMC)"
"TIDAL BASIN","ARSENIC","","",37,NA,2012,0,"never","0 (CCC), 0 (CMC)","NA (CCC) NA (CMC)","NA (CCC), NA (CMC)",NA,NA
"WASHINGTON SHIP CHANNEL","ARSENIC","","",58,24,2016,28,"2016","0 (CCC), 0 (CMC)","NA (CCC) NA (CMC)","NA (CCC), NA (CMC)","No (CCC), No (CMC)","Never (CCC), Never (CMC)"
"WATTS BRANCH LOWER","ARSENIC","","",27,NA,2012,0,"never","0 (CCC), 0 (CMC)","NA (CCC) NA (CMC)","NA (CCC), NA (CMC)",NA,NA
"WATTS BRANCH UPPER","ARSENIC","","",90,32,2021,27,"2021","0 (CCC), 0 (CMC)","NA (CCC) NA (CMC)","NA (CCC), NA (CMC)",NA,NA
"ANACOSTIA LOWER","CHLORDANE_TECHNICAL","","",52,40,2021,1,"2014","0 (CCC), 0 (CMC)","NA (CCC) NA (CMC)","NA (CCC), NA (CMC)",NA,NA
"ANACOSTIA UPPER","CHLORDANE_TECHNICAL","","",102,84,2019,0,"never","0 (CCC), 0 (CMC)","NA (CCC) NA (CMC)","NA (CCC), NA (CMC)",NA,NA
"BATTERY KEMBLE CREEK","CHLORDANE_TECHNICAL","","",NA,NA,NA,NA,NA,"NA (CCC), NA (CMC)",NA,"NA (CCC), NA (CMC)",NA,NA
"BROAD BRANCH","CHLORDANE_TECHNICAL","","",14,13,2021,0,"never","0 (CCC), 0 (CMC)","NA (CCC) NA (CMC)","NA (CCC), NA (CMC)",NA,NA
"C&O CANAL","CHLORDANE_TECHNICAL","","",NA,NA,NA,NA,NA,"NA (CCC), NA (CMC)",NA,"NA (CCC), NA (CMC)",NA,NA
"DALECARLIA TRIBUTARY","CHLORDANE_TECHNICAL","","",1,NA,2013,0,"never","0 (CCC), 0 (CMC)","NA (CCC) NA (CMC)","NA (CCC), NA (CMC)",NA,NA
"DUMBARTON OAKS","CHLORDANE_TECHNICAL","","",14,13,2021,2,"2021","0 (CCC), 0 (CMC)","NA (CCC) NA (CMC)","NA (CCC), NA (CMC)",NA,NA
"FENWICK BRANCH","CHLORDANE_TECHNICAL","","",1,NA,2013,0,"never","0 (CCC), 0 (CMC)","NA (CCC) NA (CMC)","NA (CCC), NA (CMC)",NA,NA
"FORT CHAPLIN TRIBUTARY","CHLORDANE_TECHNICAL","","",NA,NA,NA,NA,NA,"NA (CCC), NA (CMC)",NA,"NA (CCC), NA (CMC)",NA,NA
"FORT DAVIS TRIBUTARY","CHLORDANE_TECHNICAL","","",NA,NA,NA,NA,NA,"NA (CCC), NA (CMC)",NA,"NA (CCC), NA (CMC)",NA,NA
"FORT DUPONT TRIBUTARY","CHLORDANE_TECHNICAL","","",13,13,2021,0,"never","0 (CCC), 0 (CMC)","NA (CCC) NA (CMC)","NA (CCC), NA (CMC)",NA,NA
"FORT STANTON TRIBUTARY","CHLORDANE_TECHNICAL","","",16,13,2021,0,"never","0 (CCC), 0 (CMC)","NA (CCC) NA (CMC)","NA (CCC), NA (CMC)",NA,NA
"FOUNDRY BRANCH","CHLORDANE_TECHNICAL","","",NA,NA,NA,NA,NA,"NA (CCC), NA (CMC)",NA,"NA (CCC), NA (CMC)",NA,NA
"HICKEY RUN","CHLORDANE_TECHNICAL","","",6,3,2019,0,"never","0 (CCC), 0 (CMC)","NA (CCC) NA (CMC)","NA (CCC), NA (CMC)",NA,NA
"KINGMAN LAKE","CHLORDANE_TECHNICAL","","",24,15,2019,1,"2014","0 (CCC), 0 (CMC)","NA (CCC) NA (CMC)","NA (CCC), NA (CMC)",NA,NA
"KLINGLE VALLEY","CHLORDANE_TECHNICAL","","",1,NA,2013,0,"never","0 (CCC), 0 (CMC)","NA (CCC) NA (CMC)","NA (CCC), NA (CMC)",NA,NA
"LUZON BRANCH","CHLORDANE_TECHNICAL","","",1,NA,2013,0,"never","0 (CCC), 0 (CMC)","NA (CCC) NA (CMC)","NA (CCC), NA (CMC)",NA,NA
"MELVIN HAZEN VALLEY BRANCH","CHLORDANE_TECHNICAL","","",14,13,2021,0,"never","0 (CCC), 0 (CMC)","NA (CCC) NA (CMC)","NA (CCC), NA (CMC)",NA,NA
"NASH RUN","CHLORDANE_TECHNICAL","","",6,3,2019,0,"never","0 (CCC), 0 (CMC)","NA (CCC) NA (CMC)","NA (CCC), NA (CMC)",NA,NA
"NORMANSTONE CREEK","CHLORDANE_TECHNICAL","","",1,NA,2013,0,"never","0 (CCC), 0 (CMC)","NA (CCC) NA (CMC)","NA (CCC), NA (CMC)",NA,NA
"OXON RUN","CHLORDANE_TECHNICAL","","",1,NA,2013,0,"never","0 (CCC), 0 (CMC)","NA (CCC) NA (CMC)","NA (CCC), NA (CMC)",NA,NA
"PINEHURST BRANCH","CHLORDANE_TECHNICAL","","",1,NA,2013,0,"never","0 (CCC), 0 (CMC)","NA (CCC) NA (CMC)","NA (CCC), NA (CMC)",NA,NA
"PINEY BRANCH","CHLORDANE_TECHNICAL","","",1,NA,2013,0,"never","0 (CCC), 0 (CMC)","NA (CCC) NA (CMC)","NA (CCC), NA (CMC)",NA,NA
"POPE BRANCH","CHLORDANE_TECHNICAL","","",6,3,2019,1,"2013","0 (CCC), 0 (CMC)","NA (CCC) NA (CMC)","NA (CCC), NA (CMC)",NA,NA
"PORTAL BRANCH","CHLORDANE_TECHNICAL","","",1,NA,2013,0,"never","0 (CCC), 0 (CMC)","NA (CCC) NA (CMC)","NA (CCC), NA (CMC)",NA,NA
"POTOMAC LOWER","CHLORDANE_TECHNICAL","","",13,13,2021,0,"never","0 (CCC), 0 (CMC)","NA (CCC) NA (CMC)","NA (CCC), NA (CMC)",NA,NA
"POTOMAC MIDDLE","CHLORDANE_TECHNICAL","","",13,13,2021,0,"never","0 (CCC), 0 (CMC)","NA (CCC) NA (CMC)","NA (CCC), NA (CMC)",NA,NA
"POTOMAC UPPER","CHLORDANE_TECHNICAL","","",13,13,2021,0,"never","0 (CCC), 0 (CMC)","NA (CCC) NA (CMC)","NA (CCC), NA (CMC)",NA,NA
"ROCK CREEK LOWER","CHLORDANE_TECHNICAL","","",13,13,2021,1,"2020","0 (CCC), 0 (CMC)","NA (CCC) NA (CMC)","NA (CCC), NA (CMC)",NA,NA
"ROCK CREEK UPPER","CHLORDANE_TECHNICAL","","",NA,NA,NA,NA,NA,"NA (CCC), NA (CMC)",NA,"NA (CCC), NA (CMC)",NA,NA
"SOAPSTONE CREEK","CHLORDANE_TECHNICAL","","",1,NA,2013,0,"never","0 (CCC), 0 (CMC)","NA (CCC) NA (CMC)","NA (CCC), NA (CMC)",NA,NA
"TEXAS AVENUE TRIBUTARY","CHLORDANE_TECHNICAL","","",6,3,2019,1,"2013","0 (CCC), 0 (CMC)","NA (CCC) NA (CMC)","NA (CCC), NA (CMC)",NA,NA
"TIDAL BASIN","CHLORDANE_TECHNICAL","","",3,NA,2014,0,"never","0 (CCC), 0 (CMC)","NA (CCC) NA (CMC)","NA (CCC), NA (CMC)",NA,NA
"WASHINGTON SHIP CHANNEL","CHLORDANE_TECHNICAL","","",19,12,2016,0,"never","0 (CCC), 0 (CMC)","NA (CCC) NA (CMC)","NA (CCC), NA (CMC)",NA,NA
"WATTS BRANCH LOWER","CHLORDANE_TECHNICAL","","",7,4,2019,0,"never","0 (CCC), 0 (CMC)","NA (CCC) NA (CMC)","NA (CCC), NA (CMC)",NA,NA
"WATTS BRANCH UPPER","CHLORDANE_TECHNICAL","","",13,13,2021,0,"never","0 (CCC), 0 (CMC)","NA (CCC) NA (CMC)","NA (CCC), NA (CMC)",NA,NA
"ANACOSTIA LOWER","COPPER","","",104,80,2021,104,"2021","0 (CCC), 0 (CMC)","NA (CCC) NA (CMC)","NA (CCC), NA (CMC)",NA,NA
"ANACOSTIA UPPER","COPPER","","",108,72,2019,108,"2019","1 (CCC), 0 (CMC)","2016 (CCC) NA (CMC)","40 (CCC), NA (CMC)",NA,NA
"BATTERY KEMBLE CREEK","COPPER","","",2,NA,2013,2,"2013","0 (CCC), 0 (CMC)","NA (CCC) NA (CMC)","NA (CCC), NA (CMC)",NA,NA
"BROAD BRANCH","COPPER","","",26,26,2021,26,"2021","0 (CCC), 0 (CMC)","NA (CCC) NA (CMC)","NA (CCC), NA (CMC)",NA,NA
"C&O CANAL","COPPER","","",NA,NA,NA,NA,NA,"NA (CCC), NA (CMC)",NA,"NA (CCC), NA (CMC)",NA,NA
"DALECARLIA TRIBUTARY","COPPER","","",NA,NA,NA,NA,NA,"NA (CCC), NA (CMC)",NA,"NA (CCC), NA (CMC)",NA,NA
"DUMBARTON OAKS","COPPER","","",26,26,2021,23,"2021","1 (CCC), 1 (CMC)","2020 (CCC) 2020 (CMC)","20 (CCC), 20 (CMC)",NA,NA
"FENWICK BRANCH","COPPER","","",NA,NA,NA,NA,NA,"NA (CCC), NA (CMC)",NA,"NA (CCC), NA (CMC)",NA,NA
"FORT CHAPLIN TRIBUTARY","COPPER","","",12,6,2019,12,"2019","0 (CCC), 0 (CMC)","NA (CCC) NA (CMC)","NA (CCC), NA (CMC)",NA,NA
"FORT DAVIS TRIBUTARY","COPPER","","",12,6,2019,9,"2019","0 (CCC), 0 (CMC)","NA (CCC) NA (CMC)","NA (CCC), NA (CMC)",NA,NA
"FORT DUPONT TRIBUTARY","COPPER","","",38,32,2021,37,"2021","0 (CCC), 0 (CMC)","NA (CCC) NA (CMC)","NA (CCC), NA (CMC)",NA,NA
"FORT STANTON TRIBUTARY","COPPER","","",38,32,2021,37,"2021","0 (CCC), 0 (CMC)","NA (CCC) NA (CMC)","NA (CCC), NA (CMC)",NA,NA
"FOUNDRY BRANCH","COPPER","","",2,NA,2013,2,"2013","0 (CCC), 0 (CMC)","NA (CCC) NA (CMC)","NA (CCC), NA (CMC)",NA,NA
"HICKEY RUN","COPPER","","",151,103,2021,148,"2021","1 (CCC), 0 (CMC)","2018 (CCC) NA (CMC)","71 (CCC), NA (CMC)",NA,NA
"KINGMAN LAKE","COPPER","","",48,30,2019,48,"2019","0 (CCC), 0 (CMC)","NA (CCC) NA (CMC)","NA (CCC), NA (CMC)",NA,NA
"KLINGLE VALLEY","COPPER","","",NA,NA,NA,NA,NA,"NA (CCC), NA (CMC)",NA,"NA (CCC), NA (CMC)",NA,NA
"LUZON BRANCH","COPPER","","",NA,NA,NA,NA,NA,"NA (CCC), NA (CMC)",NA,"NA (CCC), NA (CMC)",NA,NA
"MELVIN HAZEN VALLEY BRANCH","COPPER","","",26,26,2021,23,"2021","0 (CCC), 0 (CMC)","NA (CCC) NA (CMC)","NA (CCC), NA (CMC)",NA,NA
"NASH RUN","COPPER","","",12,6,2019,12,"2019","0 (CCC), 0 (CMC)","NA (CCC) NA (CMC)","NA (CCC), NA (CMC)",NA,NA
"NORMANSTONE CREEK","COPPER","","",NA,NA,NA,NA,NA,"NA (CCC), NA (CMC)",NA,"NA (CCC), NA (CMC)",NA,NA
"OXON RUN","COPPER","","",2,NA,2013,2,"2013","0 (CCC), 0 (CMC)","NA (CCC) NA (CMC)","NA (CCC), NA (CMC)",NA,NA
"PINEHURST BRANCH","COPPER","","",NA,NA,NA,NA,NA,"NA (CCC), NA (CMC)",NA,"NA (CCC), NA (CMC)",NA,NA
"PINEY BRANCH","COPPER","","",2,NA,2013,2,"2013","0 (CCC), 0 (CMC)","NA (CCC) NA (CMC)","NA (CCC), NA (CMC)",NA,NA
"POPE BRANCH","COPPER","","",2,2,2017,2,"2017","0 (CCC), 0 (CMC)","NA (CCC) NA (CMC)","NA (CCC), NA (CMC)",NA,NA
"PORTAL BRANCH","COPPER","","",NA,NA,NA,NA,NA,"NA (CCC), NA (CMC)",NA,"NA (CCC), NA (CMC)",NA,NA
"POTOMAC LOWER","COPPER","","",26,26,2021,26,"2021","0 (CCC), 0 (CMC)","NA (CCC) NA (CMC)","NA (CCC), NA (CMC)",NA,NA
"POTOMAC MIDDLE","COPPER","","",26,26,2021,24,"2021","0 (CCC), 0 (CMC)","NA (CCC) NA (CMC)","NA (CCC), NA (CMC)",NA,NA
"POTOMAC UPPER","COPPER","","",26,26,2021,23,"2021","0 (CCC), 0 (CMC)","NA (CCC) NA (CMC)","NA (CCC), NA (CMC)",NA,NA
"ROCK CREEK LOWER","COPPER","","",26,26,2021,26,"2021","0 (CCC), 0 (CMC)","NA (CCC) NA (CMC)","NA (CCC), NA (CMC)",NA,NA
"ROCK CREEK UPPER","COPPER","","",155,107,2021,154,"2021","0 (CCC), 0 (CMC)","NA (CCC) NA (CMC)","NA (CCC), NA (CMC)",NA,NA
"SOAPSTONE CREEK","COPPER","","",NA,NA,NA,NA,NA,"NA (CCC), NA (CMC)",NA,"NA (CCC), NA (CMC)",NA,NA
"TEXAS AVENUE TRIBUTARY","COPPER","","",12,6,2019,10,"2019","0 (CCC), 0 (CMC)","NA (CCC) NA (CMC)","NA (CCC), NA (CMC)",NA,NA
"TIDAL BASIN","COPPER","","",NA,NA,NA,NA,NA,"NA (CCC), NA (CMC)",NA,"NA (CCC), NA (CMC)",NA,NA
"WASHINGTON SHIP CHANNEL","COPPER","","",32,24,2016,32,"2016","0 (CCC), 0 (CMC)","NA (CCC) NA (CMC)","NA (CCC), NA (CMC)",NA,NA
"WATTS BRANCH LOWER","COPPER","","",NA,NA,NA,NA,NA,"NA (CCC), NA (CMC)",NA,"NA (CCC), NA (CMC)",NA,NA
"WATTS BRANCH UPPER","COPPER","","",178,132,2021,175,"2021","0 (CCC), 0 (CMC)","NA (CCC) NA (CMC)","NA (CCC), NA (CMC)",NA,NA
"ANACOSTIA LOWER","DDD","","",52,40,2021,3,"2019","1 (CCC), 0 (CMC)","2014 (CCC) NA (CMC)","48 (CCC), NA (CMC)","No (CCC), No (CMC)","Never (CCC), Never (CMC)"
"ANACOSTIA UPPER","DDD","","",102,84,2019,21,"2019","6 (CCC), 0 (CMC)","2019 (CCC) NA (CMC)","0 (CCC), NA (CMC)","Yes (CCC), No (CMC)","2018 - 2021 (CCC), Never (CMC)"
"BATTERY KEMBLE CREEK","DDD","","",NA,NA,NA,NA,NA,"NA (CCC), NA (CMC)",NA,"NA (CCC), NA (CMC)",NA,NA
"BROAD BRANCH","DDD","","",14,13,2021,0,"never","0 (CCC), 0 (CMC)","NA (CCC) NA (CMC)","NA (CCC), NA (CMC)",NA,NA
"C&O CANAL","DDD","","",NA,NA,NA,NA,NA,"NA (CCC), NA (CMC)",NA,"NA (CCC), NA (CMC)",NA,NA
"DALECARLIA TRIBUTARY","DDD","","",1,NA,2013,0,"never","0 (CCC), 0 (CMC)","NA (CCC) NA (CMC)","NA (CCC), NA (CMC)",NA,NA
"DUMBARTON OAKS","DDD","","",14,13,2021,0,"never","0 (CCC), 0 (CMC)","NA (CCC) NA (CMC)","NA (CCC), NA (CMC)",NA,NA
"FENWICK BRANCH","DDD","","",1,NA,2013,0,"never","0 (CCC), 0 (CMC)","NA (CCC) NA (CMC)","NA (CCC), NA (CMC)",NA,NA
"FORT CHAPLIN TRIBUTARY","DDD","","",NA,NA,NA,NA,NA,"NA (CCC), NA (CMC)",NA,"NA (CCC), NA (CMC)",NA,NA
"FORT DAVIS TRIBUTARY","DDD","","",NA,NA,NA,NA,NA,"NA (CCC), NA (CMC)",NA,"NA (CCC), NA (CMC)",NA,NA
"FORT DUPONT TRIBUTARY","DDD","","",13,13,2021,0,"never","0 (CCC), 0 (CMC)","NA (CCC) NA (CMC)","NA (CCC), NA (CMC)",NA,NA
"FORT STANTON TRIBUTARY","DDD","","",16,13,2021,1,"2020","1 (CCC), 0 (CMC)","2020 (CCC) NA (CMC)","11 (CCC), NA (CMC)",NA,NA
"FOUNDRY BRANCH","DDD","","",NA,NA,NA,NA,NA,"NA (CCC), NA (CMC)",NA,"NA (CCC), NA (CMC)",NA,NA
"HICKEY RUN","DDD","","",6,3,2019,0,"never","0 (CCC), 0 (CMC)","NA (CCC) NA (CMC)","NA (CCC), NA (CMC)",NA,NA
"KINGMAN LAKE","DDD","","",24,15,2019,3,"2019","0 (CCC), 0 (CMC)","NA (CCC) NA (CMC)","NA (CCC), NA (CMC)","No (CCC), No (CMC)","Never (CCC), Never (CMC)"
"KLINGLE VALLEY","DDD","","",1,NA,2013,0,"never","0 (CCC), 0 (CMC)","NA (CCC) NA (CMC)","NA (CCC), NA (CMC)",NA,NA
"LUZON BRANCH","DDD","","",1,NA,2013,0,"never","0 (CCC), 0 (CMC)","NA (CCC) NA (CMC)","NA (CCC), NA (CMC)",NA,NA
"MELVIN HAZEN VALLEY BRANCH","DDD","","",14,13,2021,1,"2020","1 (CCC), 0 (CMC)","2020 (CCC) NA (CMC)","9 (CCC), NA (CMC)",NA,NA
"NASH RUN","DDD","","",6,3,2019,0,"never","0 (CCC), 0 (CMC)","NA (CCC) NA (CMC)","NA (CCC), NA (CMC)",NA,NA
"NORMANSTONE CREEK","DDD","","",1,NA,2013,0,"never","0 (CCC), 0 (CMC)","NA (CCC) NA (CMC)","NA (CCC), NA (CMC)",NA,NA
"OXON RUN","DDD","","",1,NA,2013,0,"never","0 (CCC), 0 (CMC)","NA (CCC) NA (CMC)","NA (CCC), NA (CMC)",NA,NA
"PINEHURST BRANCH","DDD","","",1,NA,2013,0,"never","0 (CCC), 0 (CMC)","NA (CCC) NA (CMC)","NA (CCC), NA (CMC)",NA,NA
"PINEY BRANCH","DDD","","",1,NA,2013,0,"never","0 (CCC), 0 (CMC)","NA (CCC) NA (CMC)","NA (CCC), NA (CMC)",NA,NA
"POPE BRANCH","DDD","","",6,3,2019,0,"never","0 (CCC), 0 (CMC)","NA (CCC) NA (CMC)","NA (CCC), NA (CMC)",NA,NA
"PORTAL BRANCH","DDD","","",1,NA,2013,0,"never","0 (CCC), 0 (CMC)","NA (CCC) NA (CMC)","NA (CCC), NA (CMC)",NA,NA
"POTOMAC LOWER","DDD","","",13,13,2021,0,"never","0 (CCC), 0 (CMC)","NA (CCC) NA (CMC)","NA (CCC), NA (CMC)",NA,NA
"POTOMAC MIDDLE","DDD","","",13,13,2021,0,"never","0 (CCC), 0 (CMC)","NA (CCC) NA (CMC)","NA (CCC), NA (CMC)",NA,NA
"POTOMAC UPPER","DDD","","",13,13,2021,0,"never","0 (CCC), 0 (CMC)","NA (CCC) NA (CMC)","NA (CCC), NA (CMC)",NA,NA
"ROCK CREEK LOWER","DDD","","",13,13,2021,1,"2020","1 (CCC), 0 (CMC)","2020 (CCC) NA (CMC)","6 (CCC), NA (CMC)",NA,NA
"ROCK CREEK UPPER","DDD","","",NA,NA,NA,NA,NA,"NA (CCC), NA (CMC)",NA,"NA (CCC), NA (CMC)",NA,NA
"SOAPSTONE CREEK","DDD","","",1,NA,2013,0,"never","0 (CCC), 0 (CMC)","NA (CCC) NA (CMC)","NA (CCC), NA (CMC)",NA,NA
"TEXAS AVENUE TRIBUTARY","DDD","","",6,3,2019,6,"2019","5 (CCC), 0 (CMC)","2018 (CCC) NA (CMC)","1 (CCC), NA (CMC)","Yes (CCC), No (CMC)","2018 - 2021 (CCC), Never (CMC)"
"TIDAL BASIN","DDD","","",3,NA,2014,0,"never","0 (CCC), 0 (CMC)","NA (CCC) NA (CMC)","NA (CCC), NA (CMC)",NA,NA
"WASHINGTON SHIP CHANNEL","DDD","","",19,12,2016,0,"never","0 (CCC), 0 (CMC)","NA (CCC) NA (CMC)","NA (CCC), NA (CMC)",NA,NA
"WATTS BRANCH LOWER","DDD","","",7,4,2019,0,"never","0 (CCC), 0 (CMC)","NA (CCC) NA (CMC)","NA (CCC), NA (CMC)",NA,NA
"WATTS BRANCH UPPER","DDD","","",13,13,2021,1,"2021","0 (CCC), 0 (CMC)","NA (CCC) NA (CMC)","NA (CCC), NA (CMC)",NA,NA
"ANACOSTIA LOWER","DDE","","",104,80,2021,0,"never","0 (CCC), 0 (CMC)","NA (CCC) NA (CMC)","NA (CCC), NA (CMC)",NA,NA
"ANACOSTIA UPPER","DDE","","",204,168,2019,2,"2018","2 (CCC), 0 (CMC)","2018 (CCC) NA (CMC)","106 (CCC), NA (CMC)","Yes (CCC), No (CMC)","2018 - 2021 (CCC), Never (CMC)"
"BATTERY KEMBLE CREEK","DDE","","",NA,NA,NA,NA,NA,"NA (CCC), NA (CMC)",NA,"NA (CCC), NA (CMC)",NA,NA
"BROAD BRANCH","DDE","","",28,26,2021,0,"never","0 (CCC), 0 (CMC)","NA (CCC) NA (CMC)","NA (CCC), NA (CMC)",NA,NA
"C&O CANAL","DDE","","",NA,NA,NA,NA,NA,"NA (CCC), NA (CMC)",NA,"NA (CCC), NA (CMC)",NA,NA
"DALECARLIA TRIBUTARY","DDE","","",2,NA,2013,0,"never","0 (CCC), 0 (CMC)","NA (CCC) NA (CMC)","NA (CCC), NA (CMC)",NA,NA
"DUMBARTON OAKS","DDE","","",28,26,2021,2,"2020","2 (CCC), 0 (CMC)","2020 (CCC) NA (CMC)","20 (CCC), NA (CMC)","Yes (CCC), No (CMC)","2018 - 2021 (CCC), Never (CMC)"
"FENWICK BRANCH","DDE","","",2,NA,2013,0,"never","0 (CCC), 0 (CMC)","NA (CCC) NA (CMC)","NA (CCC), NA (CMC)",NA,NA
"FORT CHAPLIN TRIBUTARY","DDE","","",NA,NA,NA,NA,NA,"NA (CCC), NA (CMC)",NA,"NA (CCC), NA (CMC)",NA,NA
"FORT DAVIS TRIBUTARY","DDE","","",NA,NA,NA,NA,NA,"NA (CCC), NA (CMC)",NA,"NA (CCC), NA (CMC)",NA,NA
"FORT DUPONT TRIBUTARY","DDE","","",26,26,2021,0,"never","0 (CCC), 0 (CMC)","NA (CCC) NA (CMC)","NA (CCC), NA (CMC)",NA,NA
"FORT STANTON TRIBUTARY","DDE","","",32,26,2021,2,"2020","0 (CCC), 0 (CMC)","NA (CCC) NA (CMC)","NA (CCC), NA (CMC)","No (CCC), No (CMC)","Never (CCC), Never (CMC)"
"FOUNDRY BRANCH","DDE","","",NA,NA,NA,NA,NA,"NA (CCC), NA (CMC)",NA,"NA (CCC), NA (CMC)",NA,NA
"HICKEY RUN","DDE","","",12,6,2019,2,"2014","0 (CCC), 0 (CMC)","NA (CCC) NA (CMC)","NA (CCC), NA (CMC)",NA,NA
"KINGMAN LAKE","DDE","","",48,30,2019,0,"never","0 (CCC), 0 (CMC)","NA (CCC) NA (CMC)","NA (CCC), NA (CMC)",NA,NA
"KLINGLE VALLEY","DDE","","",2,NA,2013,0,"never","0 (CCC), 0 (CMC)","NA (CCC) NA (CMC)","NA (CCC), NA (CMC)",NA,NA
"LUZON BRANCH","DDE","","",2,NA,2013,0,"never","0 (CCC), 0 (CMC)","NA (CCC) NA (CMC)","NA (CCC), NA (CMC)",NA,NA
"MELVIN HAZEN VALLEY BRANCH","DDE","","",28,26,2021,2,"2020","2 (CCC), 0 (CMC)","2020 (CCC) NA (CMC)","18 (CCC), NA (CMC)","Yes (CCC), No (CMC)","2018 - 2021 (CCC), Never (CMC)"
"NASH RUN","DDE","","",12,6,2019,0,"never","0 (CCC), 0 (CMC)","NA (CCC) NA (CMC)","NA (CCC), NA (CMC)",NA,NA
"NORMANSTONE CREEK","DDE","","",2,NA,2013,0,"never","0 (CCC), 0 (CMC)","NA (CCC) NA (CMC)","NA (CCC), NA (CMC)",NA,NA
"OXON RUN","DDE","","",2,NA,2013,0,"never","0 (CCC), 0 (CMC)","NA (CCC) NA (CMC)","NA (CCC), NA (CMC)",NA,NA
"PINEHURST BRANCH","DDE","","",2,NA,2013,0,"never","0 (CCC), 0 (CMC)","NA (CCC) NA (CMC)","NA (CCC), NA (CMC)",NA,NA
"PINEY BRANCH","DDE","","",2,NA,2013,0,"never","0 (CCC), 0 (CMC)","NA (CCC) NA (CMC)","NA (CCC), NA (CMC)",NA,NA
"POPE BRANCH","DDE","","",12,6,2019,2,"2014","0 (CCC), 0 (CMC)","NA (CCC) NA (CMC)","NA (CCC), NA (CMC)",NA,NA
"PORTAL BRANCH","DDE","","",2,NA,2013,0,"never","0 (CCC), 0 (CMC)","NA (CCC) NA (CMC)","NA (CCC), NA (CMC)",NA,NA
"POTOMAC LOWER","DDE","","",26,26,2021,0,"never","0 (CCC), 0 (CMC)","NA (CCC) NA (CMC)","NA (CCC), NA (CMC)",NA,NA
"POTOMAC MIDDLE","DDE","","",26,26,2021,0,"never","0 (CCC), 0 (CMC)","NA (CCC) NA (CMC)","NA (CCC), NA (CMC)",NA,NA
"POTOMAC UPPER","DDE","","",26,26,2021,0,"never","0 (CCC), 0 (CMC)","NA (CCC) NA (CMC)","NA (CCC), NA (CMC)",NA,NA
"ROCK CREEK LOWER","DDE","","",26,26,2021,4,"2020","4 (CCC), 0 (CMC)","2020 (CCC) NA (CMC)","12 (CCC), NA (CMC)","Yes (CCC), No (CMC)","2018 - 2021 (CCC), Never (CMC)"
"ROCK CREEK UPPER","DDE","","",NA,NA,NA,NA,NA,"NA (CCC), NA (CMC)",NA,"NA (CCC), NA (CMC)",NA,NA
"SOAPSTONE CREEK","DDE","","",2,NA,2013,0,"never","0 (CCC), 0 (CMC)","NA (CCC) NA (CMC)","NA (CCC), NA (CMC)",NA,NA
"TEXAS AVENUE TRIBUTARY","DDE","","",12,6,2019,6,"2019","2 (CCC), 0 (CMC)","2014 (CCC) NA (CMC)","6 (CCC), NA (CMC)","No (CCC), No (CMC)","Never (CCC), Never (CMC)"
"TIDAL BASIN","DDE","","",6,NA,2014,0,"never","0 (CCC), 0 (CMC)","NA (CCC) NA (CMC)","NA (CCC), NA (CMC)",NA,NA
"WASHINGTON SHIP CHANNEL","DDE","","",38,24,2016,0,"never","0 (CCC), 0 (CMC)","NA (CCC) NA (CMC)","NA (CCC), NA (CMC)",NA,NA
"WATTS BRANCH LOWER","DDE","","",14,8,2019,0,"never","0 (CCC), 0 (CMC)","NA (CCC) NA (CMC)","NA (CCC), NA (CMC)",NA,NA
"WATTS BRANCH UPPER","DDE","","",26,26,2021,0,"never","0 (CCC), 0 (CMC)","NA (CCC) NA (CMC)","NA (CCC), NA (CMC)",NA,NA
"ANACOSTIA LOWER","DDT","","",52,40,2021,5,"2021","2 (CCC), 0 (CMC)","2021 (CCC) NA (CMC)","0 (CCC), NA (CMC)","Yes (CCC), No (CMC)","2018 - 2021 (CCC), Never (CMC)"
"ANACOSTIA UPPER","DDT","","",102,84,2019,14,"2018","10 (CCC), 0 (CMC)","2018 (CCC) NA (CMC)","23 (CCC), NA (CMC)","Yes (CCC), No (CMC)","2018 - 2021 (CCC), Never (CMC)"
"BATTERY KEMBLE CREEK","DDT","","",NA,NA,NA,NA,NA,"NA (CCC), NA (CMC)",NA,"NA (CCC), NA (CMC)",NA,NA
"BROAD BRANCH","DDT","","",14,13,2021,2,"2021","1 (CCC), 0 (CMC)","2020 (CCC) NA (CMC)","6 (CCC), NA (CMC)","No (CCC), No (CMC)","Never (CCC), Never (CMC)"
"C&O CANAL","DDT","","",NA,NA,NA,NA,NA,"NA (CCC), NA (CMC)",NA,"NA (CCC), NA (CMC)",NA,NA
"DALECARLIA TRIBUTARY","DDT","","",1,NA,2013,0,"never","0 (CCC), 0 (CMC)","NA (CCC) NA (CMC)","NA (CCC), NA (CMC)",NA,NA
"DUMBARTON OAKS","DDT","","",14,13,2021,3,"2020","2 (CCC), 0 (CMC)","2020 (CCC) NA (CMC)","9 (CCC), NA (CMC)","Yes (CCC), No (CMC)","2018 - 2021 (CCC), Never (CMC)"
"FENWICK BRANCH","DDT","","",1,NA,2013,1,"2013","0 (CCC), 0 (CMC)","NA (CCC) NA (CMC)","NA (CCC), NA (CMC)",NA,NA
"FORT CHAPLIN TRIBUTARY","DDT","","",NA,NA,NA,NA,NA,"NA (CCC), NA (CMC)",NA,"NA (CCC), NA (CMC)",NA,NA
"FORT DAVIS TRIBUTARY","DDT","","",NA,NA,NA,NA,NA,"NA (CCC), NA (CMC)",NA,"NA (CCC), NA (CMC)",NA,NA
"FORT DUPONT TRIBUTARY","DDT","","",13,13,2021,1,"2020","1 (CCC), 0 (CMC)","2020 (CCC) NA (CMC)","9 (CCC), NA (CMC)",NA,NA
"FORT STANTON TRIBUTARY","DDT","","",16,13,2021,0,"never","0 (CCC), 0 (CMC)","NA (CCC) NA (CMC)","NA (CCC), NA (CMC)",NA,NA
"FOUNDRY BRANCH","DDT","","",NA,NA,NA,NA,NA,"NA (CCC), NA (CMC)",NA,"NA (CCC), NA (CMC)",NA,NA
"HICKEY RUN","DDT","","",6,3,2019,0,"never","0 (CCC), 0 (CMC)","NA (CCC) NA (CMC)","NA (CCC), NA (CMC)",NA,NA
"KINGMAN LAKE","DDT","","",24,15,2019,3,"2016","2 (CCC), 0 (CMC)","2016 (CCC) NA (CMC)","10 (CCC), NA (CMC)","No (CCC), No (CMC)","Never (CCC), Never (CMC)"
"KLINGLE VALLEY","DDT","","",1,NA,2013,0,"never","0 (CCC), 0 (CMC)","NA (CCC) NA (CMC)","NA (CCC), NA (CMC)",NA,NA
"LUZON BRANCH","DDT","","",1,NA,2013,0,"never","0 (CCC), 0 (CMC)","NA (CCC) NA (CMC)","NA (CCC), NA (CMC)",NA,NA
"MELVIN HAZEN VALLEY BRANCH","DDT","","",14,13,2021,2,"2020","2 (CCC), 0 (CMC)","2020 (CCC) NA (CMC)","10 (CCC), NA (CMC)","Yes (CCC), No (CMC)","2018 - 2021 (CCC), Never (CMC)"
"NASH RUN","DDT","","",6,3,2019,0,"never","0 (CCC), 0 (CMC)","NA (CCC) NA (CMC)","NA (CCC), NA (CMC)",NA,NA
"NORMANSTONE CREEK","DDT","","",1,NA,2013,0,"never","0 (CCC), 0 (CMC)","NA (CCC) NA (CMC)","NA (CCC), NA (CMC)",NA,NA
"OXON RUN","DDT","","",1,NA,2013,0,"never","0 (CCC), 0 (CMC)","NA (CCC) NA (CMC)","NA (CCC), NA (CMC)",NA,NA
"PINEHURST BRANCH","DDT","","",1,NA,2013,0,"never","0 (CCC), 0 (CMC)","NA (CCC) NA (CMC)","NA (CCC), NA (CMC)",NA,NA
"PINEY BRANCH","DDT","","",1,NA,2013,0,"never","0 (CCC), 0 (CMC)","NA (CCC) NA (CMC)","NA (CCC), NA (CMC)",NA,NA
"POPE BRANCH","DDT","","",6,3,2019,0,"never","0 (CCC), 0 (CMC)","NA (CCC) NA (CMC)","NA (CCC), NA (CMC)",NA,NA
"PORTAL BRANCH","DDT","","",1,NA,2013,0,"never","0 (CCC), 0 (CMC)","NA (CCC) NA (CMC)","NA (CCC), NA (CMC)",NA,NA
"POTOMAC LOWER","DDT","","",13,13,2021,0,"never","0 (CCC), 0 (CMC)","NA (CCC) NA (CMC)","NA (CCC), NA (CMC)",NA,NA
"POTOMAC MIDDLE","DDT","","",13,13,2021,0,"never","0 (CCC), 0 (CMC)","NA (CCC) NA (CMC)","NA (CCC), NA (CMC)",NA,NA
"POTOMAC UPPER","DDT","","",13,13,2021,1,"2021","1 (CCC), 0 (CMC)","2021 (CCC) NA (CMC)","0 (CCC), NA (CMC)",NA,NA
"ROCK CREEK LOWER","DDT","","",13,13,2021,1,"2020","1 (CCC), 0 (CMC)","2020 (CCC) NA (CMC)","6 (CCC), NA (CMC)",NA,NA
"ROCK CREEK UPPER","DDT","","",NA,NA,NA,NA,NA,"NA (CCC), NA (CMC)",NA,"NA (CCC), NA (CMC)",NA,NA
"SOAPSTONE CREEK","DDT","","",1,NA,2013,0,"never","0 (CCC), 0 (CMC)","NA (CCC) NA (CMC)","NA (CCC), NA (CMC)",NA,NA
"TEXAS AVENUE TRIBUTARY","DDT","","",6,3,2019,1,"2014","1 (CCC), 0 (CMC)","2014 (CCC) NA (CMC)","3 (CCC), NA (CMC)",NA,NA
"TIDAL BASIN","DDT","","",3,NA,2014,0,"never","0 (CCC), 0 (CMC)","NA (CCC) NA (CMC)","NA (CCC), NA (CMC)",NA,NA
"WASHINGTON SHIP CHANNEL","DDT","","",19,12,2016,0,"never","0 (CCC), 0 (CMC)","NA (CCC) NA (CMC)","NA (CCC), NA (CMC)",NA,NA
"WATTS BRANCH LOWER","DDT","","",7,4,2019,0,"never","0 (CCC), 0 (CMC)","NA (CCC) NA (CMC)","NA (CCC), NA (CMC)",NA,NA
"WATTS BRANCH UPPER","DDT","","",13,13,2021,0,"never","0 (CCC), 0 (CMC)","NA (CCC) NA (CMC)","NA (CCC), NA (CMC)",NA,NA
"ANACOSTIA LOWER","DIELDRIN","","",52,40,2021,2,"2021","0 (CCC), 0 (CMC)","NA (CCC) NA (CMC)","NA (CCC), NA (CMC)","No (CCC), No (CMC)","Never (CCC), Never (CMC)"
"ANACOSTIA UPPER","DIELDRIN","","",102,84,2019,38,"2019","0 (CCC), 0 (CMC)","NA (CCC) NA (CMC)","NA (CCC), NA (CMC)","No (CCC), No (CMC)","Never (CCC), Never (CMC)"
"BATTERY KEMBLE CREEK","DIELDRIN","","",NA,NA,NA,NA,NA,"NA (CCC), NA (CMC)",NA,"NA (CCC), NA (CMC)",NA,NA
"BROAD BRANCH","DIELDRIN","","",14,13,2021,9,"2021","0 (CCC), 0 (CMC)","NA (CCC) NA (CMC)","NA (CCC), NA (CMC)","No (CCC), No (CMC)","Never (CCC), Never (CMC)"
"C&O CANAL","DIELDRIN","","",NA,NA,NA,NA,NA,"NA (CCC), NA (CMC)",NA,"NA (CCC), NA (CMC)",NA,NA
"DALECARLIA TRIBUTARY","DIELDRIN","","",1,NA,2013,1,"2013","0 (CCC), 0 (CMC)","NA (CCC) NA (CMC)","NA (CCC), NA (CMC)",NA,NA
"DUMBARTON OAKS","DIELDRIN","","",14,13,2021,13,"2021","0 (CCC), 0 (CMC)","NA (CCC) NA (CMC)","NA (CCC), NA (CMC)","No (CCC), No (CMC)","Never (CCC), Never (CMC)"
"FENWICK BRANCH","DIELDRIN","","",1,NA,2013,1,"2013","0 (CCC), 0 (CMC)","NA (CCC) NA (CMC)","NA (CCC), NA (CMC)",NA,NA
"FORT CHAPLIN TRIBUTARY","DIELDRIN","","",NA,NA,NA,NA,NA,"NA (CCC), NA (CMC)",NA,"NA (CCC), NA (CMC)",NA,NA
"FORT DAVIS TRIBUTARY","DIELDRIN","","",NA,NA,NA,NA,NA,"NA (CCC), NA (CMC)",NA,"NA (CCC), NA (CMC)",NA,NA
"FORT DUPONT TRIBUTARY","DIELDRIN","","",13,13,2021,0,"never","0 (CCC), 0 (CMC)","NA (CCC) NA (CMC)","NA (CCC), NA (CMC)",NA,NA
"FORT STANTON TRIBUTARY","DIELDRIN","","",16,13,2021,0,"never","0 (CCC), 0 (CMC)","NA (CCC) NA (CMC)","NA (CCC), NA (CMC)",NA,NA
"FOUNDRY BRANCH","DIELDRIN","","",NA,NA,NA,NA,NA,"NA (CCC), NA (CMC)",NA,"NA (CCC), NA (CMC)",NA,NA
"HICKEY RUN","DIELDRIN","","",6,3,2019,0,"never","0 (CCC), 0 (CMC)","NA (CCC) NA (CMC)","NA (CCC), NA (CMC)",NA,NA
"KINGMAN LAKE","DIELDRIN","","",24,15,2019,2,"2018","0 (CCC), 0 (CMC)","NA (CCC) NA (CMC)","NA (CCC), NA (CMC)","No (CCC), No (CMC)","Never (CCC), Never (CMC)"
"KLINGLE VALLEY","DIELDRIN","","",1,NA,2013,1,"2013","0 (CCC), 0 (CMC)","NA (CCC) NA (CMC)","NA (CCC), NA (CMC)",NA,NA
"LUZON BRANCH","DIELDRIN","","",1,NA,2013,1,"2013","0 (CCC), 0 (CMC)","NA (CCC) NA (CMC)","NA (CCC), NA (CMC)",NA,NA
"MELVIN HAZEN VALLEY BRANCH","DIELDRIN","","",14,13,2021,9,"2021","0 (CCC), 0 (CMC)","NA (CCC) NA (CMC)","NA (CCC), NA (CMC)","No (CCC), No (CMC)","Never (CCC), Never (CMC)"
"NASH RUN","DIELDRIN","","",6,3,2019,1,"2014","0 (CCC), 0 (CMC)","NA (CCC) NA (CMC)","NA (CCC), NA (CMC)",NA,NA
"NORMANSTONE CREEK","DIELDRIN","","",1,NA,2013,1,"2013","0 (CCC), 0 (CMC)","NA (CCC) NA (CMC)","NA (CCC), NA (CMC)",NA,NA
"OXON RUN","DIELDRIN","","",1,NA,2013,1,"2013","0 (CCC), 0 (CMC)","NA (CCC) NA (CMC)","NA (CCC), NA (CMC)",NA,NA
"PINEHURST BRANCH","DIELDRIN","","",2,NA,2013,2,"2013","0 (CCC), 0 (CMC)","NA (CCC) NA (CMC)","NA (CCC), NA (CMC)",NA,NA
"PINEY BRANCH","DIELDRIN","","",1,NA,2013,1,"2013","0 (CCC), 0 (CMC)","NA (CCC) NA (CMC)","NA (CCC), NA (CMC)",NA,NA
"POPE BRANCH","DIELDRIN","","",6,3,2019,1,"2018","0 (CCC), 0 (CMC)","NA (CCC) NA (CMC)","NA (CCC), NA (CMC)",NA,NA
"PORTAL BRANCH","DIELDRIN","","",1,NA,2013,1,"2013","0 (CCC), 0 (CMC)","NA (CCC) NA (CMC)","NA (CCC), NA (CMC)",NA,NA
"POTOMAC LOWER","DIELDRIN","","",13,13,2021,1,"2020","0 (CCC), 0 (CMC)","NA (CCC) NA (CMC)","NA (CCC), NA (CMC)",NA,NA
"POTOMAC MIDDLE","DIELDRIN","","",13,13,2021,2,"2020","0 (CCC), 0 (CMC)","NA (CCC) NA (CMC)","NA (CCC), NA (CMC)","No (CCC), No (CMC)","Never (CCC), Never (CMC)"
"POTOMAC UPPER","DIELDRIN","","",13,13,2021,1,"2021","0 (CCC), 0 (CMC)","NA (CCC) NA (CMC)","NA (CCC), NA (CMC)",NA,NA
"ROCK CREEK LOWER","DIELDRIN","","",14,13,2021,5,"2021","0 (CCC), 0 (CMC)","NA (CCC) NA (CMC)","NA (CCC), NA (CMC)","No (CCC), No (CMC)","Never (CCC), Never (CMC)"
"ROCK CREEK UPPER","DIELDRIN","","",19,NA,2000,0,"never","0 (CCC), 0 (CMC)","NA (CCC) NA (CMC)","NA (CCC), NA (CMC)",NA,NA
"SOAPSTONE CREEK","DIELDRIN","","",1,NA,2013,1,"2013","0 (CCC), 0 (CMC)","NA (CCC) NA (CMC)","NA (CCC), NA (CMC)",NA,NA
"TEXAS AVENUE TRIBUTARY","DIELDRIN","","",6,3,2019,5,"2018","0 (CCC), 0 (CMC)","NA (CCC) NA (CMC)","NA (CCC), NA (CMC)","No (CCC), No (CMC)","Never (CCC), Never (CMC)"
"TIDAL BASIN","DIELDRIN","","",3,NA,2014,0,"never","0 (CCC), 0 (CMC)","NA (CCC) NA (CMC)","NA (CCC), NA (CMC)",NA,NA
"WASHINGTON SHIP CHANNEL","DIELDRIN","","",19,12,2016,0,"never","0 (CCC), 0 (CMC)","NA (CCC) NA (CMC)","NA (CCC), NA (CMC)",NA,NA
"WATTS BRANCH LOWER","DIELDRIN","","",7,4,2019,4,"2019","0 (CCC), 0 (CMC)","NA (CCC) NA (CMC)","NA (CCC), NA (CMC)",NA,NA
"WATTS BRANCH UPPER","DIELDRIN","","",13,13,2021,4,"2021","0 (CCC), 0 (CMC)","NA (CCC) NA (CMC)","NA (CCC), NA (CMC)",NA,NA
"ANACOSTIA LOWER","HEPTACHLOR_EPOXIDE","","",52,40,2021,1,"2020","0 (CCC), 0 (CMC)","NA (CCC) NA (CMC)","NA (CCC), NA (CMC)",NA,NA
"ANACOSTIA UPPER","HEPTACHLOR_EPOXIDE","","",102,84,2019,23,"2019","1 (CCC), 0 (CMC)","2018 (CCC) NA (CMC)","23 (CCC), NA (CMC)","No (CCC), No (CMC)","Never (CCC), Never (CMC)"
"BATTERY KEMBLE CREEK","HEPTACHLOR_EPOXIDE","","",NA,NA,NA,NA,NA,"NA (CCC), NA (CMC)",NA,"NA (CCC), NA (CMC)",NA,NA
"BROAD BRANCH","HEPTACHLOR_EPOXIDE","","",14,13,2021,8,"2021","1 (CCC), 0 (CMC)","2021 (CCC) NA (CMC)","3 (CCC), NA (CMC)","No (CCC), No (CMC)","Never (CCC), Never (CMC)"
"C&O CANAL","HEPTACHLOR_EPOXIDE","","",NA,NA,NA,NA,NA,"NA (CCC), NA (CMC)",NA,"NA (CCC), NA (CMC)",NA,NA
"DALECARLIA TRIBUTARY","HEPTACHLOR_EPOXIDE","","",1,NA,2013,1,"2013","0 (CCC), 0 (CMC)","NA (CCC) NA (CMC)","NA (CCC), NA (CMC)",NA,NA
"DUMBARTON OAKS","HEPTACHLOR_EPOXIDE","","",14,13,2021,10,"2021","5 (CCC), 0 (CMC)","2021 (CCC) NA (CMC)","2 (CCC), NA (CMC)","Yes (CCC), No (CMC)","2018 - 2021 (CCC), Never (CMC)"
"FENWICK BRANCH","HEPTACHLOR_EPOXIDE","","",1,NA,2013,1,"2013","0 (CCC), 0 (CMC)","NA (CCC) NA (CMC)","NA (CCC), NA (CMC)",NA,NA
"FORT CHAPLIN TRIBUTARY","HEPTACHLOR_EPOXIDE","","",NA,NA,NA,NA,NA,"NA (CCC), NA (CMC)",NA,"NA (CCC), NA (CMC)",NA,NA
"FORT DAVIS TRIBUTARY","HEPTACHLOR_EPOXIDE","","",NA,NA,NA,NA,NA,"NA (CCC), NA (CMC)",NA,"NA (CCC), NA (CMC)",NA,NA
"FORT DUPONT TRIBUTARY","HEPTACHLOR_EPOXIDE","","",13,13,2021,1,"2021","0 (CCC), 0 (CMC)","NA (CCC) NA (CMC)","NA (CCC), NA (CMC)",NA,NA
"FORT STANTON TRIBUTARY","HEPTACHLOR_EPOXIDE","","",16,13,2021,0,"never","0 (CCC), 0 (CMC)","NA (CCC) NA (CMC)","NA (CCC), NA (CMC)",NA,NA
"FOUNDRY BRANCH","HEPTACHLOR_EPOXIDE","","",NA,NA,NA,NA,NA,"NA (CCC), NA (CMC)",NA,"NA (CCC), NA (CMC)",NA,NA
"HICKEY RUN","HEPTACHLOR_EPOXIDE","","",6,3,2019,0,"never","0 (CCC), 0 (CMC)","NA (CCC) NA (CMC)","NA (CCC), NA (CMC)",NA,NA
"KINGMAN LAKE","HEPTACHLOR_EPOXIDE","","",24,15,2019,1,"2016","0 (CCC), 0 (CMC)","NA (CCC) NA (CMC)","NA (CCC), NA (CMC)",NA,NA
"KLINGLE VALLEY","HEPTACHLOR_EPOXIDE","","",1,NA,2013,1,"2013","0 (CCC), 0 (CMC)","NA (CCC) NA (CMC)","NA (CCC), NA (CMC)",NA,NA
"LUZON BRANCH","HEPTACHLOR_EPOXIDE","","",1,NA,2013,1,"2013","0 (CCC), 0 (CMC)","NA (CCC) NA (CMC)","NA (CCC), NA (CMC)",NA,NA
"MELVIN HAZEN VALLEY BRANCH","HEPTACHLOR_EPOXIDE","","",14,13,2021,2,"2021","0 (CCC), 0 (CMC)","NA (CCC) NA (CMC)","NA (CCC), NA (CMC)","No (CCC), No (CMC)","Never (CCC), Never (CMC)"
"NASH RUN","HEPTACHLOR_EPOXIDE","","",6,3,2019,2,"2014","0 (CCC), 0 (CMC)","NA (CCC) NA (CMC)","NA (CCC), NA (CMC)",NA,NA
"NORMANSTONE CREEK","HEPTACHLOR_EPOXIDE","","",1,NA,2013,1,"2013","0 (CCC), 0 (CMC)","NA (CCC) NA (CMC)","NA (CCC), NA (CMC)",NA,NA
"OXON RUN","HEPTACHLOR_EPOXIDE","","",1,NA,2013,0,"never","0 (CCC), 0 (CMC)","NA (CCC) NA (CMC)","NA (CCC), NA (CMC)",NA,NA
"PINEHURST BRANCH","HEPTACHLOR_EPOXIDE","","",1,NA,2013,1,"2013","0 (CCC), 0 (CMC)","NA (CCC) NA (CMC)","NA (CCC), NA (CMC)",NA,NA
"PINEY BRANCH","HEPTACHLOR_EPOXIDE","","",1,NA,2013,1,"2013","0 (CCC), 0 (CMC)","NA (CCC) NA (CMC)","NA (CCC), NA (CMC)",NA,NA
"POPE BRANCH","HEPTACHLOR_EPOXIDE","","",6,3,2019,3,"2014","0 (CCC), 0 (CMC)","NA (CCC) NA (CMC)","NA (CCC), NA (CMC)",NA,NA
"PORTAL BRANCH","HEPTACHLOR_EPOXIDE","","",1,NA,2013,1,"2013","0 (CCC), 0 (CMC)","NA (CCC) NA (CMC)","NA (CCC), NA (CMC)",NA,NA
"POTOMAC LOWER","HEPTACHLOR_EPOXIDE","","",13,13,2021,0,"never","0 (CCC), 0 (CMC)","NA (CCC) NA (CMC)","NA (CCC), NA (CMC)",NA,NA
"POTOMAC MIDDLE","HEPTACHLOR_EPOXIDE","","",13,13,2021,1,"2020","0 (CCC), 0 (CMC)","NA (CCC) NA (CMC)","NA (CCC), NA (CMC)",NA,NA
"POTOMAC UPPER","HEPTACHLOR_EPOXIDE","","",13,13,2021,1,"2020","0 (CCC), 0 (CMC)","NA (CCC) NA (CMC)","NA (CCC), NA (CMC)",NA,NA
"ROCK CREEK LOWER","HEPTACHLOR_EPOXIDE","","",13,13,2021,7,"2021","0 (CCC), 0 (CMC)","NA (CCC) NA (CMC)","NA (CCC), NA (CMC)","No (CCC), No (CMC)","Never (CCC), Never (CMC)"
"ROCK CREEK UPPER","HEPTACHLOR_EPOXIDE","","",NA,NA,NA,NA,NA,"NA (CCC), NA (CMC)",NA,"NA (CCC), NA (CMC)",NA,NA
"SOAPSTONE CREEK","HEPTACHLOR_EPOXIDE","","",1,NA,2013,1,"2013","0 (CCC), 0 (CMC)","NA (CCC) NA (CMC)","NA (CCC), NA (CMC)",NA,NA
"TEXAS AVENUE TRIBUTARY","HEPTACHLOR_EPOXIDE","","",6,3,2019,3,"2018","0 (CCC), 0 (CMC)","NA (CCC) NA (CMC)","NA (CCC), NA (CMC)",NA,NA
"TIDAL BASIN","HEPTACHLOR_EPOXIDE","","",3,NA,2014,0,"never","0 (CCC), 0 (CMC)","NA (CCC) NA (CMC)","NA (CCC), NA (CMC)",NA,NA
"WASHINGTON SHIP CHANNEL","HEPTACHLOR_EPOXIDE","","",19,12,2016,0,"never","0 (CCC), 0 (CMC)","NA (CCC) NA (CMC)","NA (CCC), NA (CMC)",NA,NA
"WATTS BRANCH LOWER","HEPTACHLOR_EPOXIDE","","",7,4,2019,0,"never","0 (CCC), 0 (CMC)","NA (CCC) NA (CMC)","NA (CCC), NA (CMC)",NA,NA
"WATTS BRANCH UPPER","HEPTACHLOR_EPOXIDE","","",13,13,2021,1,"2021","0 (CCC), 0 (CMC)","NA (CCC) NA (CMC)","NA (CCC), NA (CMC)",NA,NA
"ANACOSTIA LOWER","MERCURY","","",98,74,2021,5,"2016","0 (CCC), 0 (CMC)","NA (CCC) NA (CMC)","NA (CCC), NA (CMC)",NA,NA
"ANACOSTIA UPPER","MERCURY","","",60,36,2016,2,"2016","0 (CCC), 0 (CMC)","NA (CCC) NA (CMC)","NA (CCC), NA (CMC)",NA,NA
"BATTERY KEMBLE CREEK","MERCURY","","",NA,NA,NA,NA,NA,"NA (CCC), NA (CMC)",NA,"NA (CCC), NA (CMC)",NA,NA
"BROAD BRANCH","MERCURY","","",26,26,2021,0,"never","0 (CCC), 0 (CMC)","NA (CCC) NA (CMC)","NA (CCC), NA (CMC)",NA,NA
"C&O CANAL","MERCURY","","",NA,NA,NA,NA,NA,"NA (CCC), NA (CMC)",NA,"NA (CCC), NA (CMC)",NA,NA
"DALECARLIA TRIBUTARY","MERCURY","","",NA,NA,NA,NA,NA,"NA (CCC), NA (CMC)",NA,"NA (CCC), NA (CMC)",NA,NA
"DUMBARTON OAKS","MERCURY","","",26,26,2021,2,"2020","0 (CCC), 0 (CMC)","NA (CCC) NA (CMC)","NA (CCC), NA (CMC)",NA,NA
"FENWICK BRANCH","MERCURY","","",NA,NA,NA,NA,NA,"NA (CCC), NA (CMC)",NA,"NA (CCC), NA (CMC)",NA,NA
"FORT CHAPLIN TRIBUTARY","MERCURY","","",NA,NA,NA,NA,NA,"NA (CCC), NA (CMC)",NA,"NA (CCC), NA (CMC)",NA,NA
"FORT DAVIS TRIBUTARY","MERCURY","","",NA,NA,NA,NA,NA,"NA (CCC), NA (CMC)",NA,"NA (CCC), NA (CMC)",NA,NA
"FORT DUPONT TRIBUTARY","MERCURY","","",26,26,2021,0,"never","0 (CCC), 0 (CMC)","NA (CCC) NA (CMC)","NA (CCC), NA (CMC)",NA,NA
"FORT STANTON TRIBUTARY","MERCURY","","",26,26,2021,0,"never","0 (CCC), 0 (CMC)","NA (CCC) NA (CMC)","NA (CCC), NA (CMC)",NA,NA
"FOUNDRY BRANCH","MERCURY","","",NA,NA,NA,NA,NA,"NA (CCC), NA (CMC)",NA,"NA (CCC), NA (CMC)",NA,NA
"HICKEY RUN","MERCURY","","",102,101,2021,100,"2021","0 (CCC), 0 (CMC)","NA (CCC) NA (CMC)","NA (CCC), NA (CMC)",NA,NA
"KINGMAN LAKE","MERCURY","","",36,24,2016,2,"2016","0 (CCC), 0 (CMC)","NA (CCC) NA (CMC)","NA (CCC), NA (CMC)",NA,NA
"KLINGLE VALLEY","MERCURY","","",NA,NA,NA,NA,NA,"NA (CCC), NA (CMC)",NA,"NA (CCC), NA (CMC)",NA,NA
"LUZON BRANCH","MERCURY","","",NA,NA,NA,NA,NA,"NA (CCC), NA (CMC)",NA,"NA (CCC), NA (CMC)",NA,NA
"MELVIN HAZEN VALLEY BRANCH","MERCURY","","",26,26,2021,1,"2020","0 (CCC), 0 (CMC)","NA (CCC) NA (CMC)","NA (CCC), NA (CMC)",NA,NA
"NASH RUN","MERCURY","","",NA,NA,NA,NA,NA,"NA (CCC), NA (CMC)",NA,"NA (CCC), NA (CMC)",NA,NA
"NORMANSTONE CREEK","MERCURY","","",NA,NA,NA,NA,NA,"NA (CCC), NA (CMC)",NA,"NA (CCC), NA (CMC)",NA,NA
"OXON RUN","MERCURY","","",NA,NA,NA,NA,NA,"NA (CCC), NA (CMC)",NA,"NA (CCC), NA (CMC)",NA,NA
"PINEHURST BRANCH","MERCURY","","",NA,NA,NA,NA,NA,"NA (CCC), NA (CMC)",NA,"NA (CCC), NA (CMC)",NA,NA
"PINEY BRANCH","MERCURY","","",NA,NA,NA,NA,NA,"NA (CCC), NA (CMC)",NA,"NA (CCC), NA (CMC)",NA,NA
"POPE BRANCH","MERCURY","","",2,2,2017,0,"never","0 (CCC), 0 (CMC)","NA (CCC) NA (CMC)","NA (CCC), NA (CMC)",NA,NA
"PORTAL BRANCH","MERCURY","","",NA,NA,NA,NA,NA,"NA (CCC), NA (CMC)",NA,"NA (CCC), NA (CMC)",NA,NA
"POTOMAC LOWER","MERCURY","","",26,26,2021,0,"never","0 (CCC), 0 (CMC)","NA (CCC) NA (CMC)","NA (CCC), NA (CMC)",NA,NA
"POTOMAC MIDDLE","MERCURY","","",26,26,2021,0,"never","0 (CCC), 0 (CMC)","NA (CCC) NA (CMC)","NA (CCC), NA (CMC)",NA,NA
"POTOMAC UPPER","MERCURY","","",26,26,2021,0,"never","0 (CCC), 0 (CMC)","NA (CCC) NA (CMC)","NA (CCC), NA (CMC)",NA,NA
"ROCK CREEK LOWER","MERCURY","","",26,26,2021,0,"never","0 (CCC), 0 (CMC)","NA (CCC) NA (CMC)","NA (CCC), NA (CMC)",NA,NA
"ROCK CREEK UPPER","MERCURY","","",104,102,2021,104,"2021","0 (CCC), 0 (CMC)","NA (CCC) NA (CMC)","NA (CCC), NA (CMC)",NA,NA
"SOAPSTONE CREEK","MERCURY","","",NA,NA,NA,NA,NA,"NA (CCC), NA (CMC)",NA,"NA (CCC), NA (CMC)",NA,NA
"TEXAS AVENUE TRIBUTARY","MERCURY","","",NA,NA,NA,NA,NA,"NA (CCC), NA (CMC)",NA,"NA (CCC), NA (CMC)",NA,NA
"TIDAL BASIN","MERCURY","","",NA,NA,NA,NA,NA,"NA (CCC), NA (CMC)",NA,"NA (CCC), NA (CMC)",NA,NA
"WASHINGTON SHIP CHANNEL","MERCURY","","",32,24,2016,0,"never","0 (CCC), 0 (CMC)","NA (CCC) NA (CMC)","NA (CCC), NA (CMC)",NA,NA
"WATTS BRANCH LOWER","MERCURY","","",NA,NA,NA,NA,NA,"NA (CCC), NA (CMC)",NA,"NA (CCC), NA (CMC)",NA,NA
"WATTS BRANCH UPPER","MERCURY","","",134,133,2021,102,"2021","0 (CCC), 0 (CMC)","NA (CCC) NA (CMC)","NA (CCC), NA (CMC)",NA,NA
"ANACOSTIA LOWER","PAH1","","",156,120,2021,1,"2016","0 (CCC), 0 (CMC)","NA (CCC) NA (CMC)","NA (CCC), NA (CMC)",NA,NA
"ANACOSTIA UPPER","PAH1","","",162,108,2019,7,"2014","0 (CCC), 0 (CMC)","NA (CCC) NA (CMC)","NA (CCC), NA (CMC)",NA,NA
"BATTERY KEMBLE CREEK","PAH1","","",NA,NA,NA,NA,NA,"NA (CCC), NA (CMC)",NA,"NA (CCC), NA (CMC)",NA,NA
"BROAD BRANCH","PAH1","","",42,39,2021,0,"never","0 (CCC), 0 (CMC)","NA (CCC) NA (CMC)","NA (CCC), NA (CMC)",NA,NA
"C&O CANAL","PAH1","","",NA,NA,NA,NA,NA,"NA (CCC), NA (CMC)",NA,"NA (CCC), NA (CMC)",NA,NA
"DALECARLIA TRIBUTARY","PAH1","","",3,NA,2013,1,"2013","0 (CCC), 0 (CMC)","NA (CCC) NA (CMC)","NA (CCC), NA (CMC)",NA,NA
"DUMBARTON OAKS","PAH1","","",42,39,2021,0,"never","0 (CCC), 0 (CMC)","NA (CCC) NA (CMC)","NA (CCC), NA (CMC)",NA,NA
"FENWICK BRANCH","PAH1","","",3,NA,2013,0,"never","0 (CCC), 0 (CMC)","NA (CCC) NA (CMC)","NA (CCC), NA (CMC)",NA,NA
"FORT CHAPLIN TRIBUTARY","PAH1","","",NA,NA,NA,NA,NA,"NA (CCC), NA (CMC)",NA,"NA (CCC), NA (CMC)",NA,NA
"FORT DAVIS TRIBUTARY","PAH1","","",NA,NA,NA,NA,NA,"NA (CCC), NA (CMC)",NA,"NA (CCC), NA (CMC)",NA,NA
"FORT DUPONT TRIBUTARY","PAH1","","",39,39,2021,0,"never","0 (CCC), 0 (CMC)","NA (CCC) NA (CMC)","NA (CCC), NA (CMC)",NA,NA
"FORT STANTON TRIBUTARY","PAH1","","",57,48,2021,1,"2014","0 (CCC), 0 (CMC)","NA (CCC) NA (CMC)","NA (CCC), NA (CMC)",NA,NA
"FOUNDRY BRANCH","PAH1","","",NA,NA,NA,NA,NA,"NA (CCC), NA (CMC)",NA,"NA (CCC), NA (CMC)",NA,NA
"HICKEY RUN","PAH1","","",18,9,2019,4,"2014","0 (CCC), 0 (CMC)","NA (CCC) NA (CMC)","NA (CCC), NA (CMC)",NA,NA
"KINGMAN LAKE","PAH1","","",72,45,2019,3,"2016","0 (CCC), 0 (CMC)","NA (CCC) NA (CMC)","NA (CCC), NA (CMC)",NA,NA
"KLINGLE VALLEY","PAH1","","",3,NA,2013,0,"never","0 (CCC), 0 (CMC)","NA (CCC) NA (CMC)","NA (CCC), NA (CMC)",NA,NA
"LUZON BRANCH","PAH1","","",3,NA,2013,0,"never","0 (CCC), 0 (CMC)","NA (CCC) NA (CMC)","NA (CCC), NA (CMC)",NA,NA
"MELVIN HAZEN VALLEY BRANCH","PAH1","","",42,39,2021,0,"never","0 (CCC), 0 (CMC)","NA (CCC) NA (CMC)","NA (CCC), NA (CMC)",NA,NA
"NASH RUN","PAH1","","",18,9,2019,4,"2014","0 (CCC), 0 (CMC)","NA (CCC) NA (CMC)","NA (CCC), NA (CMC)",NA,NA
"NORMANSTONE CREEK","PAH1","","",3,NA,2013,0,"never","0 (CCC), 0 (CMC)","NA (CCC) NA (CMC)","NA (CCC), NA (CMC)",NA,NA
"OXON RUN","PAH1","","",3,NA,2013,0,"never","0 (CCC), 0 (CMC)","NA (CCC) NA (CMC)","NA (CCC), NA (CMC)",NA,NA
"PINEHURST BRANCH","PAH1","","",3,NA,2013,0,"never","0 (CCC), 0 (CMC)","NA (CCC) NA (CMC)","NA (CCC), NA (CMC)",NA,NA
"PINEY BRANCH","PAH1","","",3,NA,2013,0,"never","0 (CCC), 0 (CMC)","NA (CCC) NA (CMC)","NA (CCC), NA (CMC)",NA,NA
"POPE BRANCH","PAH1","","",18,9,2019,0,"never","0 (CCC), 0 (CMC)","NA (CCC) NA (CMC)","NA (CCC), NA (CMC)",NA,NA
"PORTAL BRANCH","PAH1","","",3,NA,2013,0,"never","0 (CCC), 0 (CMC)","NA (CCC) NA (CMC)","NA (CCC), NA (CMC)",NA,NA
"POTOMAC LOWER","PAH1","","",39,39,2021,0,"never","0 (CCC), 0 (CMC)","NA (CCC) NA (CMC)","NA (CCC), NA (CMC)",NA,NA
"POTOMAC MIDDLE","PAH1","","",39,39,2021,1,"2021","0 (CCC), 0 (CMC)","NA (CCC) NA (CMC)","NA (CCC), NA (CMC)",NA,NA
"POTOMAC UPPER","PAH1","","",39,39,2021,0,"never","0 (CCC), 0 (CMC)","NA (CCC) NA (CMC)","NA (CCC), NA (CMC)",NA,NA
"ROCK CREEK LOWER","PAH1","","",39,39,2021,0,"never","0 (CCC), 0 (CMC)","NA (CCC) NA (CMC)","NA (CCC), NA (CMC)",NA,NA
"ROCK CREEK UPPER","PAH1","","",NA,NA,NA,NA,NA,"NA (CCC), NA (CMC)",NA,"NA (CCC), NA (CMC)",NA,NA
"SOAPSTONE CREEK","PAH1","","",3,NA,2013,0,"never","0 (CCC), 0 (CMC)","NA (CCC) NA (CMC)","NA (CCC), NA (CMC)",NA,NA
"TEXAS AVENUE TRIBUTARY","PAH1","","",18,9,2019,1,"2014","0 (CCC), 0 (CMC)","NA (CCC) NA (CMC)","NA (CCC), NA (CMC)",NA,NA
"TIDAL BASIN","PAH1","","",9,NA,2014,1,"2014","0 (CCC), 0 (CMC)","NA (CCC) NA (CMC)","NA (CCC), NA (CMC)",NA,NA
"WASHINGTON SHIP CHANNEL","PAH1","","",57,36,2016,0,"never","0 (CCC), 0 (CMC)","NA (CCC) NA (CMC)","NA (CCC), NA (CMC)",NA,NA
"WATTS BRANCH LOWER","PAH1","","",9,NA,2014,1,"2013","0 (CCC), 0 (CMC)","NA (CCC) NA (CMC)","NA (CCC), NA (CMC)",NA,NA
"WATTS BRANCH UPPER","PAH1","","",39,39,2021,0,"never","0 (CCC), 0 (CMC)","NA (CCC) NA (CMC)","NA (CCC), NA (CMC)",NA,NA
"ANACOSTIA LOWER","PAH2","","",208,160,2021,34,"2016","0 (CCC), 0 (CMC)","NA (CCC) NA (CMC)","NA (CCC), NA (CMC)","No (CCC), No (CMC)","Never (CCC), Never (CMC)"
"ANACOSTIA UPPER","PAH2","","",216,144,2019,69,"2016","0 (CCC), 0 (CMC)","NA (CCC) NA (CMC)","NA (CCC), NA (CMC)","No (CCC), No (CMC)","Never (CCC), Never (CMC)"
"BATTERY KEMBLE CREEK","PAH2","","",NA,NA,NA,NA,NA,"NA (CCC), NA (CMC)",NA,"NA (CCC), NA (CMC)",NA,NA
"BROAD BRANCH","PAH2","","",58,52,2021,0,"never","0 (CCC), 0 (CMC)","NA (CCC) NA (CMC)","NA (CCC), NA (CMC)",NA,NA
"C&O CANAL","PAH2","","",NA,NA,NA,NA,NA,"NA (CCC), NA (CMC)",NA,"NA (CCC), NA (CMC)",NA,NA
"DALECARLIA TRIBUTARY","PAH2","","",4,NA,2013,0,"never","0 (CCC), 0 (CMC)","NA (CCC) NA (CMC)","NA (CCC), NA (CMC)",NA,NA
"DUMBARTON OAKS","PAH2","","",58,52,2021,2,"2020","0 (CCC), 0 (CMC)","NA (CCC) NA (CMC)","NA (CCC), NA (CMC)",NA,NA
"FENWICK BRANCH","PAH2","","",6,NA,2013,2,"2007","0 (CCC), 0 (CMC)","NA (CCC) NA (CMC)","NA (CCC), NA (CMC)",NA,NA
"FORT CHAPLIN TRIBUTARY","PAH2","","",NA,NA,NA,NA,NA,"NA (CCC), NA (CMC)",NA,"NA (CCC), NA (CMC)",NA,NA
"FORT DAVIS TRIBUTARY","PAH2","","",NA,NA,NA,NA,NA,"NA (CCC), NA (CMC)",NA,"NA (CCC), NA (CMC)",NA,NA
"FORT DUPONT TRIBUTARY","PAH2","","",52,52,2021,0,"never","0 (CCC), 0 (CMC)","NA (CCC) NA (CMC)","NA (CCC), NA (CMC)",NA,NA
"FORT STANTON TRIBUTARY","PAH2","","",76,64,2021,4,"2014","0 (CCC), 0 (CMC)","NA (CCC) NA (CMC)","NA (CCC), NA (CMC)",NA,NA
"FOUNDRY BRANCH","PAH2","","",NA,NA,NA,NA,NA,"NA (CCC), NA (CMC)",NA,"NA (CCC), NA (CMC)",NA,NA
"HICKEY RUN","PAH2","","",24,12,2019,8,"2014","0 (CCC), 0 (CMC)","NA (CCC) NA (CMC)","NA (CCC), NA (CMC)",NA,NA
"KINGMAN LAKE","PAH2","","",96,60,2019,32,"2016","0 (CCC), 0 (CMC)","NA (CCC) NA (CMC)","NA (CCC), NA (CMC)",NA,NA
"KLINGLE VALLEY","PAH2","","",4,NA,2013,0,"never","0 (CCC), 0 (CMC)","NA (CCC) NA (CMC)","NA (CCC), NA (CMC)",NA,NA
"LUZON BRANCH","PAH2","","",8,NA,2013,1,"2007","0 (CCC), 0 (CMC)","NA (CCC) NA (CMC)","NA (CCC), NA (CMC)",NA,NA
"MELVIN HAZEN VALLEY BRANCH","PAH2","","",56,52,2021,0,"never","0 (CCC), 0 (CMC)","NA (CCC) NA (CMC)","NA (CCC), NA (CMC)",NA,NA
"NASH RUN","PAH2","","",24,12,2019,10,"2018","0 (CCC), 0 (CMC)","NA (CCC) NA (CMC)","NA (CCC), NA (CMC)","No (CCC), No (CMC)","Never (CCC), Never (CMC)"
"NORMANSTONE CREEK","PAH2","","",6,NA,2013,0,"never","0 (CCC), 0 (CMC)","NA (CCC) NA (CMC)","NA (CCC), NA (CMC)",NA,NA
"OXON RUN","PAH2","","",4,NA,2013,0,"never","0 (CCC), 0 (CMC)","NA (CCC) NA (CMC)","NA (CCC), NA (CMC)",NA,NA
"PINEHURST BRANCH","PAH2","","",10,NA,2013,0,"never","0 (CCC), 0 (CMC)","NA (CCC) NA (CMC)","NA (CCC), NA (CMC)",NA,NA
"PINEY BRANCH","PAH2","","",8,NA,2013,0,"never","0 (CCC), 0 (CMC)","NA (CCC) NA (CMC)","NA (CCC), NA (CMC)",NA,NA
"POPE BRANCH","PAH2","","",24,12,2019,3,"2014","0 (CCC), 0 (CMC)","NA (CCC) NA (CMC)","NA (CCC), NA (CMC)",NA,NA
"PORTAL BRANCH","PAH2","","",4,NA,2013,0,"never","0 (CCC), 0 (CMC)","NA (CCC) NA (CMC)","NA (CCC), NA (CMC)",NA,NA
"POTOMAC LOWER","PAH2","","",52,52,2021,0,"never","0 (CCC), 0 (CMC)","NA (CCC) NA (CMC)","NA (CCC), NA (CMC)",NA,NA
"POTOMAC MIDDLE","PAH2","","",52,52,2021,3,"2020","0 (CCC), 0 (CMC)","NA (CCC) NA (CMC)","NA (CCC), NA (CMC)","No (CCC), No (CMC)","Never (CCC), Never (CMC)"
"POTOMAC UPPER","PAH2","","",52,52,2021,2,"2020","0 (CCC), 0 (CMC)","NA (CCC) NA (CMC)","NA (CCC), NA (CMC)","No (CCC), No (CMC)","Never (CCC), Never (CMC)"
"ROCK CREEK LOWER","PAH2","","",68,52,2021,13,"2020","0 (CCC), 0 (CMC)","NA (CCC) NA (CMC)","NA (CCC), NA (CMC)","No (CCC), No (CMC)","Never (CCC), Never (CMC)"
"ROCK CREEK UPPER","PAH2","","",46,NA,2008,36,"2008","0 (CCC), 0 (CMC)","NA (CCC) NA (CMC)","NA (CCC), NA (CMC)",NA,NA
"SOAPSTONE CREEK","PAH2","","",6,NA,2013,0,"never","0 (CCC), 0 (CMC)","NA (CCC) NA (CMC)","NA (CCC), NA (CMC)",NA,NA
"TEXAS AVENUE TRIBUTARY","PAH2","","",24,12,2019,4,"2014","0 (CCC), 0 (CMC)","NA (CCC) NA (CMC)","NA (CCC), NA (CMC)",NA,NA
"TIDAL BASIN","PAH2","","",12,NA,2014,0,"never","0 (CCC), 0 (CMC)","NA (CCC) NA (CMC)","NA (CCC), NA (CMC)",NA,NA
"WASHINGTON SHIP CHANNEL","PAH2","","",76,48,2016,11,"2016","0 (CCC), 0 (CMC)","NA (CCC) NA (CMC)","NA (CCC), NA (CMC)","No (CCC), No (CMC)","Never (CCC), Never (CMC)"
"WATTS BRANCH LOWER","PAH2","","",12,NA,2014,1,"2013","0 (CCC), 0 (CMC)","NA (CCC) NA (CMC)","NA (CCC), NA (CMC)",NA,NA
"WATTS BRANCH UPPER","PAH2","","",52,52,2021,0,"never","0 (CCC), 0 (CMC)","NA (CCC) NA (CMC)","NA (CCC), NA (CMC)",NA,NA
"ANACOSTIA LOWER","PAH3","","",208,160,2021,7,"2016","0 (CCC), 0 (CMC)","NA (CCC) NA (CMC)","NA (CCC), NA (CMC)","No (CCC), No (CMC)","Never (CCC), Never (CMC)"
"ANACOSTIA UPPER","PAH3","","",216,144,2019,11,"2016","0 (CCC), 0 (CMC)","NA (CCC) NA (CMC)","NA (CCC), NA (CMC)","No (CCC), No (CMC)","Never (CCC), Never (CMC)"
"BATTERY KEMBLE CREEK","PAH3","","",NA,NA,NA,NA,NA,"NA (CCC), NA (CMC)",NA,"NA (CCC), NA (CMC)",NA,NA
"BROAD BRANCH","PAH3","","",57,52,2021,2,"2020","0 (CCC), 0 (CMC)","NA (CCC) NA (CMC)","NA (CCC), NA (CMC)","No (CCC), No (CMC)","Never (CCC), Never (CMC)"
"C&O CANAL","PAH3","","",NA,NA,NA,NA,NA,"NA (CCC), NA (CMC)",NA,"NA (CCC), NA (CMC)",NA,NA
"DALECARLIA TRIBUTARY","PAH3","","",4,NA,2013,0,"never","0 (CCC), 0 (CMC)","NA (CCC) NA (CMC)","NA (CCC), NA (CMC)",NA,NA
"DUMBARTON OAKS","PAH3","","",57,52,2021,0,"never","0 (CCC), 0 (CMC)","NA (CCC) NA (CMC)","NA (CCC), NA (CMC)",NA,NA
"FENWICK BRANCH","PAH3","","",5,NA,2013,0,"never","0 (CCC), 0 (CMC)","NA (CCC) NA (CMC)","NA (CCC), NA (CMC)",NA,NA
"FORT CHAPLIN TRIBUTARY","PAH3","","",NA,NA,NA,NA,NA,"NA (CCC), NA (CMC)",NA,"NA (CCC), NA (CMC)",NA,NA
"FORT DAVIS TRIBUTARY","PAH3","","",NA,NA,NA,NA,NA,"NA (CCC), NA (CMC)",NA,"NA (CCC), NA (CMC)",NA,NA
"FORT DUPONT TRIBUTARY","PAH3","","",52,52,2021,0,"never","0 (CCC), 0 (CMC)","NA (CCC) NA (CMC)","NA (CCC), NA (CMC)",NA,NA
"FORT STANTON TRIBUTARY","PAH3","","",76,64,2021,0,"never","0 (CCC), 0 (CMC)","NA (CCC) NA (CMC)","NA (CCC), NA (CMC)",NA,NA
"FOUNDRY BRANCH","PAH3","","",NA,NA,NA,NA,NA,"NA (CCC), NA (CMC)",NA,"NA (CCC), NA (CMC)",NA,NA
"HICKEY RUN","PAH3","","",24,12,2019,0,"never","0 (CCC), 0 (CMC)","NA (CCC) NA (CMC)","NA (CCC), NA (CMC)",NA,NA
"KINGMAN LAKE","PAH3","","",96,60,2019,5,"2016","0 (CCC), 0 (CMC)","NA (CCC) NA (CMC)","NA (CCC), NA (CMC)",NA,NA
"KLINGLE VALLEY","PAH3","","",4,NA,2013,0,"never","0 (CCC), 0 (CMC)","NA (CCC) NA (CMC)","NA (CCC), NA (CMC)",NA,NA
"LUZON BRANCH","PAH3","","",6,NA,2013,0,"never","0 (CCC), 0 (CMC)","NA (CCC) NA (CMC)","NA (CCC), NA (CMC)",NA,NA
"MELVIN HAZEN VALLEY BRANCH","PAH3","","",56,52,2021,0,"never","0 (CCC), 0 (CMC)","NA (CCC) NA (CMC)","NA (CCC), NA (CMC)",NA,NA
"NASH RUN","PAH3","","",24,12,2019,5,"2018","0 (CCC), 0 (CMC)","NA (CCC) NA (CMC)","NA (CCC), NA (CMC)","No (CCC), No (CMC)","Never (CCC), Never (CMC)"
"NORMANSTONE CREEK","PAH3","","",5,NA,2013,0,"never","0 (CCC), 0 (CMC)","NA (CCC) NA (CMC)","NA (CCC), NA (CMC)",NA,NA
"OXON RUN","PAH3","","",4,NA,2013,0,"never","0 (CCC), 0 (CMC)","NA (CCC) NA (CMC)","NA (CCC), NA (CMC)",NA,NA
"PINEHURST BRANCH","PAH3","","",7,NA,2013,0,"never","0 (CCC), 0 (CMC)","NA (CCC) NA (CMC)","NA (CCC), NA (CMC)",NA,NA
"PINEY BRANCH","PAH3","","",6,NA,2013,0,"never","0 (CCC), 0 (CMC)","NA (CCC) NA (CMC)","NA (CCC), NA (CMC)",NA,NA
"POPE BRANCH","PAH3","","",24,12,2019,2,"2014","0 (CCC), 0 (CMC)","NA (CCC) NA (CMC)","NA (CCC), NA (CMC)",NA,NA
"PORTAL BRANCH","PAH3","","",4,NA,2013,0,"never","0 (CCC), 0 (CMC)","NA (CCC) NA (CMC)","NA (CCC), NA (CMC)",NA,NA
"POTOMAC LOWER","PAH3","","",52,52,2021,0,"never","0 (CCC), 0 (CMC)","NA (CCC) NA (CMC)","NA (CCC), NA (CMC)",NA,NA
"POTOMAC MIDDLE","PAH3","","",52,52,2021,4,"2020","0 (CCC), 0 (CMC)","NA (CCC) NA (CMC)","NA (CCC), NA (CMC)","No (CCC), No (CMC)","Never (CCC), Never (CMC)"
"POTOMAC UPPER","PAH3","","",52,52,2021,4,"2020","0 (CCC), 0 (CMC)","NA (CCC) NA (CMC)","NA (CCC), NA (CMC)","No (CCC), No (CMC)","Never (CCC), Never (CMC)"
"ROCK CREEK LOWER","PAH3","","",60,52,2021,3,"2020","0 (CCC), 0 (CMC)","NA (CCC) NA (CMC)","NA (CCC), NA (CMC)","No (CCC), No (CMC)","Never (CCC), Never (CMC)"
"ROCK CREEK UPPER","PAH3","","",23,NA,2008,4,"2008","0 (CCC), 0 (CMC)","NA (CCC) NA (CMC)","NA (CCC), NA (CMC)",NA,NA
"SOAPSTONE CREEK","PAH3","","",5,NA,2013,0,"never","0 (CCC), 0 (CMC)","NA (CCC) NA (CMC)","NA (CCC), NA (CMC)",NA,NA
"TEXAS AVENUE TRIBUTARY","PAH3","","",24,12,2019,1,"2014","0 (CCC), 0 (CMC)","NA (CCC) NA (CMC)","NA (CCC), NA (CMC)",NA,NA
"TIDAL BASIN","PAH3","","",12,NA,2014,0,"never","0 (CCC), 0 (CMC)","NA (CCC) NA (CMC)","NA (CCC), NA (CMC)",NA,NA
"WASHINGTON SHIP CHANNEL","PAH3","","",76,48,2016,7,"2016","0 (CCC), 0 (CMC)","NA (CCC) NA (CMC)","NA (CCC), NA (CMC)","No (CCC), No (CMC)","Never (CCC), Never (CMC)"
"WATTS BRANCH LOWER","PAH3","","",12,NA,2014,0,"never","0 (CCC), 0 (CMC)","NA (CCC) NA (CMC)","NA (CCC), NA (CMC)",NA,NA
"WATTS BRANCH UPPER","PAH3","","",52,52,2021,0,"never","0 (CCC), 0 (CMC)","NA (CCC) NA (CMC)","NA (CCC), NA (CMC)",NA,NA
"ANACOSTIA LOWER","PCB_TOTAL","","",41,29,NA,NA,"never","0 (CCC), 0 (CMC)","NA (CCC) NA (CMC)","NA (CCC), NA (CMC)",NA,NA
"ANACOSTIA UPPER","PCB_TOTAL","","",30,18,NA,NA,"never","0 (CCC), 0 (CMC)","NA (CCC) NA (CMC)","NA (CCC), NA (CMC)",NA,NA
"BATTERY KEMBLE CREEK","PCB_TOTAL","","",NA,NA,NA,NA,NA,"NA (CCC), NA (CMC)",NA,"NA (CCC), NA (CMC)",NA,NA
"BROAD BRANCH","PCB_TOTAL","","",5,5,NA,NA,"never","0 (CCC), 0 (CMC)","NA (CCC) NA (CMC)","NA (CCC), NA (CMC)",NA,NA
"C&O CANAL","PCB_TOTAL","","",NA,NA,NA,NA,NA,"NA (CCC), NA (CMC)",NA,"NA (CCC), NA (CMC)",NA,NA
"DALECARLIA TRIBUTARY","PCB_TOTAL","","",NA,NA,NA,NA,NA,"NA (CCC), NA (CMC)",NA,"NA (CCC), NA (CMC)",NA,NA
"DUMBARTON OAKS","PCB_TOTAL","","",5,5,NA,NA,"never","0 (CCC), 0 (CMC)","NA (CCC) NA (CMC)","NA (CCC), NA (CMC)",NA,NA
"FENWICK BRANCH","PCB_TOTAL","","",NA,NA,NA,NA,NA,"NA (CCC), NA (CMC)",NA,"NA (CCC), NA (CMC)",NA,NA
"FORT CHAPLIN TRIBUTARY","PCB_TOTAL","","",NA,NA,NA,NA,NA,"NA (CCC), NA (CMC)",NA,"NA (CCC), NA (CMC)",NA,NA
"FORT DAVIS TRIBUTARY","PCB_TOTAL","","",NA,NA,NA,NA,NA,"NA (CCC), NA (CMC)",NA,"NA (CCC), NA (CMC)",NA,NA
"FORT DUPONT TRIBUTARY","PCB_TOTAL","","",5,5,NA,NA,"never","0 (CCC), 0 (CMC)","NA (CCC) NA (CMC)","NA (CCC), NA (CMC)",NA,NA
"FORT STANTON TRIBUTARY","PCB_TOTAL","","",5,5,NA,NA,"never","0 (CCC), 0 (CMC)","NA (CCC) NA (CMC)","NA (CCC), NA (CMC)",NA,NA
"FOUNDRY BRANCH","PCB_TOTAL","","",NA,NA,NA,NA,NA,"NA (CCC), NA (CMC)",NA,"NA (CCC), NA (CMC)",NA,NA
"HICKEY RUN","PCB_TOTAL","","",NA,NA,NA,NA,NA,"NA (CCC), NA (CMC)",NA,"NA (CCC), NA (CMC)",NA,NA
"KINGMAN LAKE","PCB_TOTAL","","",18,12,NA,NA,"never","0 (CCC), 0 (CMC)","NA (CCC) NA (CMC)","NA (CCC), NA (CMC)",NA,NA
"KLINGLE VALLEY","PCB_TOTAL","","",NA,NA,NA,NA,NA,"NA (CCC), NA (CMC)",NA,"NA (CCC), NA (CMC)",NA,NA
"LUZON BRANCH","PCB_TOTAL","","",NA,NA,NA,NA,NA,"NA (CCC), NA (CMC)",NA,"NA (CCC), NA (CMC)",NA,NA
"MELVIN HAZEN VALLEY BRANCH","PCB_TOTAL","","",5,5,NA,NA,"never","0 (CCC), 0 (CMC)","NA (CCC) NA (CMC)","NA (CCC), NA (CMC)",NA,NA
"NASH RUN","PCB_TOTAL","","",NA,NA,NA,NA,NA,"NA (CCC), NA (CMC)",NA,"NA (CCC), NA (CMC)",NA,NA
"NORMANSTONE CREEK","PCB_TOTAL","","",NA,NA,NA,NA,NA,"NA (CCC), NA (CMC)",NA,"NA (CCC), NA (CMC)",NA,NA
"OXON RUN","PCB_TOTAL","","",NA,NA,NA,NA,NA,"NA (CCC), NA (CMC)",NA,"NA (CCC), NA (CMC)",NA,NA
"PINEHURST BRANCH","PCB_TOTAL","","",NA,NA,NA,NA,NA,"NA (CCC), NA (CMC)",NA,"NA (CCC), NA (CMC)",NA,NA
"PINEY BRANCH","PCB_TOTAL","","",NA,NA,NA,NA,NA,"NA (CCC), NA (CMC)",NA,"NA (CCC), NA (CMC)",NA,NA
"POPE BRANCH","PCB_TOTAL","","",NA,NA,NA,NA,NA,"NA (CCC), NA (CMC)",NA,"NA (CCC), NA (CMC)",NA,NA
"PORTAL BRANCH","PCB_TOTAL","","",NA,NA,NA,NA,NA,"NA (CCC), NA (CMC)",NA,"NA (CCC), NA (CMC)",NA,NA
"POTOMAC LOWER","PCB_TOTAL","","",5,5,NA,NA,"never","0 (CCC), 0 (CMC)","NA (CCC) NA (CMC)","NA (CCC), NA (CMC)",NA,NA
"POTOMAC MIDDLE","PCB_TOTAL","","",5,5,NA,NA,"never","0 (CCC), 0 (CMC)","NA (CCC) NA (CMC)","NA (CCC), NA (CMC)",NA,NA
"POTOMAC UPPER","PCB_TOTAL","","",5,5,NA,NA,"never","0 (CCC), 0 (CMC)","NA (CCC) NA (CMC)","NA (CCC), NA (CMC)",NA,NA
"ROCK CREEK LOWER","PCB_TOTAL","","",5,5,NA,NA,"never","0 (CCC), 0 (CMC)","NA (CCC) NA (CMC)","NA (CCC), NA (CMC)",NA,NA
"ROCK CREEK UPPER","PCB_TOTAL","","",NA,NA,NA,NA,NA,"NA (CCC), NA (CMC)",NA,"NA (CCC), NA (CMC)",NA,NA
"SOAPSTONE CREEK","PCB_TOTAL","","",NA,NA,NA,NA,NA,"NA (CCC), NA (CMC)",NA,"NA (CCC), NA (CMC)",NA,NA
"TEXAS AVENUE TRIBUTARY","PCB_TOTAL","","",NA,NA,NA,NA,NA,"NA (CCC), NA (CMC)",NA,"NA (CCC), NA (CMC)",NA,NA
"TIDAL BASIN","PCB_TOTAL","","",NA,NA,NA,NA,NA,"NA (CCC), NA (CMC)",NA,"NA (CCC), NA (CMC)",NA,NA
"WASHINGTON SHIP CHANNEL","PCB_TOTAL","","",16,12,NA,NA,"never","0 (CCC), 0 (CMC)","NA (CCC) NA (CMC)","NA (CCC), NA (CMC)",NA,NA
"WATTS BRANCH LOWER","PCB_TOTAL","","",NA,NA,NA,NA,NA,"NA (CCC), NA (CMC)",NA,"NA (CCC), NA (CMC)",NA,NA
"WATTS BRANCH UPPER","PCB_TOTAL","","",5,5,NA,NA,"never","0 (CCC), 0 (CMC)","NA (CCC) NA (CMC)","NA (CCC), NA (CMC)",NA,NA
"ANACOSTIA LOWER","ZINC","","",119,80,2021,92,"2021","0 (CCC), 0 (CMC)","NA (CCC) NA (CMC)","NA (CCC), NA (CMC)",NA,NA
"ANACOSTIA UPPER","ZINC","","",150,72,2019,115,"2019","0 (CCC), 0 (CMC)","NA (CCC) NA (CMC)","NA (CCC), NA (CMC)",NA,NA
"BATTERY KEMBLE CREEK","ZINC","","",17,NA,2013,6,"2013","0 (CCC), 0 (CMC)","NA (CCC) NA (CMC)","NA (CCC), NA (CMC)",NA,NA
"BROAD BRANCH","ZINC","","",36,26,2021,8,"2021","0 (CCC), 0 (CMC)","NA (CCC) NA (CMC)","NA (CCC), NA (CMC)",NA,NA
"C&O CANAL","ZINC","","",29,NA,2002,0,"never","0 (CCC), 0 (CMC)","NA (CCC) NA (CMC)","NA (CCC), NA (CMC)",NA,NA
"DALECARLIA TRIBUTARY","ZINC","","",13,NA,2002,2,"2001","0 (CCC), 0 (CMC)","NA (CCC) NA (CMC)","NA (CCC), NA (CMC)",NA,NA
"DUMBARTON OAKS","ZINC","","",37,26,2021,22,"2021","0 (CCC), 0 (CMC)","NA (CCC) NA (CMC)","NA (CCC), NA (CMC)",NA,NA
"FENWICK BRANCH","ZINC","","",11,NA,2002,2,"2001","0 (CCC), 0 (CMC)","NA (CCC) NA (CMC)","NA (CCC), NA (CMC)",NA,NA
"FORT CHAPLIN TRIBUTARY","ZINC","","",26,6,2019,19,"2019","0 (CCC), 0 (CMC)","NA (CCC) NA (CMC)","NA (CCC), NA (CMC)",NA,NA
"FORT DAVIS TRIBUTARY","ZINC","","",25,6,2019,24,"2019","0 (CCC), 0 (CMC)","NA (CCC) NA (CMC)","NA (CCC), NA (CMC)",NA,NA
"FORT DUPONT TRIBUTARY","ZINC","","",48,32,2021,43,"2021","0 (CCC), 0 (CMC)","NA (CCC) NA (CMC)","NA (CCC), NA (CMC)",NA,NA
"FORT STANTON TRIBUTARY","ZINC","","",50,32,2021,41,"2021","0 (CCC), 0 (CMC)","NA (CCC) NA (CMC)","NA (CCC), NA (CMC)",NA,NA
"FOUNDRY BRANCH","ZINC","","",2,NA,2013,2,"2013","0 (CCC), 0 (CMC)","NA (CCC) NA (CMC)","NA (CCC), NA (CMC)",NA,NA
"HICKEY RUN","ZINC","","",167,103,2021,147,"2021","0 (CCC), 0 (CMC)","NA (CCC) NA (CMC)","NA (CCC), NA (CMC)",NA,NA
"KINGMAN LAKE","ZINC","","",73,30,2019,65,"2019","1 (CCC), 1 (CMC)","2018 (CCC) 2018 (CMC)","2 (CCC), 2 (CMC)",NA,NA
"KLINGLE VALLEY","ZINC","","",9,NA,2002,0,"never","0 (CCC), 0 (CMC)","NA (CCC) NA (CMC)","NA (CCC), NA (CMC)",NA,NA
"LUZON BRANCH","ZINC","","",8,NA,2002,3,"2002","0 (CCC), 0 (CMC)","NA (CCC) NA (CMC)","NA (CCC), NA (CMC)",NA,NA
"MELVIN HAZEN VALLEY BRANCH","ZINC","","",36,26,2021,10,"2021","0 (CCC), 0 (CMC)","NA (CCC) NA (CMC)","NA (CCC), NA (CMC)",NA,NA
"NASH RUN","ZINC","","",21,6,2019,19,"2019","0 (CCC), 0 (CMC)","NA (CCC) NA (CMC)","NA (CCC), NA (CMC)",NA,NA
"NORMANSTONE CREEK","ZINC","","",10,NA,2002,0,"never","0 (CCC), 0 (CMC)","NA (CCC) NA (CMC)","NA (CCC), NA (CMC)",NA,NA
"OXON RUN","ZINC","","",11,NA,2013,7,"2013","0 (CCC), 0 (CMC)","NA (CCC) NA (CMC)","NA (CCC), NA (CMC)",NA,NA
"PINEHURST BRANCH","ZINC","","",10,NA,2002,1,"2001","0 (CCC), 0 (CMC)","NA (CCC) NA (CMC)","NA (CCC), NA (CMC)",NA,NA
"PINEY BRANCH","ZINC","","",12,NA,2013,3,"2013","0 (CCC), 0 (CMC)","NA (CCC) NA (CMC)","NA (CCC), NA (CMC)",NA,NA
"POPE BRANCH","ZINC","","",9,2,2017,4,"2017","0 (CCC), 0 (CMC)","NA (CCC) NA (CMC)","NA (CCC), NA (CMC)",NA,NA
"PORTAL BRANCH","ZINC","","",10,NA,2002,6,"2002","0 (CCC), 0 (CMC)","NA (CCC) NA (CMC)","NA (CCC), NA (CMC)",NA,NA
"POTOMAC LOWER","ZINC","","",78,26,2021,12,"2021","0 (CCC), 0 (CMC)","NA (CCC) NA (CMC)","NA (CCC), NA (CMC)",NA,NA
"POTOMAC MIDDLE","ZINC","","",51,26,2021,8,"2021","0 (CCC), 0 (CMC)","NA (CCC) NA (CMC)","NA (CCC), NA (CMC)",NA,NA
"POTOMAC UPPER","ZINC","","",38,26,2021,9,"2021","0 (CCC), 0 (CMC)","NA (CCC) NA (CMC)","NA (CCC), NA (CMC)",NA,NA
"ROCK CREEK LOWER","ZINC","","",46,26,2021,16,"2021","0 (CCC), 0 (CMC)","NA (CCC) NA (CMC)","NA (CCC), NA (CMC)",NA,NA
"ROCK CREEK UPPER","ZINC","","",178,107,2021,73,"2021","0 (CCC), 0 (CMC)","NA (CCC) NA (CMC)","NA (CCC), NA (CMC)",NA,NA
"SOAPSTONE CREEK","ZINC","","",10,NA,2002,1,"2001","0 (CCC), 0 (CMC)","NA (CCC) NA (CMC)","NA (CCC), NA (CMC)",NA,NA
"TEXAS AVENUE TRIBUTARY","ZINC","","",22,6,2019,20,"2019","0 (CCC), 0 (CMC)","NA (CCC) NA (CMC)","NA (CCC), NA (CMC)",NA,NA
"TIDAL BASIN","ZINC","","",22,NA,2002,4,"2000","0 (CCC), 0 (CMC)","NA (CCC) NA (CMC)","NA (CCC), NA (CMC)",NA,NA
"WASHINGTON SHIP CHANNEL","ZINC","","",46,24,2016,33,"2016","0 (CCC), 0 (CMC)","NA (CCC) NA (CMC)","NA (CCC), NA (CMC)",NA,NA
"WATTS BRANCH LOWER","ZINC","","",12,NA,2002,7,"2002","0 (CCC), 0 (CMC)","NA (CCC) NA (CMC)","NA (CCC), NA (CMC)",NA,NA
"WATTS BRANCH UPPER","ZINC","","",206,132,2021,177,"2021","0 (CCC), 0 (CMC)","NA (CCC) NA (CMC)","NA (CCC), NA (CMC)",NA,NA
"ANACOSTIA LOWER","LEAD","","",98,74,2021,87,"2021","0 (CCC), 0 (CMC)","NA (CCC) NA (CMC)","NA (CCC), NA (CMC)",NA,NA
"ANACOSTIA UPPER","LEAD","","",72,36,2016,66,"2016","0 (CCC), 0 (CMC)","NA (CCC) NA (CMC)","NA (CCC), NA (CMC)",NA,NA
"BATTERY KEMBLE CREEK","LEAD","","",2,NA,2013,2,"2013","0 (CCC), 0 (CMC)","NA (CCC) NA (CMC)","NA (CCC), NA (CMC)",NA,NA
"BROAD BRANCH","LEAD","","",26,26,2021,13,"2021","0 (CCC), 0 (CMC)","NA (CCC) NA (CMC)","NA (CCC), NA (CMC)",NA,NA
"C&O CANAL","LEAD","","",NA,NA,NA,NA,NA,"NA (CCC), NA (CMC)",NA,"NA (CCC), NA (CMC)",NA,NA
"DALECARLIA TRIBUTARY","LEAD","","",NA,NA,NA,NA,NA,"NA (CCC), NA (CMC)",NA,"NA (CCC), NA (CMC)",NA,NA
"DUMBARTON OAKS","LEAD","","",26,26,2021,14,"2021","1 (CCC), 0 (CMC)","2020 (CCC) NA (CMC)","20 (CCC), NA (CMC)",NA,NA
"FENWICK BRANCH","LEAD","","",NA,NA,NA,NA,NA,"NA (CCC), NA (CMC)",NA,"NA (CCC), NA (CMC)",NA,NA
"FORT CHAPLIN TRIBUTARY","LEAD","","",6,NA,2014,6,"2014","0 (CCC), 0 (CMC)","NA (CCC) NA (CMC)","NA (CCC), NA (CMC)",NA,NA
"FORT DAVIS TRIBUTARY","LEAD","","",6,NA,2014,6,"2014","0 (CCC), 0 (CMC)","NA (CCC) NA (CMC)","NA (CCC), NA (CMC)",NA,NA
"FORT DUPONT TRIBUTARY","LEAD","","",32,26,2021,23,"2021","0 (CCC), 0 (CMC)","NA (CCC) NA (CMC)","NA (CCC), NA (CMC)",NA,NA
"FORT STANTON TRIBUTARY","LEAD","","",32,26,2021,20,"2021","0 (CCC), 0 (CMC)","NA (CCC) NA (CMC)","NA (CCC), NA (CMC)",NA,NA
"FOUNDRY BRANCH","LEAD","","",2,NA,2013,2,"2013","0 (CCC), 0 (CMC)","NA (CCC) NA (CMC)","NA (CCC), NA (CMC)",NA,NA
"HICKEY RUN","LEAD","","",151,103,2021,146,"2021","0 (CCC), 0 (CMC)","NA (CCC) NA (CMC)","NA (CCC), NA (CMC)",NA,NA
"KINGMAN LAKE","LEAD","","",42,24,2016,38,"2016","0 (CCC), 0 (CMC)","NA (CCC) NA (CMC)","NA (CCC), NA (CMC)",NA,NA
"KLINGLE VALLEY","LEAD","","",NA,NA,NA,NA,NA,"NA (CCC), NA (CMC)",NA,"NA (CCC), NA (CMC)",NA,NA
"LUZON BRANCH","LEAD","","",NA,NA,NA,NA,NA,"NA (CCC), NA (CMC)",NA,"NA (CCC), NA (CMC)",NA,NA
"MELVIN HAZEN VALLEY BRANCH","LEAD","","",26,26,2021,14,"2021","0 (CCC), 0 (CMC)","NA (CCC) NA (CMC)","NA (CCC), NA (CMC)",NA,NA
"NASH RUN","LEAD","","",6,NA,2014,6,"2014","0 (CCC), 0 (CMC)","NA (CCC) NA (CMC)","NA (CCC), NA (CMC)",NA,NA
"NORMANSTONE CREEK","LEAD","","",NA,NA,NA,NA,NA,"NA (CCC), NA (CMC)",NA,"NA (CCC), NA (CMC)",NA,NA
"OXON RUN","LEAD","","",2,NA,2013,2,"2013","0 (CCC), 0 (CMC)","NA (CCC) NA (CMC)","NA (CCC), NA (CMC)",NA,NA
"PINEHURST BRANCH","LEAD","","",NA,NA,NA,NA,NA,"NA (CCC), NA (CMC)",NA,"NA (CCC), NA (CMC)",NA,NA
"PINEY BRANCH","LEAD","","",2,NA,2013,2,"2013","0 (CCC), 0 (CMC)","NA (CCC) NA (CMC)","NA (CCC), NA (CMC)",NA,NA
"POPE BRANCH","LEAD","","",2,2,2017,2,"2017","0 (CCC), 0 (CMC)","NA (CCC) NA (CMC)","NA (CCC), NA (CMC)",NA,NA
"PORTAL BRANCH","LEAD","","",NA,NA,NA,NA,NA,"NA (CCC), NA (CMC)",NA,"NA (CCC), NA (CMC)",NA,NA
"POTOMAC LOWER","LEAD","","",26,26,2021,18,"2021","1 (CCC), 1 (CMC)","2020 (CCC) 2020 (CMC)","18 (CCC), 18 (CMC)",NA,NA
"POTOMAC MIDDLE","LEAD","","",26,26,2021,16,"2021","0 (CCC), 0 (CMC)","NA (CCC) NA (CMC)","NA (CCC), NA (CMC)",NA,NA
"POTOMAC UPPER","LEAD","","",26,26,2021,15,"2021","0 (CCC), 0 (CMC)","NA (CCC) NA (CMC)","NA (CCC), NA (CMC)",NA,NA
"ROCK CREEK LOWER","LEAD","","",26,26,2021,18,"2021","0 (CCC), 0 (CMC)","NA (CCC) NA (CMC)","NA (CCC), NA (CMC)",NA,NA
"ROCK CREEK UPPER","LEAD","","",155,107,2021,148,"2021","0 (CCC), 0 (CMC)","NA (CCC) NA (CMC)","NA (CCC), NA (CMC)",NA,NA
"SOAPSTONE CREEK","LEAD","","",NA,NA,NA,NA,NA,"NA (CCC), NA (CMC)",NA,"NA (CCC), NA (CMC)",NA,NA
"TEXAS AVENUE TRIBUTARY","LEAD","","",6,NA,2014,5,"2014","0 (CCC), 0 (CMC)","NA (CCC) NA (CMC)","NA (CCC), NA (CMC)",NA,NA
"TIDAL BASIN","LEAD","","",NA,NA,NA,NA,NA,"NA (CCC), NA (CMC)",NA,"NA (CCC), NA (CMC)",NA,NA
"WASHINGTON SHIP CHANNEL","LEAD","","",32,24,2016,24,"2016","0 (CCC), 0 (CMC)","NA (CCC) NA (CMC)","NA (CCC), NA (CMC)",NA,NA
"WATTS BRANCH LOWER","LEAD","","",NA,NA,NA,NA,NA,"NA (CCC), NA (CMC)",NA,"NA (CCC), NA (CMC)",NA,NA
"WATTS BRANCH UPPER","LEAD","","",178,132,2021,149,"2021","0 (CCC), 0 (CMC)","NA (CCC) NA (CMC)","NA (CCC), NA (CMC)",NA,NA
