,waterbody_segment,pollutant_group,n_samples_2011_to_2021,most_recent_sample_2011_to_2021,n_detects_2011_to_2021,test_fraction,most_recent_detect_2011_to_2021,n_ccc_exceedance_2011_to_2021,n_cmc_exceedance_2011_to_2021,n_d_exceedance_2011_to_2021
1,ANACOSTIA LOWER,ARSENIC,52,2021,40,DISSOLVED,Never,0,0,0
2,ANACOSTIA LOWER,ARSENIC,55,2021,52,TOTAL,Never,0,0,52
3,ANACOSTIA LOWER,COPPER,52,2021,52,DISSOLVED,Never,0,0,0
4,ANACOSTIA LOWER,COPPER,52,2021,52,TOTAL,Never,0,0,0
5,ANACOSTIA LOWER,LEAD,49,2021,38,DISSOLVED,Never,0,0,0
6,ANACOSTIA LOWER,LEAD,49,2021,49,TOTAL,Never,0,0,0
7,ANACOSTIA LOWER,MERCURY,49,2021,2,DISSOLVED,Never,0,0,0
8,ANACOSTIA LOWER,MERCURY,49,2021,3,TOTAL,Never,0,0,0
9,ANACOSTIA LOWER,ZINC,52,2021,42,DISSOLVED,Never,0,0,0
10,ANACOSTIA LOWER,ZINC,52,2021,47,TOTAL,Never,0,0,0
11,ANACOSTIA UPPER,ARSENIC,56,2019,44,DISSOLVED,Never,0,0,0
12,ANACOSTIA UPPER,ARSENIC,65,2019,56,TOTAL,Never,0,0,56
13,ANACOSTIA UPPER,COPPER,56,2019,56,DISSOLVED,Never,1,0,0
14,ANACOSTIA UPPER,COPPER,56,2019,56,TOTAL,Never,0,0,0
15,ANACOSTIA UPPER,LEAD,37,2016,31,DISSOLVED,Never,0,0,0
16,ANACOSTIA UPPER,LEAD,37,2016,37,TOTAL,Never,0,0,0
17,ANACOSTIA UPPER,MERCURY,30,2016,1,DISSOLVED,Never,0,0,0
18,ANACOSTIA UPPER,MERCURY,30,2016,1,TOTAL,Never,0,0,0
19,ANACOSTIA UPPER,ZINC,56,2019,51,DISSOLVED,Never,0,0,0
20,ANACOSTIA UPPER,ZINC,56,2019,54,TOTAL,Never,0,0,0
21,BATTERY KEMBLE CREEK,ARSENIC,1,2013,1,DISSOLVED,Never,0,0,0
22,BATTERY KEMBLE CREEK,ARSENIC,4,2013,0,TOTAL,Never,0,0,0
23,BATTERY KEMBLE CREEK,COPPER,1,2013,1,DISSOLVED,Never,0,0,0
24,BATTERY KEMBLE CREEK,COPPER,1,2013,1,TOTAL,Never,0,0,0
25,BATTERY KEMBLE CREEK,LEAD,1,2013,1,DISSOLVED,Never,0,0,0
26,BATTERY KEMBLE CREEK,LEAD,1,2013,1,TOTAL,Never,0,0,0
27,BATTERY KEMBLE CREEK,ZINC,1,2013,1,DISSOLVED,Never,0,0,0
28,BATTERY KEMBLE CREEK,ZINC,1,2013,1,TOTAL,Never,0,0,0
29,BROAD BRANCH,ARSENIC,13,2021,11,DISSOLVED,Never,0,0,0
30,BROAD BRANCH,ARSENIC,16,2021,10,TOTAL,Never,0,0,10
31,BROAD BRANCH,COPPER,13,2021,13,DISSOLVED,Never,0,0,0
32,BROAD BRANCH,COPPER,13,2021,13,TOTAL,Never,0,0,0
33,BROAD BRANCH,LEAD,13,2021,6,DISSOLVED,Never,0,0,0
34,BROAD BRANCH,LEAD,13,2021,7,TOTAL,Never,0,0,0
35,BROAD BRANCH,MERCURY,13,2021,0,DISSOLVED,Never,0,0,0
36,BROAD BRANCH,MERCURY,13,2021,0,TOTAL,Never,0,0,0
37,BROAD BRANCH,ZINC,13,2021,4,DISSOLVED,Never,0,0,0
38,BROAD BRANCH,ZINC,13,2021,4,TOTAL,Never,0,0,0
39,C&O CANAL,ARSENIC,6,2012,0,TOTAL,Never,0,0,0
40,DALECARLIA TRIBUTARY,ARSENIC,3,2012,0,TOTAL,Never,0,0,0
41,DUMBARTON OAKS,ARSENIC,13,2021,6,DISSOLVED,Never,0,0,0
42,DUMBARTON OAKS,ARSENIC,16,2021,8,TOTAL,Never,0,0,8
43,DUMBARTON OAKS,COPPER,13,2021,11,DISSOLVED,Never,1,1,0
44,DUMBARTON OAKS,COPPER,13,2021,12,TOTAL,Never,0,0,0
45,DUMBARTON OAKS,LEAD,13,2021,4,DISSOLVED,Never,1,0,0
46,DUMBARTON OAKS,LEAD,13,2021,10,TOTAL,Never,0,0,0
47,DUMBARTON OAKS,MERCURY,13,2021,1,DISSOLVED,Never,0,0,0
48,DUMBARTON OAKS,MERCURY,13,2021,1,TOTAL,Never,0,0,1
49,DUMBARTON OAKS,ZINC,13,2021,10,DISSOLVED,Never,0,0,0
50,DUMBARTON OAKS,ZINC,13,2021,11,TOTAL,Never,0,0,0
51,FENWICK BRANCH,ARSENIC,3,2012,0,TOTAL,Never,0,0,0
52,FORT CHAPLIN TRIBUTARY,ARSENIC,6,2019,6,DISSOLVED,Never,0,0,0
53,FORT CHAPLIN TRIBUTARY,ARSENIC,9,2019,5,TOTAL,Never,0,0,5
54,FORT CHAPLIN TRIBUTARY,COPPER,6,2019,6,DISSOLVED,Never,0,0,0
55,FORT CHAPLIN TRIBUTARY,COPPER,6,2019,6,TOTAL,Never,0,0,0
56,FORT CHAPLIN TRIBUTARY,LEAD,3,2014,3,DISSOLVED,Never,0,0,0
57,FORT CHAPLIN TRIBUTARY,LEAD,3,2014,3,TOTAL,Never,0,0,0
58,FORT CHAPLIN TRIBUTARY,ZINC,6,2019,6,DISSOLVED,Never,0,0,0
59,FORT CHAPLIN TRIBUTARY,ZINC,6,2019,6,TOTAL,Never,0,0,0
60,FORT DAVIS TRIBUTARY,ARSENIC,6,2019,5,DISSOLVED,Never,0,0,0
61,FORT DAVIS TRIBUTARY,ARSENIC,9,2019,5,TOTAL,Never,0,0,5
62,FORT DAVIS TRIBUTARY,COPPER,6,2019,4,DISSOLVED,Never,0,0,0
63,FORT DAVIS TRIBUTARY,COPPER,6,2019,5,TOTAL,Never,0,0,0
64,FORT DAVIS TRIBUTARY,LEAD,3,2014,3,DISSOLVED,Never,0,0,0
65,FORT DAVIS TRIBUTARY,LEAD,3,2014,3,TOTAL,Never,0,0,0
66,FORT DAVIS TRIBUTARY,ZINC,6,2019,6,DISSOLVED,Never,0,0,0
67,FORT DAVIS TRIBUTARY,ZINC,6,2019,6,TOTAL,Never,0,0,0
68,FORT DUPONT TRIBUTARY,ARSENIC,19,2021,13,DISSOLVED,Never,0,0,0
69,FORT DUPONT TRIBUTARY,ARSENIC,22,2021,14,TOTAL,Never,0,0,14
70,FORT DUPONT TRIBUTARY,COPPER,19,2021,18,DISSOLVED,Never,0,0,0
71,FORT DUPONT TRIBUTARY,COPPER,19,2021,19,TOTAL,Never,0,0,0
72,FORT DUPONT TRIBUTARY,LEAD,16,2021,7,DISSOLVED,Never,0,0,0
73,FORT DUPONT TRIBUTARY,LEAD,16,2021,16,TOTAL,Never,0,0,0
74,FORT DUPONT TRIBUTARY,MERCURY,13,2021,0,DISSOLVED,Never,0,0,0
75,FORT DUPONT TRIBUTARY,MERCURY,13,2021,0,TOTAL,Never,0,0,0
76,FORT DUPONT TRIBUTARY,ZINC,19,2021,18,DISSOLVED,Never,0,0,0
77,FORT DUPONT TRIBUTARY,ZINC,19,2021,19,TOTAL,Never,0,0,0
78,FORT STANTON TRIBUTARY,ARSENIC,20,2021,14,DISSOLVED,Never,0,0,0
79,FORT STANTON TRIBUTARY,ARSENIC,23,2021,14,TOTAL,Never,0,0,14
80,FORT STANTON TRIBUTARY,COPPER,20,2021,19,DISSOLVED,Never,0,0,0
81,FORT STANTON TRIBUTARY,COPPER,20,2021,20,TOTAL,Never,0,0,0
82,FORT STANTON TRIBUTARY,LEAD,17,2021,9,DISSOLVED,Never,0,0,0
83,FORT STANTON TRIBUTARY,LEAD,17,2021,13,TOTAL,Never,0,0,0
84,FORT STANTON TRIBUTARY,MERCURY,13,2021,0,DISSOLVED,Never,0,0,0
85,FORT STANTON TRIBUTARY,MERCURY,13,2021,0,TOTAL,Never,0,0,0
86,FORT STANTON TRIBUTARY,ZINC,20,2021,16,DISSOLVED,Never,0,0,0
87,FORT STANTON TRIBUTARY,ZINC,20,2021,19,TOTAL,Never,0,0,0
88,FOUNDRY BRANCH,ARSENIC,2,2013,2,DISSOLVED,Never,0,0,0
89,FOUNDRY BRANCH,ARSENIC,2,2013,0,TOTAL,Never,0,0,0
90,FOUNDRY BRANCH,COPPER,2,2013,2,DISSOLVED,Never,0,0,0
91,FOUNDRY BRANCH,COPPER,2,2013,2,TOTAL,Never,0,0,0
92,FOUNDRY BRANCH,LEAD,2,2013,2,DISSOLVED,Never,0,0,0
93,FOUNDRY BRANCH,LEAD,2,2013,2,TOTAL,Never,0,0,0
94,FOUNDRY BRANCH,ZINC,2,2013,2,DISSOLVED,Never,0,0,0
95,FOUNDRY BRANCH,ZINC,2,2013,2,TOTAL,Never,0,0,0
96,HICKEY RUN,ARSENIC,1,2017,1,DISSOLVED,Never,0,0,0
97,HICKEY RUN,ARSENIC,3,2017,1,TOTAL,Never,0,0,1
98,HICKEY RUN,COPPER,150,2021,147,DISSOLVED,Never,1,0,0
99,HICKEY RUN,COPPER,1,2017,1,TOTAL,Never,0,0,0
100,HICKEY RUN,LEAD,150,2021,145,DISSOLVED,Never,0,0,0
101,HICKEY RUN,LEAD,1,2017,1,TOTAL,Never,0,0,0
102,HICKEY RUN,MERCURY,1,2017,0,DISSOLVED,Never,0,0,0
103,HICKEY RUN,MERCURY,101,2021,100,TOTAL,Never,0,0,0
104,HICKEY RUN,ZINC,150,2021,136,DISSOLVED,Never,0,0,0
105,HICKEY RUN,ZINC,1,2017,1,TOTAL,Never,0,0,0
106,KINGMAN LAKE,ARSENIC,25,2019,21,DISSOLVED,Never,0,0,0
107,KINGMAN LAKE,ARSENIC,30,2019,22,TOTAL,Never,0,0,22
108,KINGMAN LAKE,COPPER,25,2019,25,DISSOLVED,Never,0,0,0
109,KINGMAN LAKE,COPPER,25,2019,25,TOTAL,Never,0,0,0
110,KINGMAN LAKE,LEAD,22,2016,18,DISSOLVED,Never,0,0,0
111,KINGMAN LAKE,LEAD,22,2016,22,TOTAL,Never,0,0,0
112,KINGMAN LAKE,MERCURY,18,2016,2,DISSOLVED,Never,0,0,0
113,KINGMAN LAKE,MERCURY,18,2016,0,TOTAL,Never,0,0,0
114,KINGMAN LAKE,ZINC,25,2019,25,DISSOLVED,Never,1,1,0
115,KINGMAN LAKE,ZINC,25,2019,25,TOTAL,Never,0,0,0
116,KLINGLE VALLEY,ARSENIC,3,2012,0,TOTAL,Never,0,0,0
117,LUZON BRANCH,ARSENIC,3,2012,0,TOTAL,Never,0,0,0
118,MELVIN HAZEN VALLEY BRANCH,ARSENIC,13,2021,6,DISSOLVED,Never,0,0,0
119,MELVIN HAZEN VALLEY BRANCH,ARSENIC,16,2021,7,TOTAL,Never,0,0,7
120,MELVIN HAZEN VALLEY BRANCH,COPPER,13,2021,12,DISSOLVED,Never,0,0,0
121,MELVIN HAZEN VALLEY BRANCH,COPPER,13,2021,11,TOTAL,Never,0,0,0
122,MELVIN HAZEN VALLEY BRANCH,LEAD,13,2021,4,DISSOLVED,Never,0,0,0
123,MELVIN HAZEN VALLEY BRANCH,LEAD,13,2021,10,TOTAL,Never,0,0,0
124,MELVIN HAZEN VALLEY BRANCH,MERCURY,13,2021,0,DISSOLVED,Never,0,0,0
125,MELVIN HAZEN VALLEY BRANCH,MERCURY,13,2021,1,TOTAL,Never,0,0,0
126,MELVIN HAZEN VALLEY BRANCH,ZINC,13,2021,3,DISSOLVED,Never,0,0,0
127,MELVIN HAZEN VALLEY BRANCH,ZINC,13,2021,7,TOTAL,Never,0,0,0
128,NASH RUN,ARSENIC,7,2019,6,DISSOLVED,Never,0,0,0
129,NASH RUN,ARSENIC,10,2019,6,TOTAL,Never,0,0,6
130,NASH RUN,COPPER,7,2019,7,DISSOLVED,Never,0,0,0
131,NASH RUN,COPPER,7,2019,7,TOTAL,Never,0,0,0
132,NASH RUN,LEAD,4,2014,4,DISSOLVED,Never,0,0,0
133,NASH RUN,LEAD,4,2014,4,TOTAL,Never,0,0,0
134,NASH RUN,ZINC,7,2019,6,DISSOLVED,Never,0,0,0
135,NASH RUN,ZINC,7,2019,7,TOTAL,Never,0,0,0
136,NORMANSTONE CREEK,ARSENIC,2,2012,0,TOTAL,Never,0,0,0
137,OXON RUN,ARSENIC,1,2013,1,DISSOLVED,Never,0,0,0
138,OXON RUN,ARSENIC,3,2013,0,TOTAL,Never,0,0,0
139,OXON RUN,COPPER,1,2013,1,DISSOLVED,Never,0,0,0
140,OXON RUN,COPPER,1,2013,1,TOTAL,Never,0,0,0
141,OXON RUN,LEAD,1,2013,1,DISSOLVED,Never,0,0,0
142,OXON RUN,LEAD,1,2013,1,TOTAL,Never,0,0,0
143,OXON RUN,ZINC,1,2013,1,DISSOLVED,Never,0,0,0
144,OXON RUN,ZINC,1,2013,1,TOTAL,Never,0,0,0
145,PINEHURST BRANCH,ARSENIC,2,2012,0,TOTAL,Never,0,0,0
146,PINEY BRANCH,ARSENIC,1,2013,0,DISSOLVED,Never,0,0,0
147,PINEY BRANCH,ARSENIC,3,2013,0,TOTAL,Never,0,0,0
148,PINEY BRANCH,COPPER,1,2013,1,DISSOLVED,Never,0,0,0
149,PINEY BRANCH,COPPER,1,2013,1,TOTAL,Never,0,0,0
150,PINEY BRANCH,LEAD,1,2013,1,DISSOLVED,Never,0,0,0
151,PINEY BRANCH,LEAD,1,2013,1,TOTAL,Never,0,0,0
152,PINEY BRANCH,ZINC,1,2013,1,DISSOLVED,Never,0,0,0
153,PINEY BRANCH,ZINC,1,2013,1,TOTAL,Never,0,0,0
154,POPE BRANCH,ARSENIC,1,2017,0,DISSOLVED,Never,0,0,0
155,POPE BRANCH,ARSENIC,3,2017,1,TOTAL,Never,0,0,1
156,POPE BRANCH,COPPER,1,2017,1,DISSOLVED,Never,0,0,0
157,POPE BRANCH,COPPER,1,2017,1,TOTAL,Never,0,0,0
158,POPE BRANCH,LEAD,1,2017,1,DISSOLVED,Never,0,0,0
159,POPE BRANCH,LEAD,1,2017,1,TOTAL,Never,0,0,0
160,POPE BRANCH,MERCURY,1,2017,0,DISSOLVED,Never,0,0,0
161,POPE BRANCH,MERCURY,1,2017,0,TOTAL,Never,0,0,0
162,POPE BRANCH,ZINC,1,2017,1,DISSOLVED,Never,0,0,0
163,POPE BRANCH,ZINC,1,2017,1,TOTAL,Never,0,0,0
164,PORTAL BRANCH,ARSENIC,2,2012,0,TOTAL,Never,0,0,0
165,POTOMAC LOWER,ARSENIC,13,2021,10,DISSOLVED,Never,0,0,0
166,POTOMAC LOWER,ARSENIC,25,2021,10,TOTAL,Never,0,0,10
167,POTOMAC LOWER,COPPER,13,2021,13,DISSOLVED,Never,0,0,0
168,POTOMAC LOWER,COPPER,13,2021,13,TOTAL,Never,0,0,0
169,POTOMAC LOWER,LEAD,13,2021,5,DISSOLVED,Never,1,1,0
170,POTOMAC LOWER,LEAD,13,2021,13,TOTAL,Never,0,0,0
171,POTOMAC LOWER,MERCURY,13,2021,0,DISSOLVED,Never,0,0,0
172,POTOMAC LOWER,MERCURY,13,2021,0,TOTAL,Never,0,0,0
173,POTOMAC LOWER,ZINC,13,2021,1,DISSOLVED,Never,0,0,0
174,POTOMAC LOWER,ZINC,13,2021,4,TOTAL,Never,0,0,0
175,POTOMAC MIDDLE,ARSENIC,13,2021,8,DISSOLVED,Never,0,0,0
176,POTOMAC MIDDLE,ARSENIC,19,2021,9,TOTAL,Never,0,0,9
177,POTOMAC MIDDLE,COPPER,13,2021,12,DISSOLVED,Never,0,0,0
178,POTOMAC MIDDLE,COPPER,13,2021,12,TOTAL,Never,0,0,0
179,POTOMAC MIDDLE,LEAD,13,2021,5,DISSOLVED,Never,0,0,0
180,POTOMAC MIDDLE,LEAD,13,2021,11,TOTAL,Never,0,0,0
181,POTOMAC MIDDLE,MERCURY,13,2021,0,DISSOLVED,Never,0,0,0
182,POTOMAC MIDDLE,MERCURY,13,2021,0,TOTAL,Never,0,0,0
183,POTOMAC MIDDLE,ZINC,13,2021,1,DISSOLVED,Never,0,0,0
184,POTOMAC MIDDLE,ZINC,13,2021,1,TOTAL,Never,0,0,0
185,POTOMAC UPPER,ARSENIC,13,2021,9,DISSOLVED,Never,0,0,0
186,POTOMAC UPPER,ARSENIC,15,2021,11,TOTAL,Never,0,0,11
187,POTOMAC UPPER,COPPER,13,2021,12,DISSOLVED,Never,0,0,0
188,POTOMAC UPPER,COPPER,13,2021,11,TOTAL,Never,0,0,0
189,POTOMAC UPPER,LEAD,13,2021,4,DISSOLVED,Never,0,0,0
190,POTOMAC UPPER,LEAD,13,2021,11,TOTAL,Never,0,0,0
191,POTOMAC UPPER,MERCURY,13,2021,0,DISSOLVED,Never,0,0,0
192,POTOMAC UPPER,MERCURY,13,2021,0,TOTAL,Never,0,0,0
193,POTOMAC UPPER,ZINC,13,2021,2,DISSOLVED,Never,0,0,0
194,POTOMAC UPPER,ZINC,13,2021,3,TOTAL,Never,0,0,0
195,ROCK CREEK LOWER,ARSENIC,13,2021,6,DISSOLVED,Never,0,0,0
196,ROCK CREEK LOWER,ARSENIC,16,2021,10,TOTAL,Never,0,0,10
197,ROCK CREEK LOWER,COPPER,13,2021,13,DISSOLVED,Never,0,0,0
198,ROCK CREEK LOWER,COPPER,13,2021,13,TOTAL,Never,0,0,0
199,ROCK CREEK LOWER,LEAD,13,2021,6,DISSOLVED,Never,0,0,0
200,ROCK CREEK LOWER,LEAD,13,2021,12,TOTAL,Never,0,0,0
201,ROCK CREEK LOWER,MERCURY,13,2021,0,DISSOLVED,Never,0,0,0
202,ROCK CREEK LOWER,MERCURY,13,2021,0,TOTAL,Never,0,0,0
203,ROCK CREEK LOWER,ZINC,13,2021,2,DISSOLVED,Never,0,0,0
204,ROCK CREEK LOWER,ZINC,13,2021,9,TOTAL,Never,0,0,0
205,ROCK CREEK UPPER,ARSENIC,3,2012,0,TOTAL,Never,0,0,0
206,ROCK CREEK UPPER,COPPER,155,2021,154,DISSOLVED,Never,0,0,0
207,ROCK CREEK UPPER,LEAD,155,2021,148,DISSOLVED,Never,0,0,0
208,ROCK CREEK UPPER,MERCURY,103,2021,103,TOTAL,Never,0,0,0
209,ROCK CREEK UPPER,ZINC,155,2021,71,DISSOLVED,Never,0,0,0
210,SOAPSTONE CREEK,ARSENIC,2,2012,0,TOTAL,Never,0,0,0
211,TEXAS AVENUE TRIBUTARY,ARSENIC,6,2019,6,DISSOLVED,Never,0,0,0
212,TEXAS AVENUE TRIBUTARY,ARSENIC,8,2019,6,TOTAL,Never,0,0,6
213,TEXAS AVENUE TRIBUTARY,COPPER,6,2019,4,DISSOLVED,Never,0,0,0
214,TEXAS AVENUE TRIBUTARY,COPPER,6,2019,6,TOTAL,Never,0,0,0
215,TEXAS AVENUE TRIBUTARY,LEAD,3,2014,2,DISSOLVED,Never,0,0,0
216,TEXAS AVENUE TRIBUTARY,LEAD,3,2014,3,TOTAL,Never,0,0,0
217,TEXAS AVENUE TRIBUTARY,ZINC,6,2019,5,DISSOLVED,Never,0,0,0
218,TEXAS AVENUE TRIBUTARY,ZINC,6,2019,5,TOTAL,Never,0,0,0
219,TIDAL BASIN,ARSENIC,3,2012,0,TOTAL,Never,0,0,0
220,WASHINGTON SHIP CHANNEL,ARSENIC,16,2016,12,DISSOLVED,Never,0,0,0
221,WASHINGTON SHIP CHANNEL,ARSENIC,19,2016,16,TOTAL,Never,0,0,16
222,WASHINGTON SHIP CHANNEL,COPPER,16,2016,16,DISSOLVED,Never,0,0,0
223,WASHINGTON SHIP CHANNEL,COPPER,16,2016,16,TOTAL,Never,0,0,0
224,WASHINGTON SHIP CHANNEL,LEAD,16,2016,8,DISSOLVED,Never,0,0,0
225,WASHINGTON SHIP CHANNEL,LEAD,16,2016,16,TOTAL,Never,0,0,0
226,WASHINGTON SHIP CHANNEL,MERCURY,16,2016,0,DISSOLVED,Never,0,0,0
227,WASHINGTON SHIP CHANNEL,MERCURY,16,2016,0,TOTAL,Never,0,0,0
228,WASHINGTON SHIP CHANNEL,ZINC,16,2016,16,DISSOLVED,Never,0,0,0
229,WASHINGTON SHIP CHANNEL,ZINC,16,2016,15,TOTAL,Never,0,0,0
230,WATTS BRANCH LOWER,ARSENIC,3,2017,2,DISSOLVED,Never,0,0,0
231,WATTS BRANCH LOWER,ARSENIC,6,2017,3,TOTAL,Never,0,0,3
232,WATTS BRANCH LOWER,COPPER,3,2017,3,DISSOLVED,Never,0,0,0
233,WATTS BRANCH LOWER,COPPER,3,2017,3,TOTAL,Never,0,0,0
234,WATTS BRANCH LOWER,LEAD,3,2017,2,DISSOLVED,Never,0,0,0
235,WATTS BRANCH LOWER,LEAD,3,2017,3,TOTAL,Never,0,0,0
236,WATTS BRANCH LOWER,MERCURY,3,2017,0,DISSOLVED,Never,0,0,0
237,WATTS BRANCH LOWER,MERCURY,3,2017,1,TOTAL,Never,0,0,0
238,WATTS BRANCH LOWER,ZINC,3,2017,3,DISSOLVED,Never,0,0,0
239,WATTS BRANCH LOWER,ZINC,3,2017,3,TOTAL,Never,0,0,0
240,WATTS BRANCH UPPER,ARSENIC,13,2021,11,DISSOLVED,Never,0,0,0
241,WATTS BRANCH UPPER,ARSENIC,19,2021,11,TOTAL,Never,0,0,11
242,WATTS BRANCH UPPER,COPPER,159,2021,156,DISSOLVED,Never,1,0,0
243,WATTS BRANCH UPPER,COPPER,13,2021,13,TOTAL,Never,0,0,0
244,WATTS BRANCH UPPER,LEAD,159,2021,131,DISSOLVED,Never,0,0,0
245,WATTS BRANCH UPPER,LEAD,13,2021,13,TOTAL,Never,0,0,0
246,WATTS BRANCH UPPER,MERCURY,13,2021,0,DISSOLVED,Never,0,0,0
247,WATTS BRANCH UPPER,MERCURY,115,2021,101,TOTAL,Never,0,0,0
248,WATTS BRANCH UPPER,ZINC,159,2021,140,DISSOLVED,Never,0,0,0
249,WATTS BRANCH UPPER,ZINC,13,2021,12,TOTAL,Never,0,0,0
250,ANACOSTIA LOWER,CHLORDANE_TECHNICAL,52,2021,1,NA,Never,0,0,1
251,ANACOSTIA LOWER,DDD,52,2021,3,NA,Never,1,0,3
252,ANACOSTIA LOWER,DDE,52,2021,0,NA,Never,0,0,0
253,ANACOSTIA LOWER,DDT,52,2021,5,NA,Never,2,0,5
254,ANACOSTIA LOWER,DIELDRIN,52,2021,2,NA,Never,0,0,2
255,ANACOSTIA LOWER,HEPTACHLOR_EPOXIDE,52,2021,1,NA,Never,0,0,1
256,ANACOSTIA LOWER,PAH1,156,2021,1,NA,Never,0,0,0
257,ANACOSTIA LOWER,PAH2,208,2021,34,NA,Never,0,0,4
258,ANACOSTIA LOWER,PAH3,208,2021,7,NA,Never,0,0,7
259,ANACOSTIA LOWER,PCB_TOTAL,41,2021,41,NA,Never,0,0,41
260,ANACOSTIA UPPER,CHLORDANE_TECHNICAL,105,2019,0,NA,Never,0,0,0
261,ANACOSTIA UPPER,DDD,105,2019,21,NA,Never,6,0,21
262,ANACOSTIA UPPER,DDE,105,2019,1,NA,Never,1,0,1
263,ANACOSTIA UPPER,DDT,105,2019,16,NA,Never,12,0,16
264,ANACOSTIA UPPER,DIELDRIN,105,2019,38,NA,Never,0,0,38
265,ANACOSTIA UPPER,HEPTACHLOR_EPOXIDE,105,2019,23,NA,Never,1,0,23
266,ANACOSTIA UPPER,PAH1,168,2019,7,NA,Never,0,0,0
267,ANACOSTIA UPPER,PAH2,224,2019,73,NA,Never,0,0,6
268,ANACOSTIA UPPER,PAH3,224,2019,11,NA,Never,0,0,11
269,ANACOSTIA UPPER,PCB_TOTAL,30,2016,30,NA,Never,2,0,30
270,BROAD BRANCH,CHLORDANE_TECHNICAL,14,2021,0,NA,Never,0,0,0
271,BROAD BRANCH,DDD,14,2021,0,NA,Never,0,0,0
272,BROAD BRANCH,DDE,14,2021,0,NA,Never,0,0,0
273,BROAD BRANCH,DDT,14,2021,2,NA,Never,1,0,2
274,BROAD BRANCH,DIELDRIN,14,2021,9,NA,Never,0,0,9
275,BROAD BRANCH,HEPTACHLOR_EPOXIDE,14,2021,8,NA,Never,1,0,8
276,BROAD BRANCH,PAH1,42,2021,0,NA,Never,0,0,0
277,BROAD BRANCH,PAH2,56,2021,0,NA,Never,0,0,0
278,BROAD BRANCH,PAH3,56,2021,2,NA,Never,0,0,2
279,BROAD BRANCH,PCB_TOTAL,6,2021,6,NA,Never,0,0,6
280,DALECARLIA TRIBUTARY,CHLORDANE_TECHNICAL,1,2013,0,NA,Never,0,0,0
281,DALECARLIA TRIBUTARY,DDD,1,2013,0,NA,Never,0,0,0
282,DALECARLIA TRIBUTARY,DDE,1,2013,0,NA,Never,0,0,0
283,DALECARLIA TRIBUTARY,DDT,1,2013,0,NA,Never,0,0,0
284,DALECARLIA TRIBUTARY,DIELDRIN,1,2013,1,NA,Never,0,0,1
285,DALECARLIA TRIBUTARY,HEPTACHLOR_EPOXIDE,1,2013,1,NA,Never,0,0,1
286,DALECARLIA TRIBUTARY,PAH1,3,2013,1,NA,Never,0,0,0
287,DALECARLIA TRIBUTARY,PAH2,4,2013,0,NA,Never,0,0,0
288,DALECARLIA TRIBUTARY,PAH3,4,2013,0,NA,Never,0,0,0
289,DALECARLIA TRIBUTARY,PCB_TOTAL,1,2013,1,NA,Never,0,0,1
290,DUMBARTON OAKS,CHLORDANE_TECHNICAL,15,2021,2,NA,Never,2,0,2
291,DUMBARTON OAKS,DDD,15,2021,0,NA,Never,0,0,0
292,DUMBARTON OAKS,DDE,15,2021,1,NA,Never,1,0,1
293,DUMBARTON OAKS,DDT,15,2021,3,NA,Never,2,0,3
294,DUMBARTON OAKS,DIELDRIN,15,2021,14,NA,Never,0,0,14
295,DUMBARTON OAKS,HEPTACHLOR_EPOXIDE,15,2021,11,NA,Never,5,0,11
296,DUMBARTON OAKS,PAH1,45,2021,0,NA,Never,0,0,0
297,DUMBARTON OAKS,PAH2,60,2021,2,NA,Never,0,0,0
298,DUMBARTON OAKS,PAH3,60,2021,0,NA,Never,0,0,0
299,DUMBARTON OAKS,PCB_TOTAL,7,2021,7,NA,Never,1,0,7
300,FENWICK BRANCH,CHLORDANE_TECHNICAL,1,2013,0,NA,Never,0,0,0
301,FENWICK BRANCH,DDD,1,2013,0,NA,Never,0,0,0
302,FENWICK BRANCH,DDE,1,2013,0,NA,Never,0,0,0
303,FENWICK BRANCH,DDT,1,2013,1,NA,Never,0,0,1
304,FENWICK BRANCH,DIELDRIN,1,2013,1,NA,Never,0,0,1
305,FENWICK BRANCH,HEPTACHLOR_EPOXIDE,1,2013,1,NA,Never,0,0,1
306,FENWICK BRANCH,PAH1,3,2013,0,NA,Never,0,0,0
307,FENWICK BRANCH,PAH2,4,2013,0,NA,Never,0,0,0
308,FENWICK BRANCH,PAH3,4,2013,0,NA,Never,0,0,0
309,FENWICK BRANCH,PCB_TOTAL,1,2013,1,NA,Never,0,0,1
310,FORT DUPONT TRIBUTARY,CHLORDANE_TECHNICAL,13,2021,0,NA,Never,0,0,0
311,FORT DUPONT TRIBUTARY,DDD,13,2021,0,NA,Never,0,0,0
312,FORT DUPONT TRIBUTARY,DDE,13,2021,0,NA,Never,0,0,0
313,FORT DUPONT TRIBUTARY,DDT,13,2021,1,NA,Never,1,0,1
314,FORT DUPONT TRIBUTARY,DIELDRIN,13,2021,0,NA,Never,0,0,0
315,FORT DUPONT TRIBUTARY,HEPTACHLOR_EPOXIDE,13,2021,1,NA,Never,0,0,1
316,FORT DUPONT TRIBUTARY,PAH1,39,2021,0,NA,Never,0,0,0
317,FORT DUPONT TRIBUTARY,PAH2,52,2021,0,NA,Never,0,0,0
318,FORT DUPONT TRIBUTARY,PAH3,52,2021,0,NA,Never,0,0,0
319,FORT DUPONT TRIBUTARY,PCB_TOTAL,5,2021,5,NA,Never,0,0,5
320,FORT STANTON TRIBUTARY,CHLORDANE_TECHNICAL,17,2021,0,NA,Never,0,0,0
321,FORT STANTON TRIBUTARY,DDD,17,2021,1,NA,Never,1,0,1
322,FORT STANTON TRIBUTARY,DDE,17,2021,1,NA,Never,0,0,1
323,FORT STANTON TRIBUTARY,DDT,17,2021,0,NA,Never,0,0,0
324,FORT STANTON TRIBUTARY,DIELDRIN,17,2021,0,NA,Never,0,0,0
325,FORT STANTON TRIBUTARY,HEPTACHLOR_EPOXIDE,17,2021,0,NA,Never,0,0,0
326,FORT STANTON TRIBUTARY,PAH1,60,2021,1,NA,Never,0,0,0
327,FORT STANTON TRIBUTARY,PAH2,80,2021,6,NA,Never,0,0,1
328,FORT STANTON TRIBUTARY,PAH3,80,2021,0,NA,Never,0,0,0
329,FORT STANTON TRIBUTARY,PCB_TOTAL,9,2021,9,NA,Never,0,0,9
330,HICKEY RUN,CHLORDANE_TECHNICAL,6,2019,0,NA,Never,0,0,0
331,HICKEY RUN,DDD,6,2019,0,NA,Never,0,0,0
332,HICKEY RUN,DDE,6,2019,1,NA,Never,0,0,1
333,HICKEY RUN,DDT,6,2019,0,NA,Never,0,0,0
334,HICKEY RUN,DIELDRIN,6,2019,0,NA,Never,0,0,0
335,HICKEY RUN,HEPTACHLOR_EPOXIDE,6,2019,0,NA,Never,0,0,0
336,HICKEY RUN,PAH1,18,2019,4,NA,Never,0,0,0
337,HICKEY RUN,PAH2,24,2019,8,NA,Never,0,0,2
338,HICKEY RUN,PAH3,24,2019,0,NA,Never,0,0,0
339,HICKEY RUN,PCB_TOTAL,3,2014,3,NA,Never,0,0,3
340,KINGMAN LAKE,CHLORDANE_TECHNICAL,25,2019,1,NA,Never,0,0,1
341,KINGMAN LAKE,DDD,25,2019,3,NA,Never,0,0,3
342,KINGMAN LAKE,DDE,25,2019,0,NA,Never,0,0,0
343,KINGMAN LAKE,DDT,25,2019,3,NA,Never,2,0,3
344,KINGMAN LAKE,DIELDRIN,25,2019,2,NA,Never,0,0,2
345,KINGMAN LAKE,HEPTACHLOR_EPOXIDE,25,2019,1,NA,Never,0,0,1
346,KINGMAN LAKE,PAH1,75,2019,3,NA,Never,0,0,0
347,KINGMAN LAKE,PAH2,100,2019,34,NA,Never,0,0,4
348,KINGMAN LAKE,PAH3,100,2019,5,NA,Never,0,0,5
349,KINGMAN LAKE,PCB_TOTAL,18,2016,18,NA,Never,0,0,18
350,KLINGLE VALLEY,CHLORDANE_TECHNICAL,1,2013,0,NA,Never,0,0,0
351,KLINGLE VALLEY,DDD,1,2013,0,NA,Never,0,0,0
352,KLINGLE VALLEY,DDE,1,2013,0,NA,Never,0,0,0
353,KLINGLE VALLEY,DDT,1,2013,0,NA,Never,0,0,0
354,KLINGLE VALLEY,DIELDRIN,1,2013,1,NA,Never,0,0,1
355,KLINGLE VALLEY,HEPTACHLOR_EPOXIDE,1,2013,1,NA,Never,0,0,1
356,KLINGLE VALLEY,PAH1,3,2013,0,NA,Never,0,0,0
357,KLINGLE VALLEY,PAH2,4,2013,0,NA,Never,0,0,0
358,KLINGLE VALLEY,PAH3,4,2013,0,NA,Never,0,0,0
359,KLINGLE VALLEY,PCB_TOTAL,1,2013,1,NA,Never,0,0,1
360,LUZON BRANCH,CHLORDANE_TECHNICAL,1,2013,0,NA,Never,0,0,0
361,LUZON BRANCH,DDD,1,2013,0,NA,Never,0,0,0
362,LUZON BRANCH,DDE,1,2013,0,NA,Never,0,0,0
363,LUZON BRANCH,DDT,1,2013,0,NA,Never,0,0,0
364,LUZON BRANCH,DIELDRIN,1,2013,1,NA,Never,0,0,1
365,LUZON BRANCH,HEPTACHLOR_EPOXIDE,1,2013,1,NA,Never,0,0,1
366,LUZON BRANCH,PAH1,3,2013,0,NA,Never,0,0,0
367,LUZON BRANCH,PAH2,4,2013,0,NA,Never,0,0,0
368,LUZON BRANCH,PAH3,4,2013,0,NA,Never,0,0,0
369,LUZON BRANCH,PCB_TOTAL,1,2013,1,NA,Never,0,0,1
370,MELVIN HAZEN VALLEY BRANCH,CHLORDANE_TECHNICAL,14,2021,0,NA,Never,0,0,0
371,MELVIN HAZEN VALLEY BRANCH,DDD,14,2021,1,NA,Never,1,0,1
372,MELVIN HAZEN VALLEY BRANCH,DDE,14,2021,1,NA,Never,1,0,1
373,MELVIN HAZEN VALLEY BRANCH,DDT,14,2021,2,NA,Never,2,0,2
374,MELVIN HAZEN VALLEY BRANCH,DIELDRIN,14,2021,9,NA,Never,0,0,9
375,MELVIN HAZEN VALLEY BRANCH,HEPTACHLOR_EPOXIDE,14,2021,2,NA,Never,0,0,2
376,MELVIN HAZEN VALLEY BRANCH,PAH1,42,2021,0,NA,Never,0,0,0
377,MELVIN HAZEN VALLEY BRANCH,PAH2,56,2021,0,NA,Never,0,0,0
378,MELVIN HAZEN VALLEY BRANCH,PAH3,56,2021,0,NA,Never,0,0,0
379,MELVIN HAZEN VALLEY BRANCH,PCB_TOTAL,6,2021,6,NA,Never,0,0,6
380,NASH RUN,CHLORDANE_TECHNICAL,7,2019,0,NA,Never,0,0,0
381,NASH RUN,DDD,7,2019,0,NA,Never,0,0,0
382,NASH RUN,DDE,7,2019,0,NA,Never,0,0,0
383,NASH RUN,DDT,7,2019,0,NA,Never,0,0,0
384,NASH RUN,DIELDRIN,7,2019,1,NA,Never,0,0,1
385,NASH RUN,HEPTACHLOR_EPOXIDE,7,2019,2,NA,Never,0,0,2
386,NASH RUN,PAH1,21,2019,4,NA,Never,0,0,0
387,NASH RUN,PAH2,28,2019,14,NA,Never,0,0,4
388,NASH RUN,PAH3,28,2019,5,NA,Never,0,0,5
389,NASH RUN,PCB_TOTAL,4,2014,4,NA,Never,0,0,4
390,NORMANSTONE CREEK,CHLORDANE_TECHNICAL,1,2013,0,NA,Never,0,0,0
391,NORMANSTONE CREEK,DDD,1,2013,0,NA,Never,0,0,0
392,NORMANSTONE CREEK,DDE,1,2013,0,NA,Never,0,0,0
393,NORMANSTONE CREEK,DDT,1,2013,0,NA,Never,0,0,0
394,NORMANSTONE CREEK,DIELDRIN,1,2013,1,NA,Never,0,0,1
395,NORMANSTONE CREEK,HEPTACHLOR_EPOXIDE,1,2013,1,NA,Never,0,0,1
396,NORMANSTONE CREEK,PAH1,3,2013,0,NA,Never,0,0,0
397,NORMANSTONE CREEK,PAH2,4,2013,0,NA,Never,0,0,0
398,NORMANSTONE CREEK,PAH3,4,2013,0,NA,Never,0,0,0
399,NORMANSTONE CREEK,PCB_TOTAL,1,2013,1,NA,Never,0,0,1
400,OXON RUN,CHLORDANE_TECHNICAL,1,2013,0,NA,Never,0,0,0
401,OXON RUN,DDD,1,2013,0,NA,Never,0,0,0
402,OXON RUN,DDE,1,2013,0,NA,Never,0,0,0
403,OXON RUN,DDT,1,2013,0,NA,Never,0,0,0
404,OXON RUN,DIELDRIN,1,2013,1,NA,Never,0,0,1
405,OXON RUN,HEPTACHLOR_EPOXIDE,1,2013,0,NA,Never,0,0,0
406,OXON RUN,PAH1,3,2013,0,NA,Never,0,0,0
407,OXON RUN,PAH2,4,2013,0,NA,Never,0,0,0
408,OXON RUN,PAH3,4,2013,0,NA,Never,0,0,0
409,PINEHURST BRANCH,CHLORDANE_TECHNICAL,1,2013,0,NA,Never,0,0,0
410,PINEHURST BRANCH,DDD,1,2013,0,NA,Never,0,0,0
411,PINEHURST BRANCH,DDE,1,2013,0,NA,Never,0,0,0
412,PINEHURST BRANCH,DDT,1,2013,0,NA,Never,0,0,0
413,PINEHURST BRANCH,DIELDRIN,1,2013,1,NA,Never,0,0,1
414,PINEHURST BRANCH,HEPTACHLOR_EPOXIDE,1,2013,1,NA,Never,0,0,1
415,PINEHURST BRANCH,PAH1,3,2013,0,NA,Never,0,0,0
416,PINEHURST BRANCH,PAH2,4,2013,0,NA,Never,0,0,0
417,PINEHURST BRANCH,PAH3,4,2013,0,NA,Never,0,0,0
418,PINEHURST BRANCH,PCB_TOTAL,1,2013,1,NA,Never,0,0,1
419,PINEY BRANCH,CHLORDANE_TECHNICAL,1,2013,0,NA,Never,0,0,0
420,PINEY BRANCH,DDD,1,2013,0,NA,Never,0,0,0
421,PINEY BRANCH,DDE,1,2013,0,NA,Never,0,0,0
422,PINEY BRANCH,DDT,1,2013,0,NA,Never,0,0,0
423,PINEY BRANCH,DIELDRIN,1,2013,1,NA,Never,0,0,1
424,PINEY BRANCH,HEPTACHLOR_EPOXIDE,1,2013,1,NA,Never,0,0,1
425,PINEY BRANCH,PAH1,3,2013,0,NA,Never,0,0,0
426,PINEY BRANCH,PAH2,4,2013,0,NA,Never,0,0,0
427,PINEY BRANCH,PAH3,4,2013,0,NA,Never,0,0,0
428,PINEY BRANCH,PCB_TOTAL,1,2013,1,NA,Never,0,0,1
429,POPE BRANCH,CHLORDANE_TECHNICAL,7,2019,1,NA,Never,1,0,1
430,POPE BRANCH,DDD,7,2019,0,NA,Never,0,0,0
431,POPE BRANCH,DDE,7,2019,1,NA,Never,0,0,1
432,POPE BRANCH,DDT,7,2019,0,NA,Never,0,0,0
433,POPE BRANCH,DIELDRIN,7,2019,2,NA,Never,0,0,2
434,POPE BRANCH,HEPTACHLOR_EPOXIDE,7,2019,3,NA,Never,0,0,3
435,POPE BRANCH,PAH1,21,2019,0,NA,Never,0,0,0
436,POPE BRANCH,PAH2,28,2019,3,NA,Never,0,0,1
437,POPE BRANCH,PAH3,28,2019,2,NA,Never,0,0,2
438,POPE BRANCH,PCB_TOTAL,3,2014,3,NA,Never,0,0,3
439,PORTAL BRANCH,CHLORDANE_TECHNICAL,2,2013,0,NA,Never,0,0,0
440,PORTAL BRANCH,DDD,2,2013,0,NA,Never,0,0,0
441,PORTAL BRANCH,DDE,2,2013,0,NA,Never,0,0,0
442,PORTAL BRANCH,DDT,2,2013,0,NA,Never,0,0,0
443,PORTAL BRANCH,DIELDRIN,2,2013,2,NA,Never,0,0,2
444,PORTAL BRANCH,HEPTACHLOR_EPOXIDE,2,2013,2,NA,Never,0,0,2
445,PORTAL BRANCH,PAH1,6,2013,0,NA,Never,0,0,0
446,PORTAL BRANCH,PAH2,8,2013,0,NA,Never,0,0,0
447,PORTAL BRANCH,PAH3,8,2013,0,NA,Never,0,0,0
448,PORTAL BRANCH,PCB_TOTAL,2,2013,2,NA,Never,0,0,2
449,POTOMAC LOWER,CHLORDANE_TECHNICAL,13,2021,0,NA,Never,0,0,0
450,POTOMAC LOWER,DDD,13,2021,0,NA,Never,0,0,0
451,POTOMAC LOWER,DDE,13,2021,0,NA,Never,0,0,0
452,POTOMAC LOWER,DDT,13,2021,0,NA,Never,0,0,0
453,POTOMAC LOWER,DIELDRIN,13,2021,1,NA,Never,0,0,1
454,POTOMAC LOWER,HEPTACHLOR_EPOXIDE,13,2021,0,NA,Never,0,0,0
455,POTOMAC LOWER,PAH1,39,2021,0,NA,Never,0,0,0
456,POTOMAC LOWER,PAH2,52,2021,0,NA,Never,0,0,0
457,POTOMAC LOWER,PAH3,52,2021,0,NA,Never,0,0,0
458,POTOMAC LOWER,PCB_TOTAL,5,2021,5,NA,Never,0,0,5
459,POTOMAC MIDDLE,CHLORDANE_TECHNICAL,13,2021,0,NA,Never,0,0,0
460,POTOMAC MIDDLE,DDD,13,2021,0,NA,Never,0,0,0
461,POTOMAC MIDDLE,DDE,13,2021,0,NA,Never,0,0,0
462,POTOMAC MIDDLE,DDT,13,2021,0,NA,Never,0,0,0
463,POTOMAC MIDDLE,DIELDRIN,13,2021,2,NA,Never,0,0,2
464,POTOMAC MIDDLE,HEPTACHLOR_EPOXIDE,13,2021,1,NA,Never,0,0,1
465,POTOMAC MIDDLE,PAH1,39,2021,1,NA,Never,0,0,0
466,POTOMAC MIDDLE,PAH2,52,2021,3,NA,Never,0,0,2
467,POTOMAC MIDDLE,PAH3,52,2021,4,NA,Never,0,0,4
468,POTOMAC MIDDLE,PCB_TOTAL,5,2021,5,NA,Never,0,0,5
469,POTOMAC UPPER,CHLORDANE_TECHNICAL,13,2021,0,NA,Never,0,0,0
470,POTOMAC UPPER,DDD,13,2021,0,NA,Never,0,0,0
471,POTOMAC UPPER,DDE,13,2021,0,NA,Never,0,0,0
472,POTOMAC UPPER,DDT,13,2021,1,NA,Never,1,0,1
473,POTOMAC UPPER,DIELDRIN,13,2021,1,NA,Never,0,0,1
474,POTOMAC UPPER,HEPTACHLOR_EPOXIDE,13,2021,1,NA,Never,0,0,1
475,POTOMAC UPPER,PAH1,39,2021,0,NA,Never,0,0,0
476,POTOMAC UPPER,PAH2,52,2021,2,NA,Never,0,0,2
477,POTOMAC UPPER,PAH3,52,2021,4,NA,Never,0,0,4
478,POTOMAC UPPER,PCB_TOTAL,5,2021,5,NA,Never,0,0,5
479,ROCK CREEK LOWER,CHLORDANE_TECHNICAL,13,2021,1,NA,Never,1,0,1
480,ROCK CREEK LOWER,DDD,13,2021,1,NA,Never,1,0,1
481,ROCK CREEK LOWER,DDE,13,2021,2,NA,Never,2,0,2
482,ROCK CREEK LOWER,DDT,13,2021,1,NA,Never,1,0,1
483,ROCK CREEK LOWER,DIELDRIN,13,2021,5,NA,Never,0,0,5
484,ROCK CREEK LOWER,HEPTACHLOR_EPOXIDE,13,2021,7,NA,Never,0,0,7
485,ROCK CREEK LOWER,PAH1,39,2021,0,NA,Never,0,0,0
486,ROCK CREEK LOWER,PAH2,52,2021,5,NA,Never,0,0,2
487,ROCK CREEK LOWER,PAH3,52,2021,3,NA,Never,0,0,3
488,ROCK CREEK LOWER,PCB_TOTAL,5,2021,5,NA,Never,0,0,5
489,SOAPSTONE CREEK,CHLORDANE_TECHNICAL,1,2013,0,NA,Never,0,0,0
490,SOAPSTONE CREEK,DDD,1,2013,0,NA,Never,0,0,0
491,SOAPSTONE CREEK,DDE,1,2013,0,NA,Never,0,0,0
492,SOAPSTONE CREEK,DDT,1,2013,0,NA,Never,0,0,0
493,SOAPSTONE CREEK,DIELDRIN,1,2013,1,NA,Never,0,0,1
494,SOAPSTONE CREEK,HEPTACHLOR_EPOXIDE,1,2013,1,NA,Never,0,0,1
495,SOAPSTONE CREEK,PAH1,3,2013,0,NA,Never,0,0,0
496,SOAPSTONE CREEK,PAH2,4,2013,0,NA,Never,0,0,0
497,SOAPSTONE CREEK,PAH3,4,2013,0,NA,Never,0,0,0
498,SOAPSTONE CREEK,PCB_TOTAL,1,2013,1,NA,Never,0,0,1
499,TEXAS AVENUE TRIBUTARY,CHLORDANE_TECHNICAL,6,2019,1,NA,Never,1,0,1
500,TEXAS AVENUE TRIBUTARY,DDD,6,2019,6,NA,Never,5,0,6
501,TEXAS AVENUE TRIBUTARY,DDE,6,2019,3,NA,Never,1,0,3
502,TEXAS AVENUE TRIBUTARY,DDT,6,2019,1,NA,Never,1,0,1
503,TEXAS AVENUE TRIBUTARY,DIELDRIN,6,2019,5,NA,Never,0,0,5
504,TEXAS AVENUE TRIBUTARY,HEPTACHLOR_EPOXIDE,6,2019,3,NA,Never,0,0,3
505,TEXAS AVENUE TRIBUTARY,PAH1,18,2019,1,NA,Never,0,0,0
506,TEXAS AVENUE TRIBUTARY,PAH2,24,2019,4,NA,Never,0,0,2
507,TEXAS AVENUE TRIBUTARY,PAH3,24,2019,1,NA,Never,0,0,1
508,TEXAS AVENUE TRIBUTARY,PCB_TOTAL,3,2014,3,NA,Never,0,0,3
509,TIDAL BASIN,CHLORDANE_TECHNICAL,3,2014,0,NA,Never,0,0,0
510,TIDAL BASIN,DDD,3,2014,0,NA,Never,0,0,0
511,TIDAL BASIN,DDE,3,2014,0,NA,Never,0,0,0
512,TIDAL BASIN,DDT,3,2014,0,NA,Never,0,0,0
513,TIDAL BASIN,DIELDRIN,3,2014,0,NA,Never,0,0,0
514,TIDAL BASIN,HEPTACHLOR_EPOXIDE,3,2014,0,NA,Never,0,0,0
515,TIDAL BASIN,PAH1,9,2014,1,NA,Never,0,0,0
516,TIDAL BASIN,PAH2,12,2014,0,NA,Never,0,0,0
517,TIDAL BASIN,PAH3,12,2014,0,NA,Never,0,0,0
518,WASHINGTON SHIP CHANNEL,CHLORDANE_TECHNICAL,19,2016,0,NA,Never,0,0,0
519,WASHINGTON SHIP CHANNEL,DDD,19,2016,0,NA,Never,0,0,0
520,WASHINGTON SHIP CHANNEL,DDE,19,2016,0,NA,Never,0,0,0
521,WASHINGTON SHIP CHANNEL,DDT,19,2016,0,NA,Never,0,0,0
522,WASHINGTON SHIP CHANNEL,DIELDRIN,19,2016,0,NA,Never,0,0,0
523,WASHINGTON SHIP CHANNEL,HEPTACHLOR_EPOXIDE,19,2016,0,NA,Never,0,0,0
524,WASHINGTON SHIP CHANNEL,PAH1,57,2016,0,NA,Never,0,0,0
525,WASHINGTON SHIP CHANNEL,PAH2,76,2016,11,NA,Never,0,0,3
526,WASHINGTON SHIP CHANNEL,PAH3,76,2016,7,NA,Never,0,0,7
527,WASHINGTON SHIP CHANNEL,PCB_TOTAL,16,2016,16,NA,Never,0,0,16
528,WATTS BRANCH LOWER,CHLORDANE_TECHNICAL,7,2019,0,NA,Never,0,0,0
529,WATTS BRANCH LOWER,DDD,7,2019,0,NA,Never,0,0,0
530,WATTS BRANCH LOWER,DDE,7,2019,0,NA,Never,0,0,0
531,WATTS BRANCH LOWER,DDT,7,2019,0,NA,Never,0,0,0
532,WATTS BRANCH LOWER,DIELDRIN,7,2019,4,NA,Never,0,0,4
533,WATTS BRANCH LOWER,HEPTACHLOR_EPOXIDE,7,2019,0,NA,Never,0,0,0
534,WATTS BRANCH LOWER,PAH1,9,2014,1,NA,Never,0,0,0
535,WATTS BRANCH LOWER,PAH2,12,2014,1,NA,Never,0,0,0
536,WATTS BRANCH LOWER,PAH3,12,2014,0,NA,Never,0,0,0
537,WATTS BRANCH LOWER,PCB_TOTAL,3,2014,3,NA,Never,0,0,3
538,WATTS BRANCH UPPER,CHLORDANE_TECHNICAL,13,2021,0,NA,Never,0,0,0
539,WATTS BRANCH UPPER,DDD,13,2021,1,NA,Never,1,0,1
540,WATTS BRANCH UPPER,DDE,13,2021,0,NA,Never,0,0,0
541,WATTS BRANCH UPPER,DDT,13,2021,0,NA,Never,0,0,0
542,WATTS BRANCH UPPER,DIELDRIN,13,2021,4,NA,Never,0,0,4
543,WATTS BRANCH UPPER,HEPTACHLOR_EPOXIDE,13,2021,1,NA,Never,0,0,1
544,WATTS BRANCH UPPER,PAH1,39,2021,0,NA,Never,0,0,0
545,WATTS BRANCH UPPER,PAH2,52,2021,0,NA,Never,0,0,0
546,WATTS BRANCH UPPER,PAH3,52,2021,0,NA,Never,0,0,0
547,WATTS BRANCH UPPER,PCB_TOTAL,5,2021,5,NA,Never,0,0,5
