"Waterbody","Pollutant","Pollutant Group","Test Fraction ","Current Categorization in 2020 IR","Impaired Use Class in 2020 IR","# Samples","# Detects","# Exceedances","# of Samples Within Last 10 Years (2013-2023)","# of Exceedances Within Last 10 Years (2013-2023)","# of Samples Within Last 5 Years (2018-2023)","# Samples Since Last Exceedance","Class C CCC Criterion (ug/L)","Range of Ratios Between Detection Limit and Criterion for CCC","Class C CMC Criterion (ug/L)","Range of Ratios Between Detection Limit and Criterion for CMC","Was Last Exceedance Within Current 5-year Assessment Period?","Reevaluation Categorization Decision for Class C","Decision Logic Case #"
"ANACOSTIA LOWER","ARSENIC","ARSENIC","DISSOLVED","4a","D","63","49","0","63","0","27","No exceedance","150","0.0019 - 0.00653","340","0.000853 - 0.00288","No exceedance","Remove from Category 4a","3"
"ANACOSTIA UPPER","ARSENIC","ARSENIC","DISSOLVED","4a","D","56","44","0","56","0","19","No exceedance","150","0.0019 - 0.00653","340","0.000853 - 0.00288","No exceedance","Remove from Category 4a","3"
"BROAD BRANCH","ARSENIC","ARSENIC","DISSOLVED","Not Listed","none","24","19","0","24","0","24","No exceedance","150","0.0019 - 0.00653","340","0.000853 - 0.00288","No exceedance","Not listed - take no action","15"
"DALECARLIA TRIBUTARY","ARSENIC","ARSENIC","DISSOLVED","3","D","0","0","0","0","0","0","No exceedance","150","0.0019 - 0.00653","340","0.000853 - 0.00288","No exceedance","Remove from Category 3","8"
"DUMBARTON OAKS","ARSENIC","ARSENIC","DISSOLVED","3","D","24","9","0","24","0","24","No exceedance","150","0.0019 - 0.00653","340","0.000853 - 0.00288","No exceedance","Remove from Category 3","10"
"FENWICK BRANCH","ARSENIC","ARSENIC","DISSOLVED","3","D","0","0","0","0","0","0","No exceedance","150","0.0019 - 0.00653","340","0.000853 - 0.00288","No exceedance","Remove from Category 3","8"
"FORT DUPONT TRIBUTARY","ARSENIC","ARSENIC","DISSOLVED","4a","D","30","21","0","30","0","27","No exceedance","150","0.0019 - 0.00653","340","0.000853 - 0.00288","No exceedance","Remove from Category 4a","3"
"FORT STANTON TRIBUTARY","ARSENIC","ARSENIC","DISSOLVED","4a","D","32","16","0","32","0","28","No exceedance","150","0.0019 - 0.00653","340","0.000853 - 0.00288","No exceedance","Remove from Category 4a","3"
"HICKEY RUN","ARSENIC","ARSENIC","DISSOLVED","3","D","1","1","0","1","0","0","No exceedance","150","0.0019 - 0.00653","340","0.000853 - 0.00288","No exceedance","Remove from Category 3","8"
"KINGMAN LAKE","ARSENIC","ARSENIC","DISSOLVED","4a","D","25","21","0","25","0","3","No exceedance","150","0.0019 - 0.00653","340","0.000853 - 0.00288","No exceedance","Remove from Category 4a","3"
"KLINGLE VALLEY","ARSENIC","ARSENIC","DISSOLVED","3","D","0","0","0","0","0","0","No exceedance","150","0.0019 - 0.00653","340","0.000853 - 0.00288","No exceedance","Remove from Category 3","8"
"LUZON BRANCH","ARSENIC","ARSENIC","DISSOLVED","3","D","0","0","0","0","0","0","No exceedance","150","0.0019 - 0.00653","340","0.000853 - 0.00288","No exceedance","Remove from Category 3","8"
"MELVIN HAZEN VALLEY BRANCH","ARSENIC","ARSENIC","DISSOLVED","3","D","24","9","0","24","0","24","No exceedance","150","0.0019 - 0.00653","340","0.000853 - 0.00288","No exceedance","Remove from Category 3","10"
"NASH RUN","ARSENIC","ARSENIC","DISSOLVED","4a","D","7","6","0","7","0","3","No exceedance","150","0.0019 - 0.00653","340","0.000853 - 0.00288","No exceedance","Remove from Category 4a","3"
"NORMANSTONE CREEK","ARSENIC","ARSENIC","DISSOLVED","Not Listed","none","0","0","0","0","0","0","No exceedance","150","0.0019 - 0.00653","340","0.000853 - 0.00288","No exceedance","Not listed - take no action","15"
"OXON RUN","ARSENIC","ARSENIC","DISSOLVED","3","D","1","1","0","1","0","0","No exceedance","150","0.0019 - 0.00653","340","0.000853 - 0.00288","No exceedance","Remove from Category 3","8"
"PINEHURST BRANCH","ARSENIC","ARSENIC","DISSOLVED","3","D","0","0","0","0","0","0","No exceedance","150","0.0019 - 0.00653","340","0.000853 - 0.00288","No exceedance","Remove from Category 3","8"
"PINEY BRANCH","ARSENIC","ARSENIC","DISSOLVED","3","D","1","0","0","1","0","0","No exceedance","150","0.0019 - 0.00653","340","0.000853 - 0.00288","No exceedance","Remove from Category 3","8"
"POPE BRANCH","ARSENIC","ARSENIC","DISSOLVED","3","D","1","0","0","1","0","0","No exceedance","150","0.0019 - 0.00653","340","0.000853 - 0.00288","No exceedance","Remove from Category 3","8"
"PORTAL BRANCH","ARSENIC","ARSENIC","DISSOLVED","3","D","0","0","0","0","0","0","No exceedance","150","0.0019 - 0.00653","340","0.000853 - 0.00288","No exceedance","Remove from Category 3","8"
"POTOMAC LOWER","ARSENIC","ARSENIC","DISSOLVED","Not Listed","none","24","19","0","24","0","24","No exceedance","150","0.0019 - 0.00653","340","0.000853 - 0.00288","No exceedance","Not listed - take no action","15"
"POTOMAC MIDDLE","ARSENIC","ARSENIC","DISSOLVED","Not Listed","none","24","17","0","24","0","24","No exceedance","150","0.0019 - 0.00653","340","0.000853 - 0.00288","No exceedance","Not listed - take no action","15"
"POTOMAC UPPER","ARSENIC","ARSENIC","DISSOLVED","Not Listed","none","24","14","0","24","0","24","No exceedance","150","0.0019 - 0.00653","340","0.000853 - 0.00288","No exceedance","Not listed - take no action","15"
"ROCK CREEK LOWER","ARSENIC","ARSENIC","DISSOLVED","Not Listed","none","24","10","0","24","0","24","No exceedance","150","0.0019 - 0.00653","340","0.000853 - 0.00288","No exceedance","Not listed - take no action","15"
"ROCK CREEK UPPER","ARSENIC","ARSENIC","DISSOLVED","Not Listed","none","0","0","0","0","0","0","No exceedance","150","0.0019 - 0.00653","340","0.000853 - 0.00288","No exceedance","Not listed - take no action","15"
"SOAPSTONE CREEK","ARSENIC","ARSENIC","DISSOLVED","3","D","0","0","0","0","0","0","No exceedance","150","0.0019 - 0.00653","340","0.000853 - 0.00288","No exceedance","Remove from Category 3","8"
"TEXAS AVENUE TRIBUTARY","ARSENIC","ARSENIC","DISSOLVED","4a","D","6","6","0","6","0","3","No exceedance","150","0.0019 - 0.00653","340","0.000853 - 0.00288","No exceedance","Remove from Category 4a","3"
"TIDAL BASIN","ARSENIC","ARSENIC","DISSOLVED","Not Listed","none","0","0","0","0","0","0","No exceedance","150","0.0019 - 0.00653","340","0.000853 - 0.00288","No exceedance","Not listed - take no action","15"
"WASHINGTON SHIP CHANNEL","ARSENIC","ARSENIC","DISSOLVED","Not Listed","none","16","12","0","16","0","0","No exceedance","150","0.0019 - 0.00653","340","0.000853 - 0.00288","No exceedance","Not listed - take no action","15"
"WATTS BRANCH LOWER","ARSENIC","ARSENIC","DISSOLVED","Not Listed","none","3","2","0","3","0","0","No exceedance","150","0.0019 - 0.00653","340","0.000853 - 0.00288","No exceedance","Not listed - take no action","15"
"WATTS BRANCH UPPER","ARSENIC","ARSENIC","DISSOLVED","Not Listed","none","24","21","0","24","0","24","No exceedance","150","0.0019 - 0.00653","340","0.000853 - 0.00288","No exceedance","Not listed - take no action","15"
"BATTERY KEMBLE CREEK","ARSENIC","ARSENIC","DISSOLVED","3","D","1","1","0","1","0","0","No exceedance","150","0.0019 - 0.00653","340","0.000853 - 0.00288","No exceedance","Remove from Category 3","8"
"C&O CANAL","ARSENIC","ARSENIC","DISSOLVED","Not Listed","none","0","0","0","0","0","0","No exceedance","150","0.0019 - 0.00653","340","0.000853 - 0.00288","No exceedance","Not listed - take no action","15"
"FORT CHAPLIN TRIBUTARY","ARSENIC","ARSENIC","DISSOLVED","4a","D","6","6","0","6","0","3","No exceedance","150","0.0019 - 0.00653","340","0.000853 - 0.00288","No exceedance","Remove from Category 4a","3"
"FORT DAVIS TRIBUTARY","ARSENIC","ARSENIC","DISSOLVED","4a","D","6","5","0","6","0","3","No exceedance","150","0.0019 - 0.00653","340","0.000853 - 0.00288","No exceedance","Remove from Category 4a","3"
"FOUNDRY BRANCH","ARSENIC","ARSENIC","DISSOLVED","Not Listed","none","2","2","0","2","0","0","No exceedance","150","0.0019 - 0.00653","340","0.000853 - 0.00288","No exceedance","Not listed - take no action","15"
"ANACOSTIA LOWER","COPPER","COPPER","DISSOLVED","4a","D","63","63","0","63","0","27","No exceedance","10.76","0.0161 - 0.127","16.5","0.0104 -0.0833","No exceedance","Remove from Category 4a","3"
"ANACOSTIA UPPER","COPPER","COPPER","DISSOLVED","4a","D","56","56","1","56","1","19","21","10.76","0.0161 - 0.127","16.5","0.0104 -0.0833","No","Move to Category 3","6"
"BROAD BRANCH","COPPER","COPPER","DISSOLVED","Not Listed","none","24","24","0","24","0","24","No exceedance","10.76","0.0161 - 0.127","16.5","0.0104 -0.0833","No exceedance","Not listed - take no action","15"
"DALECARLIA TRIBUTARY","COPPER","COPPER","DISSOLVED","3","D","0","0","0","0","0","0","No exceedance","10.76","0.0161 - 0.127","16.5","0.0104 -0.0833","No exceedance","Remove from Category 3","8"
"DUMBARTON OAKS","COPPER","COPPER","DISSOLVED","3","D","24","22","1","24","1","24","21","10.76","0.0161 - 0.127","16.5","0.0104 -0.0833","Yes","Remove from Category 3","13"
"FENWICK BRANCH","COPPER","COPPER","DISSOLVED","3","D","0","0","0","0","0","0","No exceedance","10.76","0.0161 - 0.127","16.5","0.0104 -0.0833","No exceedance","Remove from Category 3","8"
"FORT DUPONT TRIBUTARY","COPPER","COPPER","DISSOLVED","3","D","30","27","0","30","0","27","No exceedance","10.76","0.0161 - 0.127","16.5","0.0104 -0.0833","No exceedance","Remove from Category 3","10"
"FORT STANTON TRIBUTARY","COPPER","COPPER","DISSOLVED","Not Listed","none","32","31","0","32","0","28","No exceedance","10.76","0.0161 - 0.127","16.5","0.0104 -0.0833","No exceedance","Not listed - take no action","15"
"HICKEY RUN","COPPER","COPPER","DISSOLVED","3","D","193","190","2","191","2","103","2","10.76","0.0161 - 0.127","16.5","0.0104 -0.0833","Yes","Move to Category 5","7"
"KINGMAN LAKE","COPPER","COPPER","DISSOLVED","3","D","25","25","0","25","0","3","No exceedance","10.76","0.0161 - 0.127","16.5","0.0104 -0.0833","No exceedance","Remove from Category 3","10"
"KLINGLE VALLEY","COPPER","COPPER","DISSOLVED","3","D","0","0","0","0","0","0","No exceedance","10.76","0.0161 - 0.127","16.5","0.0104 -0.0833","No exceedance","Remove from Category 3","8"
"LUZON BRANCH","COPPER","COPPER","DISSOLVED","3","D","0","0","0","0","0","0","No exceedance","10.76","0.0161 - 0.127","16.5","0.0104 -0.0833","No exceedance","Remove from Category 3","8"
"MELVIN HAZEN VALLEY BRANCH","COPPER","COPPER","DISSOLVED","3","D","24","23","0","24","0","24","No exceedance","10.76","0.0161 - 0.127","16.5","0.0104 -0.0833","No exceedance","Remove from Category 3","10"
"NASH RUN","COPPER","COPPER","DISSOLVED","3","D","7","7","0","7","0","3","No exceedance","10.76","0.0161 - 0.127","16.5","0.0104 -0.0833","No exceedance","Remove from Category 3","10"
"NORMANSTONE CREEK","COPPER","COPPER","DISSOLVED","Not Listed","none","0","0","0","0","0","0","No exceedance","10.76","0.0161 - 0.127","16.5","0.0104 -0.0833","No exceedance","Not listed - take no action","15"
"OXON RUN","COPPER","COPPER","DISSOLVED","3","D","1","1","0","1","0","0","No exceedance","10.76","0.0161 - 0.127","16.5","0.0104 -0.0833","No exceedance","Remove from Category 3","8"
"PINEHURST BRANCH","COPPER","COPPER","DISSOLVED","3","D","0","0","0","0","0","0","No exceedance","10.76","0.0161 - 0.127","16.5","0.0104 -0.0833","No exceedance","Remove from Category 3","8"
"PINEY BRANCH","COPPER","COPPER","DISSOLVED","3","D","1","1","0","1","0","0","No exceedance","10.76","0.0161 - 0.127","16.5","0.0104 -0.0833","No exceedance","Remove from Category 3","8"
"POPE BRANCH","COPPER","COPPER","DISSOLVED","3","D","1","1","0","1","0","0","No exceedance","10.76","0.0161 - 0.127","16.5","0.0104 -0.0833","No exceedance","Remove from Category 3","8"
"PORTAL BRANCH","COPPER","COPPER","DISSOLVED","3","D","0","0","0","0","0","0","No exceedance","10.76","0.0161 - 0.127","16.5","0.0104 -0.0833","No exceedance","Remove from Category 3","8"
"POTOMAC LOWER","COPPER","COPPER","DISSOLVED","Not Listed","none","24","24","0","24","0","24","No exceedance","10.76","0.0161 - 0.127","16.5","0.0104 -0.0833","No exceedance","Not listed - take no action","15"
"POTOMAC MIDDLE","COPPER","COPPER","DISSOLVED","Not Listed","none","24","23","0","24","0","24","No exceedance","10.76","0.0161 - 0.127","16.5","0.0104 -0.0833","No exceedance","Not listed - take no action","15"
"POTOMAC UPPER","COPPER","COPPER","DISSOLVED","Not Listed","none","24","23","0","24","0","24","No exceedance","10.76","0.0161 - 0.127","16.5","0.0104 -0.0833","No exceedance","Not listed - take no action","15"
"ROCK CREEK LOWER","COPPER","COPPER","DISSOLVED","4a","D","24","24","0","24","0","24","No exceedance","10.76","0.0161 - 0.127","16.5","0.0104 -0.0833","No exceedance","Remove from Category 4a","3"
"ROCK CREEK UPPER","COPPER","COPPER","DISSOLVED","Not Listed","none","201","200","1","199","1","107","5","10.76","0.0161 - 0.127","16.5","0.0104 -0.0833","Yes","Not listed - take no action","16"
"SOAPSTONE CREEK","COPPER","COPPER","DISSOLVED","3","D","0","0","0","0","0","0","No exceedance","10.76","0.0161 - 0.127","16.5","0.0104 -0.0833","No exceedance","Remove from Category 3","8"
"TEXAS AVENUE TRIBUTARY","COPPER","COPPER","DISSOLVED","Not Listed","none","6","4","0","6","0","3","No exceedance","10.76","0.0161 - 0.127","16.5","0.0104 -0.0833","No exceedance","Not listed - take no action","15"
"TIDAL BASIN","COPPER","COPPER","DISSOLVED","Not Listed","none","0","0","0","0","0","0","No exceedance","10.76","0.0161 - 0.127","16.5","0.0104 -0.0833","No exceedance","Not listed - take no action","15"
"WASHINGTON SHIP CHANNEL","COPPER","COPPER","DISSOLVED","Not Listed","none","16","16","0","16","0","0","No exceedance","10.76","0.0161 - 0.127","16.5","0.0104 -0.0833","No exceedance","Not listed - take no action","15"
"WATTS BRANCH LOWER","COPPER","COPPER","DISSOLVED","Not Listed","none","3","3","0","3","0","0","No exceedance","10.76","0.0161 - 0.127","16.5","0.0104 -0.0833","No exceedance","Not listed - take no action","15"
"WATTS BRANCH UPPER","COPPER","COPPER","DISSOLVED","Not Listed","none","214","211","1","212","1","127","174","10.76","0.0161 - 0.127","16.5","0.0104 -0.0833","No","Not listed - take no action","16"
"BATTERY KEMBLE CREEK","COPPER","COPPER","DISSOLVED","3","D","1","1","0","1","0","0","No exceedance","10.76","0.0161 - 0.127","16.5","0.0104 -0.0833","No exceedance","Remove from Category 3","8"
"C&O CANAL","COPPER","COPPER","DISSOLVED","Not Listed","none","0","0","0","0","0","0","No exceedance","10.76","0.0161 - 0.127","16.5","0.0104 -0.0833","No exceedance","Not listed - take no action","15"
"FORT CHAPLIN TRIBUTARY","COPPER","COPPER","DISSOLVED","Not Listed","none","6","6","0","6","0","3","No exceedance","10.76","0.0161 - 0.127","16.5","0.0104 -0.0833","No exceedance","Not listed - take no action","15"
"FORT DAVIS TRIBUTARY","COPPER","COPPER","DISSOLVED","Not Listed","none","6","4","0","6","0","3","No exceedance","10.76","0.0161 - 0.127","16.5","0.0104 -0.0833","No exceedance","Not listed - take no action","15"
"FOUNDRY BRANCH","COPPER","COPPER","DISSOLVED","Not Listed","none","2","2","0","2","0","0","No exceedance","10.76","0.0161 - 0.127","16.5","0.0104 -0.0833","No exceedance","Not listed - take no action","15"
"ANACOSTIA LOWER","LEAD","LEAD","DISSOLVED","Not Listed","none","60","49","0","60","0","24","No exceedance","waterbody-specific","0.00188 - 0.198","waterbody-specific","0.0000682 - 0.00672","No exceedance","Not listed - take no action","15"
"ANACOSTIA UPPER","LEAD","LEAD","DISSOLVED","Not Listed","none","37","31","0","37","0","0","No exceedance","waterbody-specific","0.00188 - 0.198","waterbody-specific","0.0000682 - 0.00672","No exceedance","Not listed - take no action","15"
"BROAD BRANCH","LEAD","LEAD","DISSOLVED","Not Listed","none","24","7","0","24","0","24","No exceedance","waterbody-specific","0.00188 - 0.198","waterbody-specific","0.0000682 - 0.00672","No exceedance","Not listed - take no action","15"
"DALECARLIA TRIBUTARY","LEAD","LEAD","DISSOLVED","Not Listed","none","0","0","0","0","0","0","No exceedance","waterbody-specific","0.00188 - 0.198","waterbody-specific","0.0000682 - 0.00672","No exceedance","Not listed - take no action","15"
"DUMBARTON OAKS","LEAD","LEAD","DISSOLVED","Not Listed","none","24","5","1","24","1","24","21","waterbody-specific","0.00188 - 0.198","waterbody-specific","0.0000682 - 0.00672","Yes","Not listed - take no action","16"
"FENWICK BRANCH","LEAD","LEAD","DISSOLVED","Not Listed","none","0","0","0","0","0","0","No exceedance","waterbody-specific","0.00188 - 0.198","waterbody-specific","0.0000682 - 0.00672","No exceedance","Not listed - take no action","15"
"FORT DUPONT TRIBUTARY","LEAD","LEAD","DISSOLVED","Not Listed","none","27","9","0","27","0","24","No exceedance","waterbody-specific","0.00188 - 0.198","waterbody-specific","0.0000682 - 0.00672","No exceedance","Not listed - take no action","15"
"FORT STANTON TRIBUTARY","LEAD","LEAD","DISSOLVED","Not Listed","none","29","9","0","29","0","25","No exceedance","waterbody-specific","0.00188 - 0.198","waterbody-specific","0.0000682 - 0.00672","No exceedance","Not listed - take no action","15"
"HICKEY RUN","LEAD","LEAD","DISSOLVED","Not Listed","none","193","188","0","191","0","103","No exceedance","waterbody-specific","0.00188 - 0.198","waterbody-specific","0.0000682 - 0.00672","No exceedance","Not listed - take no action","15"
"KINGMAN LAKE","LEAD","LEAD","DISSOLVED","Not Listed","none","22","18","0","22","0","0","No exceedance","waterbody-specific","0.00188 - 0.198","waterbody-specific","0.0000682 - 0.00672","No exceedance","Not listed - take no action","15"
"KLINGLE VALLEY","LEAD","LEAD","DISSOLVED","Not Listed","none","0","0","0","0","0","0","No exceedance","waterbody-specific","0.00188 - 0.198","waterbody-specific","0.0000682 - 0.00672","No exceedance","Not listed - take no action","15"
"LUZON BRANCH","LEAD","LEAD","DISSOLVED","Not Listed","none","0","0","0","0","0","0","No exceedance","waterbody-specific","0.00188 - 0.198","waterbody-specific","0.0000682 - 0.00672","No exceedance","Not listed - take no action","15"
"MELVIN HAZEN VALLEY BRANCH","LEAD","LEAD","DISSOLVED","Not Listed","none","24","5","0","24","0","24","No exceedance","waterbody-specific","0.00188 - 0.198","waterbody-specific","0.0000682 - 0.00672","No exceedance","Not listed - take no action","15"
"NASH RUN","LEAD","LEAD","DISSOLVED","Not Listed","none","4","4","0","4","0","0","No exceedance","waterbody-specific","0.00188 - 0.198","waterbody-specific","0.0000682 - 0.00672","No exceedance","Not listed - take no action","15"
"NORMANSTONE CREEK","LEAD","LEAD","DISSOLVED","Not Listed","none","0","0","0","0","0","0","No exceedance","waterbody-specific","0.00188 - 0.198","waterbody-specific","0.0000682 - 0.00672","No exceedance","Not listed - take no action","15"
"OXON RUN","LEAD","LEAD","DISSOLVED","Not Listed","none","1","1","0","1","0","0","No exceedance","waterbody-specific","0.00188 - 0.198","waterbody-specific","0.0000682 - 0.00672","No exceedance","Not listed - take no action","15"
"PINEHURST BRANCH","LEAD","LEAD","DISSOLVED","Not Listed","none","0","0","0","0","0","0","No exceedance","waterbody-specific","0.00188 - 0.198","waterbody-specific","0.0000682 - 0.00672","No exceedance","Not listed - take no action","15"
"PINEY BRANCH","LEAD","LEAD","DISSOLVED","Not Listed","none","1","1","0","1","0","0","No exceedance","waterbody-specific","0.00188 - 0.198","waterbody-specific","0.0000682 - 0.00672","No exceedance","Not listed - take no action","15"
"POPE BRANCH","LEAD","LEAD","DISSOLVED","Not Listed","none","1","1","0","1","0","0","No exceedance","waterbody-specific","0.00188 - 0.198","waterbody-specific","0.0000682 - 0.00672","No exceedance","Not listed - take no action","15"
"PORTAL BRANCH","LEAD","LEAD","DISSOLVED","Not Listed","none","0","0","0","0","0","0","No exceedance","waterbody-specific","0.00188 - 0.198","waterbody-specific","0.0000682 - 0.00672","No exceedance","Not listed - take no action","15"
"POTOMAC LOWER","LEAD","LEAD","DISSOLVED","Not Listed","none","24","10","1","24","1","24","20","waterbody-specific","0.00188 - 0.198","waterbody-specific","0.0000682 - 0.00672","Yes","Not listed - take no action","16"
"POTOMAC MIDDLE","LEAD","LEAD","DISSOLVED","Not Listed","none","24","6","0","24","0","24","No exceedance","waterbody-specific","0.00188 - 0.198","waterbody-specific","0.0000682 - 0.00672","No exceedance","Not listed - take no action","15"
"POTOMAC UPPER","LEAD","LEAD","DISSOLVED","Not Listed","none","24","5","0","24","0","24","No exceedance","waterbody-specific","0.00188 - 0.198","waterbody-specific","0.0000682 - 0.00672","No exceedance","Not listed - take no action","15"
"ROCK CREEK LOWER","LEAD","LEAD","DISSOLVED","4a","D","24","8","0","24","0","24","No exceedance","waterbody-specific","0.00188 - 0.198","waterbody-specific","0.0000682 - 0.00672","No exceedance","Remove from Category 4a","3"
"ROCK CREEK UPPER","LEAD","LEAD","DISSOLVED","Not Listed","none","200","192","0","198","0","106","No exceedance","waterbody-specific","0.00188 - 0.198","waterbody-specific","0.0000682 - 0.00672","No exceedance","Not listed - take no action","15"
"SOAPSTONE CREEK","LEAD","LEAD","DISSOLVED","Not Listed","none","0","0","0","0","0","0","No exceedance","waterbody-specific","0.00188 - 0.198","waterbody-specific","0.0000682 - 0.00672","No exceedance","Not listed - take no action","15"
"TEXAS AVENUE TRIBUTARY","LEAD","LEAD","DISSOLVED","Not Listed","none","3","2","0","3","0","0","No exceedance","waterbody-specific","0.00188 - 0.198","waterbody-specific","0.0000682 - 0.00672","No exceedance","Not listed - take no action","15"
"TIDAL BASIN","LEAD","LEAD","DISSOLVED","Not Listed","none","0","0","0","0","0","0","No exceedance","waterbody-specific","0.00188 - 0.198","waterbody-specific","0.0000682 - 0.00672","No exceedance","Not listed - take no action","15"
"WASHINGTON SHIP CHANNEL","LEAD","LEAD","DISSOLVED","Not Listed","none","16","8","0","16","0","0","No exceedance","waterbody-specific","0.00188 - 0.198","waterbody-specific","0.0000682 - 0.00672","No exceedance","Not listed - take no action","15"
"WATTS BRANCH LOWER","LEAD","LEAD","DISSOLVED","Not Listed","none","3","2","0","3","0","0","No exceedance","waterbody-specific","0.00188 - 0.198","waterbody-specific","0.0000682 - 0.00672","No exceedance","Not listed - take no action","15"
"WATTS BRANCH UPPER","LEAD","LEAD","DISSOLVED","Not Listed","none","213","172","0","211","0","126","No exceedance","waterbody-specific","0.00188 - 0.198","waterbody-specific","0.0000682 - 0.00672","No exceedance","Not listed - take no action","15"
"BATTERY KEMBLE CREEK","LEAD","LEAD","DISSOLVED","Not Listed","none","1","1","0","1","0","0","No exceedance","waterbody-specific","0.00188 - 0.198","waterbody-specific","0.0000682 - 0.00672","No exceedance","Not listed - take no action","15"
"C&O CANAL","LEAD","LEAD","DISSOLVED","Not Listed","none","0","0","0","0","0","0","No exceedance","waterbody-specific","0.00188 - 0.198","waterbody-specific","0.0000682 - 0.00672","No exceedance","Not listed - take no action","15"
"FORT CHAPLIN TRIBUTARY","LEAD","LEAD","DISSOLVED","Not Listed","none","3","3","0","3","0","0","No exceedance","waterbody-specific","0.00188 - 0.198","waterbody-specific","0.0000682 - 0.00672","No exceedance","Not listed - take no action","15"
"FORT DAVIS TRIBUTARY","LEAD","LEAD","DISSOLVED","Not Listed","none","3","3","0","3","0","0","No exceedance","waterbody-specific","0.00188 - 0.198","waterbody-specific","0.0000682 - 0.00672","No exceedance","Not listed - take no action","15"
"FOUNDRY BRANCH","LEAD","LEAD","DISSOLVED","Not Listed","none","2","2","0","2","0","0","No exceedance","waterbody-specific","0.00188 - 0.198","waterbody-specific","0.0000682 - 0.00672","No exceedance","Not listed - take no action","15"
"ANACOSTIA LOWER","MERCURY","MERCURY","DISSOLVED","Not Listed","none","60","2","0","60","0","24","No exceedance","0.77","0.000221 - 0.26","1.4","0.000121 - 0.143","No exceedance","Not listed - take no action","15"
"ANACOSTIA UPPER","MERCURY","MERCURY","DISSOLVED","Not Listed","none","30","1","0","30","0","0","No exceedance","0.77","0.000221 - 0.26","1.4","0.000121 - 0.143","No exceedance","Not listed - take no action","15"
"BROAD BRANCH","MERCURY","MERCURY","DISSOLVED","Not Listed","none","24","0","0","24","0","24","No exceedance","0.77","0.000221 - 0.26","1.4","0.000121 - 0.143","No exceedance","Not listed - take no action","15"
"DALECARLIA TRIBUTARY","MERCURY","MERCURY","DISSOLVED","Not Listed","none","0","0","0","0","0","0","No exceedance","0.77","0.000221 - 0.26","1.4","0.000121 - 0.143","No exceedance","Not listed - take no action","15"
"DUMBARTON OAKS","MERCURY","MERCURY","DISSOLVED","Not Listed","none","24","2","0","24","0","24","No exceedance","0.77","0.000221 - 0.26","1.4","0.000121 - 0.143","No exceedance","Not listed - take no action","15"
"FENWICK BRANCH","MERCURY","MERCURY","DISSOLVED","Not Listed","none","0","0","0","0","0","0","No exceedance","0.77","0.000221 - 0.26","1.4","0.000121 - 0.143","No exceedance","Not listed - take no action","15"
"FORT DUPONT TRIBUTARY","MERCURY","MERCURY","DISSOLVED","Not Listed","none","24","0","0","24","0","24","No exceedance","0.77","0.000221 - 0.26","1.4","0.000121 - 0.143","No exceedance","Not listed - take no action","15"
"FORT STANTON TRIBUTARY","MERCURY","MERCURY","DISSOLVED","Not Listed","none","25","0","0","25","0","25","No exceedance","0.77","0.000221 - 0.26","1.4","0.000121 - 0.143","No exceedance","Not listed - take no action","15"
"HICKEY RUN","MERCURY","MERCURY","DISSOLVED","Not Listed","none","1","0","0","1","0","0","No exceedance","0.77","0.000221 - 0.26","1.4","0.000121 - 0.143","No exceedance","Not listed - take no action","15"
"KINGMAN LAKE","MERCURY","MERCURY","DISSOLVED","Not Listed","none","18","2","0","18","0","0","No exceedance","0.77","0.000221 - 0.26","1.4","0.000121 - 0.143","No exceedance","Not listed - take no action","15"
"KLINGLE VALLEY","MERCURY","MERCURY","DISSOLVED","Not Listed","none","0","0","0","0","0","0","No exceedance","0.77","0.000221 - 0.26","1.4","0.000121 - 0.143","No exceedance","Not listed - take no action","15"
"LUZON BRANCH","MERCURY","MERCURY","DISSOLVED","Not Listed","none","0","0","0","0","0","0","No exceedance","0.77","0.000221 - 0.26","1.4","0.000121 - 0.143","No exceedance","Not listed - take no action","15"
"MELVIN HAZEN VALLEY BRANCH","MERCURY","MERCURY","DISSOLVED","Not Listed","none","24","0","0","24","0","24","No exceedance","0.77","0.000221 - 0.26","1.4","0.000121 - 0.143","No exceedance","Not listed - take no action","15"
"NASH RUN","MERCURY","MERCURY","DISSOLVED","Not Listed","none","0","0","0","0","0","0","No exceedance","0.77","0.000221 - 0.26","1.4","0.000121 - 0.143","No exceedance","Not listed - take no action","15"
"NORMANSTONE CREEK","MERCURY","MERCURY","DISSOLVED","Not Listed","none","0","0","0","0","0","0","No exceedance","0.77","0.000221 - 0.26","1.4","0.000121 - 0.143","No exceedance","Not listed - take no action","15"
"OXON RUN","MERCURY","MERCURY","DISSOLVED","Not Listed","none","0","0","0","0","0","0","No exceedance","0.77","0.000221 - 0.26","1.4","0.000121 - 0.143","No exceedance","Not listed - take no action","15"
"PINEHURST BRANCH","MERCURY","MERCURY","DISSOLVED","Not Listed","none","0","0","0","0","0","0","No exceedance","0.77","0.000221 - 0.26","1.4","0.000121 - 0.143","No exceedance","Not listed - take no action","15"
"PINEY BRANCH","MERCURY","MERCURY","DISSOLVED","Not Listed","none","0","0","0","0","0","0","No exceedance","0.77","0.000221 - 0.26","1.4","0.000121 - 0.143","No exceedance","Not listed - take no action","15"
"POPE BRANCH","MERCURY","MERCURY","DISSOLVED","Not Listed","none","1","0","0","1","0","0","No exceedance","0.77","0.000221 - 0.26","1.4","0.000121 - 0.143","No exceedance","Not listed - take no action","15"
"PORTAL BRANCH","MERCURY","MERCURY","DISSOLVED","Not Listed","none","0","0","0","0","0","0","No exceedance","0.77","0.000221 - 0.26","1.4","0.000121 - 0.143","No exceedance","Not listed - take no action","15"
"POTOMAC LOWER","MERCURY","MERCURY","DISSOLVED","Not Listed","none","24","0","0","24","0","24","No exceedance","0.77","0.000221 - 0.26","1.4","0.000121 - 0.143","No exceedance","Not listed - take no action","15"
"POTOMAC MIDDLE","MERCURY","MERCURY","DISSOLVED","Not Listed","none","24","1","0","24","0","24","No exceedance","0.77","0.000221 - 0.26","1.4","0.000121 - 0.143","No exceedance","Not listed - take no action","15"
"POTOMAC UPPER","MERCURY","MERCURY","DISSOLVED","Not Listed","none","24","1","0","24","0","24","No exceedance","0.77","0.000221 - 0.26","1.4","0.000121 - 0.143","No exceedance","Not listed - take no action","15"
"ROCK CREEK LOWER","MERCURY","MERCURY","DISSOLVED","4a","D","24","0","0","24","0","24","No exceedance","0.77","0.000221 - 0.26","1.4","0.000121 - 0.143","No exceedance","Remove from Category 4a","3"
"ROCK CREEK UPPER","MERCURY","MERCURY","DISSOLVED","4a","D","1","1","0","0","0","0","No exceedance","0.77","0.000221 - 0.26","1.4","0.000121 - 0.143","No exceedance","Move to Category 3","2"
"SOAPSTONE CREEK","MERCURY","MERCURY","DISSOLVED","Not Listed","none","0","0","0","0","0","0","No exceedance","0.77","0.000221 - 0.26","1.4","0.000121 - 0.143","No exceedance","Not listed - take no action","15"
"TEXAS AVENUE TRIBUTARY","MERCURY","MERCURY","DISSOLVED","Not Listed","none","0","0","0","0","0","0","No exceedance","0.77","0.000221 - 0.26","1.4","0.000121 - 0.143","No exceedance","Not listed - take no action","15"
"TIDAL BASIN","MERCURY","MERCURY","DISSOLVED","Not Listed","none","0","0","0","0","0","0","No exceedance","0.77","0.000221 - 0.26","1.4","0.000121 - 0.143","No exceedance","Not listed - take no action","15"
"WASHINGTON SHIP CHANNEL","MERCURY","MERCURY","DISSOLVED","Not Listed","none","16","0","0","16","0","0","No exceedance","0.77","0.000221 - 0.26","1.4","0.000121 - 0.143","No exceedance","Not listed - take no action","15"
"WATTS BRANCH LOWER","MERCURY","MERCURY","DISSOLVED","Not Listed","none","3","0","0","3","0","0","No exceedance","0.77","0.000221 - 0.26","1.4","0.000121 - 0.143","No exceedance","Not listed - take no action","15"
"WATTS BRANCH UPPER","MERCURY","MERCURY","DISSOLVED","Not Listed","none","24","1","0","24","0","24","No exceedance","0.77","0.000221 - 0.26","1.4","0.000121 - 0.143","No exceedance","Not listed - take no action","15"
"BATTERY KEMBLE CREEK","MERCURY","MERCURY","DISSOLVED","Not Listed","none","0","0","0","0","0","0","No exceedance","0.77","0.000221 - 0.26","1.4","0.000121 - 0.143","No exceedance","Not listed - take no action","15"
"C&O CANAL","MERCURY","MERCURY","DISSOLVED","Not Listed","none","0","0","0","0","0","0","No exceedance","0.77","0.000221 - 0.26","1.4","0.000121 - 0.143","No exceedance","Not listed - take no action","15"
"FORT CHAPLIN TRIBUTARY","MERCURY","MERCURY","DISSOLVED","Not Listed","none","0","0","0","0","0","0","No exceedance","0.77","0.000221 - 0.26","1.4","0.000121 - 0.143","No exceedance","Not listed - take no action","15"
"FORT DAVIS TRIBUTARY","MERCURY","MERCURY","DISSOLVED","Not Listed","none","0","0","0","0","0","0","No exceedance","0.77","0.000221 - 0.26","1.4","0.000121 - 0.143","No exceedance","Not listed - take no action","15"
"FOUNDRY BRANCH","MERCURY","MERCURY","DISSOLVED","Not Listed","none","0","0","0","0","0","0","No exceedance","0.77","0.000221 - 0.26","1.4","0.000121 - 0.143","No exceedance","Not listed - take no action","15"
"ANACOSTIA LOWER","ZINC","ZINC","DISSOLVED","4a","D","63","46","0","63","0","27","No exceedance","waterbody-specific","0.00966 - 0.114","waterbody-specific","0.00973 - 0.115","No exceedance","Remove from Category 4a","3"
"ANACOSTIA UPPER","ZINC","ZINC","DISSOLVED","4a","D","56","51","0","56","0","19","No exceedance","waterbody-specific","0.00966 - 0.114","waterbody-specific","0.00973 - 0.115","No exceedance","Remove from Category 4a","3"
"BROAD BRANCH","ZINC","ZINC","DISSOLVED","Not Listed","none","24","7","0","24","0","24","No exceedance","waterbody-specific","0.00966 - 0.114","waterbody-specific","0.00973 - 0.115","No exceedance","Not listed - take no action","15"
"DALECARLIA TRIBUTARY","ZINC","ZINC","DISSOLVED","3","D","0","0","0","0","0","0","No exceedance","waterbody-specific","0.00966 - 0.114","waterbody-specific","0.00973 - 0.115","No exceedance","Remove from Category 3","8"
"DUMBARTON OAKS","ZINC","ZINC","DISSOLVED","3","D","24","20","0","24","0","24","No exceedance","waterbody-specific","0.00966 - 0.114","waterbody-specific","0.00973 - 0.115","No exceedance","Remove from Category 3","10"
"FENWICK BRANCH","ZINC","ZINC","DISSOLVED","3","D","0","0","0","0","0","0","No exceedance","waterbody-specific","0.00966 - 0.114","waterbody-specific","0.00973 - 0.115","No exceedance","Remove from Category 3","8"
"FORT DUPONT TRIBUTARY","ZINC","ZINC","DISSOLVED","3","D","30","26","0","30","0","27","No exceedance","waterbody-specific","0.00966 - 0.114","waterbody-specific","0.00973 - 0.115","No exceedance","Remove from Category 3","10"
"FORT STANTON TRIBUTARY","ZINC","ZINC","DISSOLVED","Not Listed","none","32","22","0","32","0","28","No exceedance","waterbody-specific","0.00966 - 0.114","waterbody-specific","0.00973 - 0.115","No exceedance","Not listed - take no action","15"
"HICKEY RUN","ZINC","ZINC","DISSOLVED","3","D","193","179","0","191","0","103","No exceedance","waterbody-specific","0.00966 - 0.114","waterbody-specific","0.00973 - 0.115","No exceedance","Remove from Category 3","10"
"KINGMAN LAKE","ZINC","ZINC","DISSOLVED","3","D","25","25","1","25","1","3","1","waterbody-specific","0.00966 - 0.114","waterbody-specific","0.00973 - 0.115","Yes","Remove from Category 3","13"
"KLINGLE VALLEY","ZINC","ZINC","DISSOLVED","3","D","0","0","0","0","0","0","No exceedance","waterbody-specific","0.00966 - 0.114","waterbody-specific","0.00973 - 0.115","No exceedance","Remove from Category 3","8"
"LUZON BRANCH","ZINC","ZINC","DISSOLVED","3","D","0","0","0","0","0","0","No exceedance","waterbody-specific","0.00966 - 0.114","waterbody-specific","0.00973 - 0.115","No exceedance","Remove from Category 3","8"
"MELVIN HAZEN VALLEY BRANCH","ZINC","ZINC","DISSOLVED","3","D","24","7","0","24","0","24","No exceedance","waterbody-specific","0.00966 - 0.114","waterbody-specific","0.00973 - 0.115","No exceedance","Remove from Category 3","10"
"NASH RUN","ZINC","ZINC","DISSOLVED","3","D","7","6","0","7","0","3","No exceedance","waterbody-specific","0.00966 - 0.114","waterbody-specific","0.00973 - 0.115","No exceedance","Remove from Category 3","10"
"NORMANSTONE CREEK","ZINC","ZINC","DISSOLVED","Not Listed","none","0","0","0","0","0","0","No exceedance","waterbody-specific","0.00966 - 0.114","waterbody-specific","0.00973 - 0.115","No exceedance","Not listed - take no action","15"
"OXON RUN","ZINC","ZINC","DISSOLVED","3","D","1","1","0","1","0","0","No exceedance","waterbody-specific","0.00966 - 0.114","waterbody-specific","0.00973 - 0.115","No exceedance","Remove from Category 3","8"
"PINEHURST BRANCH","ZINC","ZINC","DISSOLVED","3","D","0","0","0","0","0","0","No exceedance","waterbody-specific","0.00966 - 0.114","waterbody-specific","0.00973 - 0.115","No exceedance","Remove from Category 3","8"
"PINEY BRANCH","ZINC","ZINC","DISSOLVED","3","D","1","1","0","1","0","0","No exceedance","waterbody-specific","0.00966 - 0.114","waterbody-specific","0.00973 - 0.115","No exceedance","Remove from Category 3","8"
"POPE BRANCH","ZINC","ZINC","DISSOLVED","3","D","1","1","0","1","0","0","No exceedance","waterbody-specific","0.00966 - 0.114","waterbody-specific","0.00973 - 0.115","No exceedance","Remove from Category 3","8"
"PORTAL BRANCH","ZINC","ZINC","DISSOLVED","3","D","0","0","0","0","0","0","No exceedance","waterbody-specific","0.00966 - 0.114","waterbody-specific","0.00973 - 0.115","No exceedance","Remove from Category 3","8"
"POTOMAC LOWER","ZINC","ZINC","DISSOLVED","Not Listed","none","24","3","0","24","0","24","No exceedance","waterbody-specific","0.00966 - 0.114","waterbody-specific","0.00973 - 0.115","No exceedance","Not listed - take no action","15"
"POTOMAC MIDDLE","ZINC","ZINC","DISSOLVED","Not Listed","none","24","2","0","24","0","24","No exceedance","waterbody-specific","0.00966 - 0.114","waterbody-specific","0.00973 - 0.115","No exceedance","Not listed - take no action","15"
"POTOMAC UPPER","ZINC","ZINC","DISSOLVED","Not Listed","none","24","5","0","24","0","24","No exceedance","waterbody-specific","0.00966 - 0.114","waterbody-specific","0.00973 - 0.115","No exceedance","Not listed - take no action","15"
"ROCK CREEK LOWER","ZINC","ZINC","DISSOLVED","4a","D","24","5","0","24","0","24","No exceedance","waterbody-specific","0.00966 - 0.114","waterbody-specific","0.00973 - 0.115","No exceedance","Remove from Category 4a","3"
"ROCK CREEK UPPER","ZINC","ZINC","DISSOLVED","Not Listed","none","200","95","0","198","0","106","No exceedance","waterbody-specific","0.00966 - 0.114","waterbody-specific","0.00973 - 0.115","No exceedance","Not listed - take no action","15"
"SOAPSTONE CREEK","ZINC","ZINC","DISSOLVED","3","D","0","0","0","0","0","0","No exceedance","waterbody-specific","0.00966 - 0.114","waterbody-specific","0.00973 - 0.115","No exceedance","Remove from Category 3","8"
"TEXAS AVENUE TRIBUTARY","ZINC","ZINC","DISSOLVED","Not Listed","none","6","5","0","6","0","3","No exceedance","waterbody-specific","0.00966 - 0.114","waterbody-specific","0.00973 - 0.115","No exceedance","Not listed - take no action","15"
"TIDAL BASIN","ZINC","ZINC","DISSOLVED","Not Listed","none","0","0","0","0","0","0","No exceedance","waterbody-specific","0.00966 - 0.114","waterbody-specific","0.00973 - 0.115","No exceedance","Not listed - take no action","15"
"WASHINGTON SHIP CHANNEL","ZINC","ZINC","DISSOLVED","Not Listed","none","16","16","0","16","0","0","No exceedance","waterbody-specific","0.00966 - 0.114","waterbody-specific","0.00973 - 0.115","No exceedance","Not listed - take no action","15"
"WATTS BRANCH LOWER","ZINC","ZINC","DISSOLVED","Not Listed","none","3","3","0","3","0","0","No exceedance","waterbody-specific","0.00966 - 0.114","waterbody-specific","0.00973 - 0.115","No exceedance","Not listed - take no action","15"
"WATTS BRANCH UPPER","ZINC","ZINC","DISSOLVED","Not Listed","none","213","190","0","211","0","126","No exceedance","waterbody-specific","0.00966 - 0.114","waterbody-specific","0.00973 - 0.115","No exceedance","Not listed - take no action","15"
"BATTERY KEMBLE CREEK","ZINC","ZINC","DISSOLVED","3","D","1","1","0","1","0","0","No exceedance","waterbody-specific","0.00966 - 0.114","waterbody-specific","0.00973 - 0.115","No exceedance","Remove from Category 3","8"
"C&O CANAL","ZINC","ZINC","DISSOLVED","Not Listed","none","0","0","0","0","0","0","No exceedance","waterbody-specific","0.00966 - 0.114","waterbody-specific","0.00973 - 0.115","No exceedance","Not listed - take no action","15"
"FORT CHAPLIN TRIBUTARY","ZINC","ZINC","DISSOLVED","Not Listed","none","6","6","0","6","0","3","No exceedance","waterbody-specific","0.00966 - 0.114","waterbody-specific","0.00973 - 0.115","No exceedance","Not listed - take no action","15"
"FORT DAVIS TRIBUTARY","ZINC","ZINC","DISSOLVED","Not Listed","none","6","6","0","6","0","3","No exceedance","waterbody-specific","0.00966 - 0.114","waterbody-specific","0.00973 - 0.115","No exceedance","Not listed - take no action","15"
"FOUNDRY BRANCH","ZINC","ZINC","DISSOLVED","Not Listed","none","2","2","0","2","0","0","No exceedance","waterbody-specific","0.00966 - 0.114","waterbody-specific","0.00973 - 0.115","No exceedance","Not listed - take no action","15"
"ANACOSTIA LOWER","4_4_DDD","DDD",NA,"4a","D","63","3","1","63","1","27","59","1E-3","0.2 - 5.2","1.1000000000000001","0.000182 -0.00473","No","Keep in Category 4a","5"
"ANACOSTIA UPPER","4_4_DDD","DDD",NA,"4a","D","105","21","6","105","6","68","0","1E-3","0.2 - 5.2","1.1000000000000001","0.000182 -0.00473","Yes","Keep in Category 4a","1"
"BROAD BRANCH","4_4_DDD","DDD",NA,"Not Listed","none","25","1","0","25","0","24","No exceedance","1E-3","0.2 - 5.2","1.1000000000000001","0.000182 -0.00473","No exceedance","Not listed - take no action","15"
"DALECARLIA TRIBUTARY","4_4_DDD","DDD",NA,"3","D","1","0","0","1","0","0","No exceedance","1E-3","0.2 - 5.2","1.1000000000000001","0.000182 -0.00473","No exceedance","Remove from Category 3","8"
"DUMBARTON OAKS","4_4_DDD","DDD",NA,"3","D","26","0","0","26","0","24","No exceedance","1E-3","0.2 - 5.2","1.1000000000000001","0.000182 -0.00473","No exceedance","Keep in Category 3","9"
"FENWICK BRANCH","4_4_DDD","DDD",NA,"3","D","1","0","0","1","0","0","No exceedance","1E-3","0.2 - 5.2","1.1000000000000001","0.000182 -0.00473","No exceedance","Remove from Category 3","8"
"FORT DUPONT TRIBUTARY","4_4_DDD","DDD",NA,"Not Listed","none","24","1","1","24","1","24","10","1E-3","0.2 - 5.2","1.1000000000000001","0.000182 -0.00473","Yes","Move to Category 3","18"
"FORT STANTON TRIBUTARY","4_4_DDD","DDD",NA,"Not Listed","none","29","1","1","29","1","25","23","1E-3","0.2 - 5.2","1.1000000000000001","0.000182 -0.00473","Yes","Move to Category 3","18"
"HICKEY RUN","4_4_DDD","DDD",NA,"3","D","6","0","0","6","0","3","No exceedance","1E-3","0.2 - 5.2","1.1000000000000001","0.000182 -0.00473","No exceedance","Keep in Category 3","9"
"KINGMAN LAKE","4_4_DDD","DDD",NA,"3","D","25","3","0","25","0","3","No exceedance","1E-3","0.2 - 5.2","1.1000000000000001","0.000182 -0.00473","No exceedance","Keep in Category 3","9"
"KLINGLE VALLEY","4_4_DDD","DDD",NA,"3","D","1","0","0","1","0","0","No exceedance","1E-3","0.2 - 5.2","1.1000000000000001","0.000182 -0.00473","No exceedance","Remove from Category 3","8"
"LUZON BRANCH","4_4_DDD","DDD",NA,"3","D","1","0","0","1","0","0","No exceedance","1E-3","0.2 - 5.2","1.1000000000000001","0.000182 -0.00473","No exceedance","Remove from Category 3","8"
"MELVIN HAZEN VALLEY BRANCH","4_4_DDD","DDD",NA,"3","D","25","1","1","25","1","24","20","1E-3","0.2 - 5.2","1.1000000000000001","0.000182 -0.00473","Yes","Keep in Category 3","12"
"NASH RUN","4_4_DDD","DDD",NA,"3","D","7","0","0","7","0","3","No exceedance","1E-3","0.2 - 5.2","1.1000000000000001","0.000182 -0.00473","No exceedance","Keep in Category 3","9"
"NORMANSTONE CREEK","4_4_DDD","DDD",NA,"Not Listed","none","1","0","0","1","0","0","No exceedance","1E-3","0.2 - 5.2","1.1000000000000001","0.000182 -0.00473","No exceedance","Not listed - take no action","15"
"OXON RUN","4_4_DDD","DDD",NA,"Not Listed","none","1","0","0","1","0","0","No exceedance","1E-3","0.2 - 5.2","1.1000000000000001","0.000182 -0.00473","No exceedance","Not listed - take no action","15"
"PINEHURST BRANCH","4_4_DDD","DDD",NA,"3","D","1","0","0","1","0","0","No exceedance","1E-3","0.2 - 5.2","1.1000000000000001","0.000182 -0.00473","No exceedance","Remove from Category 3","8"
"PINEY BRANCH","4_4_DDD","DDD",NA,"3","D","1","0","0","1","0","0","No exceedance","1E-3","0.2 - 5.2","1.1000000000000001","0.000182 -0.00473","No exceedance","Remove from Category 3","8"
"POPE BRANCH","4_4_DDD","DDD",NA,"3","D","7","0","0","7","0","4","No exceedance","1E-3","0.2 - 5.2","1.1000000000000001","0.000182 -0.00473","No exceedance","Keep in Category 3","9"
"PORTAL BRANCH","4_4_DDD","DDD",NA,"3","D","2","0","0","2","0","0","No exceedance","1E-3","0.2 - 5.2","1.1000000000000001","0.000182 -0.00473","No exceedance","Remove from Category 3","8"
"POTOMAC LOWER","4_4_DDD","DDD",NA,"Not Listed","none","24","2","2","24","2","24","0","1E-3","0.2 - 5.2","1.1000000000000001","0.000182 -0.00473","Yes","Move to Category 5","14"
"POTOMAC MIDDLE","4_4_DDD","DDD",NA,"Not Listed","none","24","0","0","24","0","24","No exceedance","1E-3","0.2 - 5.2","1.1000000000000001","0.000182 -0.00473","No exceedance","Not listed - take no action","15"
"POTOMAC UPPER","4_4_DDD","DDD",NA,"Not Listed","none","24","0","0","24","0","24","No exceedance","1E-3","0.2 - 5.2","1.1000000000000001","0.000182 -0.00473","No exceedance","Not listed - take no action","15"
"ROCK CREEK LOWER","4_4_DDD","DDD",NA,"Not Listed","none","24","3","3","24","3","24","5","1E-3","0.2 - 5.2","1.1000000000000001","0.000182 -0.00473","Yes","Move to Category 5","14"
"ROCK CREEK UPPER","4_4_DDD","DDD",NA,"Not Listed","none","0","0","0","0","0","0","No exceedance","1E-3","0.2 - 5.2","1.1000000000000001","0.000182 -0.00473","No exceedance","Not listed - take no action","15"
"SOAPSTONE CREEK","4_4_DDD","DDD",NA,"3","D","1","0","0","1","0","0","No exceedance","1E-3","0.2 - 5.2","1.1000000000000001","0.000182 -0.00473","No exceedance","Remove from Category 3","8"
"TEXAS AVENUE TRIBUTARY","4_4_DDD","DDD",NA,"4a","D","6","6","5","6","5","3","1","1E-3","0.2 - 5.2","1.1000000000000001","0.000182 -0.00473","Yes","Keep in Category 4a","1"
"TIDAL BASIN","4_4_DDD","DDD",NA,"3","D","3","0","0","3","0","0","No exceedance","1E-3","0.2 - 5.2","1.1000000000000001","0.000182 -0.00473","No exceedance","Remove from Category 3","8"
"WASHINGTON SHIP CHANNEL","4_4_DDD","DDD",NA,"3","D","19","0","0","19","0","0","No exceedance","1E-3","0.2 - 5.2","1.1000000000000001","0.000182 -0.00473","No exceedance","Remove from Category 3","8"
"WATTS BRANCH LOWER","4_4_DDD","DDD",NA,"3","D","7","0","0","7","0","4","No exceedance","1E-3","0.2 - 5.2","1.1000000000000001","0.000182 -0.00473","No exceedance","Keep in Category 3","9"
"WATTS BRANCH UPPER","4_4_DDD","DDD",NA,"3","D","24","1","1","24","1","24","12","1E-3","0.2 - 5.2","1.1000000000000001","0.000182 -0.00473","Yes","Keep in Category 3","12"
"BATTERY KEMBLE CREEK","4_4_DDD","DDD",NA,"Not Listed","none","0","0","0","0","0","0","No exceedance","1E-3","0.2 - 5.2","1.1000000000000001","0.000182 -0.00473","No exceedance","Not listed - take no action","15"
"C&O CANAL","4_4_DDD","DDD",NA,"Not Listed","none","0","0","0","0","0","0","No exceedance","1E-3","0.2 - 5.2","1.1000000000000001","0.000182 -0.00473","No exceedance","Not listed - take no action","15"
"FORT CHAPLIN TRIBUTARY","4_4_DDD","DDD",NA,"Not Listed","none","0","0","0","0","0","0","No exceedance","1E-3","0.2 - 5.2","1.1000000000000001","0.000182 -0.00473","No exceedance","Not listed - take no action","15"
"FORT DAVIS TRIBUTARY","4_4_DDD","DDD",NA,"Not Listed","none","0","0","0","0","0","0","No exceedance","1E-3","0.2 - 5.2","1.1000000000000001","0.000182 -0.00473","No exceedance","Not listed - take no action","15"
"FOUNDRY BRANCH","4_4_DDD","DDD",NA,"Not Listed","none","0","0","0","0","0","0","No exceedance","1E-3","0.2 - 5.2","1.1000000000000001","0.000182 -0.00473","No exceedance","Not listed - take no action","15"
"ANACOSTIA LOWER","4_4_DDE","DDE",NA,"4a","D","63","0","0","63","0","27","No exceedance","1E-3","0.1 - 6","1.1000000000000001","0.0000909 - 0.00545","No exceedance","Move to Category 3","2"
"ANACOSTIA UPPER","4_4_DDE","DDE",NA,"4a","D","105","1","1","105","1","68","54","1E-3","0.1 - 6","1.1000000000000001","0.0000909 - 0.00545","Yes","Keep in Category 4a","5"
"BROAD BRANCH","4_4_DDE","DDE",NA,"Not Listed","none","25","0","0","25","0","24","No exceedance","1E-3","0.1 - 6","1.1000000000000001","0.0000909 - 0.00545","No exceedance","Not listed - take no action","15"
"DALECARLIA TRIBUTARY","4_4_DDE","DDE",NA,"3","D","1","0","0","1","0","0","No exceedance","1E-3","0.1 - 6","1.1000000000000001","0.0000909 - 0.00545","No exceedance","Remove from Category 3","8"
"DUMBARTON OAKS","4_4_DDE","DDE",NA,"3","D","26","1","1","26","1","24","21","1E-3","0.1 - 6","1.1000000000000001","0.0000909 - 0.00545","Yes","Keep in Category 3","12"
"FENWICK BRANCH","4_4_DDE","DDE",NA,"3","D","1","0","0","1","0","0","No exceedance","1E-3","0.1 - 6","1.1000000000000001","0.0000909 - 0.00545","No exceedance","Remove from Category 3","8"
"FORT DUPONT TRIBUTARY","4_4_DDE","DDE",NA,"Not Listed","none","24","0","0","24","0","24","No exceedance","1E-3","0.1 - 6","1.1000000000000001","0.0000909 - 0.00545","No exceedance","Not listed - take no action","15"
"FORT STANTON TRIBUTARY","4_4_DDE","DDE",NA,"Not Listed","none","29","1","0","29","0","25","No exceedance","1E-3","0.1 - 6","1.1000000000000001","0.0000909 - 0.00545","No exceedance","Not listed - take no action","15"
"HICKEY RUN","4_4_DDE","DDE",NA,"4a","D","6","1","0","6","0","3","No exceedance","1E-3","0.1 - 6","1.1000000000000001","0.0000909 - 0.00545","No exceedance","Move to Category 3","2"
"KINGMAN LAKE","4_4_DDE","DDE",NA,"3","D","25","0","0","25","0","3","No exceedance","1E-3","0.1 - 6","1.1000000000000001","0.0000909 - 0.00545","No exceedance","Keep in Category 3","9"
"KLINGLE VALLEY","4_4_DDE","DDE",NA,"3","D","1","0","0","1","0","0","No exceedance","1E-3","0.1 - 6","1.1000000000000001","0.0000909 - 0.00545","No exceedance","Remove from Category 3","8"
"LUZON BRANCH","4_4_DDE","DDE",NA,"3","D","1","0","0","1","0","0","No exceedance","1E-3","0.1 - 6","1.1000000000000001","0.0000909 - 0.00545","No exceedance","Remove from Category 3","8"
"MELVIN HAZEN VALLEY BRANCH","4_4_DDE","DDE",NA,"3","D","25","1","1","25","1","24","20","1E-3","0.1 - 6","1.1000000000000001","0.0000909 - 0.00545","Yes","Keep in Category 3","12"
"NASH RUN","4_4_DDE","DDE",NA,"3","D","7","0","0","7","0","3","No exceedance","1E-3","0.1 - 6","1.1000000000000001","0.0000909 - 0.00545","No exceedance","Keep in Category 3","9"
"NORMANSTONE CREEK","4_4_DDE","DDE",NA,"Not Listed","none","1","0","0","1","0","0","No exceedance","1E-3","0.1 - 6","1.1000000000000001","0.0000909 - 0.00545","No exceedance","Not listed - take no action","15"
"OXON RUN","4_4_DDE","DDE",NA,"Not Listed","none","1","0","0","1","0","0","No exceedance","1E-3","0.1 - 6","1.1000000000000001","0.0000909 - 0.00545","No exceedance","Not listed - take no action","15"
"PINEHURST BRANCH","4_4_DDE","DDE",NA,"3","D","2","0","0","1","0","0","No exceedance","1E-3","0.1 - 6","1.1000000000000001","0.0000909 - 0.00545","No exceedance","Remove from Category 3","8"
"PINEY BRANCH","4_4_DDE","DDE",NA,"3","D","1","0","0","1","0","0","No exceedance","1E-3","0.1 - 6","1.1000000000000001","0.0000909 - 0.00545","No exceedance","Remove from Category 3","8"
"POPE BRANCH","4_4_DDE","DDE",NA,"4a","D","7","1","0","7","0","4","No exceedance","1E-3","0.1 - 6","1.1000000000000001","0.0000909 - 0.00545","No exceedance","Move to Category 3","2"
"PORTAL BRANCH","4_4_DDE","DDE",NA,"3","D","2","0","0","2","0","0","No exceedance","1E-3","0.1 - 6","1.1000000000000001","0.0000909 - 0.00545","No exceedance","Remove from Category 3","8"
"POTOMAC LOWER","4_4_DDE","DDE",NA,"Not Listed","none","24","0","0","24","0","24","No exceedance","1E-3","0.1 - 6","1.1000000000000001","0.0000909 - 0.00545","No exceedance","Not listed - take no action","15"
"POTOMAC MIDDLE","4_4_DDE","DDE",NA,"Not Listed","none","24","0","0","24","0","24","No exceedance","1E-3","0.1 - 6","1.1000000000000001","0.0000909 - 0.00545","No exceedance","Not listed - take no action","15"
"POTOMAC UPPER","4_4_DDE","DDE",NA,"Not Listed","none","24","0","0","24","0","24","No exceedance","1E-3","0.1 - 6","1.1000000000000001","0.0000909 - 0.00545","No exceedance","Not listed - take no action","15"
"ROCK CREEK LOWER","4_4_DDE","DDE",NA,"Not Listed","none","25","2","2","24","2","24","17","1E-3","0.1 - 6","1.1000000000000001","0.0000909 - 0.00545","Yes","Move to Category 5","14"
"ROCK CREEK UPPER","4_4_DDE","DDE",NA,"Not Listed","none","19","0","0","0","0","0","No exceedance","1E-3","0.1 - 6","1.1000000000000001","0.0000909 - 0.00545","No exceedance","Not listed - take no action","15"
"SOAPSTONE CREEK","4_4_DDE","DDE",NA,"3","D","1","0","0","1","0","0","No exceedance","1E-3","0.1 - 6","1.1000000000000001","0.0000909 - 0.00545","No exceedance","Remove from Category 3","8"
"TEXAS AVENUE TRIBUTARY","4_4_DDE","DDE",NA,"4a","D","6","3","1","6","1","3","3","1E-3","0.1 - 6","1.1000000000000001","0.0000909 - 0.00545","No","Keep in Category 4a","5"
"TIDAL BASIN","4_4_DDE","DDE",NA,"3","D","3","0","0","3","0","0","No exceedance","1E-3","0.1 - 6","1.1000000000000001","0.0000909 - 0.00545","No exceedance","Remove from Category 3","8"
"WASHINGTON SHIP CHANNEL","4_4_DDE","DDE",NA,"3","D","19","0","0","19","0","0","No exceedance","1E-3","0.1 - 6","1.1000000000000001","0.0000909 - 0.00545","No exceedance","Remove from Category 3","8"
"WATTS BRANCH LOWER","4_4_DDE","DDE",NA,"3","D","7","0","0","7","0","4","No exceedance","1E-3","0.1 - 6","1.1000000000000001","0.0000909 - 0.00545","No exceedance","Keep in Category 3","9"
"WATTS BRANCH UPPER","4_4_DDE","DDE",NA,"3","D","24","0","0","24","0","24","No exceedance","1E-3","0.1 - 6","1.1000000000000001","0.0000909 - 0.00545","No exceedance","Keep in Category 3","9"
"BATTERY KEMBLE CREEK","4_4_DDE","DDE",NA,"Not Listed","none","0","0","0","0","0","0","No exceedance","1E-3","0.1 - 6","1.1000000000000001","0.0000909 - 0.00545","No exceedance","Not listed - take no action","15"
"C&O CANAL","4_4_DDE","DDE",NA,"Not Listed","none","0","0","0","0","0","0","No exceedance","1E-3","0.1 - 6","1.1000000000000001","0.0000909 - 0.00545","No exceedance","Not listed - take no action","15"
"FORT CHAPLIN TRIBUTARY","4_4_DDE","DDE",NA,"Not Listed","none","0","0","0","0","0","0","No exceedance","1E-3","0.1 - 6","1.1000000000000001","0.0000909 - 0.00545","No exceedance","Not listed - take no action","15"
"FORT DAVIS TRIBUTARY","4_4_DDE","DDE",NA,"Not Listed","none","0","0","0","0","0","0","No exceedance","1E-3","0.1 - 6","1.1000000000000001","0.0000909 - 0.00545","No exceedance","Not listed - take no action","15"
"FOUNDRY BRANCH","4_4_DDE","DDE",NA,"Not Listed","none","0","0","0","0","0","0","No exceedance","1E-3","0.1 - 6","1.1000000000000001","0.0000909 - 0.00545","No exceedance","Not listed - take no action","15"
"ANACOSTIA LOWER","4_4_DDT","DDT",NA,"4a","D","63","6","3","63","3","27","6","1E-3","0.28 - 3.7","1.1000000000000001","0.000255 - 0.00336","Yes","Keep in Category 4a","1"
"ANACOSTIA UPPER","4_4_DDT","DDT",NA,"4a","D","105","16","12","105","12","68","23","1E-3","0.28 - 3.7","1.1000000000000001","0.000255 - 0.00336","Yes","Keep in Category 4a","1"
"BROAD BRANCH","4_4_DDT","DDT",NA,"Not Listed","none","25","4","3","25","3","24","0","1E-3","0.28 - 3.7","1.1000000000000001","0.000255 - 0.00336","Yes","Move to Category 5","14"
"DALECARLIA TRIBUTARY","4_4_DDT","DDT",NA,"3","D","1","0","0","1","0","0","No exceedance","1E-3","0.28 - 3.7","1.1000000000000001","0.000255 - 0.00336","No exceedance","Remove from Category 3","8"
"DUMBARTON OAKS","4_4_DDT","DDT",NA,"3","D","26","4","3","26","3","24","6","1E-3","0.28 - 3.7","1.1000000000000001","0.000255 - 0.00336","Yes","Move to Category 5","7"
"FENWICK BRANCH","4_4_DDT","DDT",NA,"4a","D","1","1","0","1","0","0","No exceedance","1E-3","0.28 - 3.7","1.1000000000000001","0.000255 - 0.00336","No exceedance","Move to Category 3","2"
"FORT DUPONT TRIBUTARY","4_4_DDT","DDT",NA,"Not Listed","none","24","1","1","24","1","24","20","1E-3","0.28 - 3.7","1.1000000000000001","0.000255 - 0.00336","Yes","Move to Category 3","18"
"FORT STANTON TRIBUTARY","4_4_DDT","DDT",NA,"Not Listed","none","29","0","0","29","0","25","No exceedance","1E-3","0.28 - 3.7","1.1000000000000001","0.000255 - 0.00336","No exceedance","Not listed - take no action","15"
"HICKEY RUN","4_4_DDT","DDT",NA,"3","D","6","0","0","6","0","3","No exceedance","1E-3","0.28 - 3.7","1.1000000000000001","0.000255 - 0.00336","No exceedance","Keep in Category 3","9"
"KINGMAN LAKE","4_4_DDT","DDT",NA,"4a","D","25","3","2","25","2","3","10","1E-3","0.28 - 3.7","1.1000000000000001","0.000255 - 0.00336","No","Keep in Category 4a","1"
"KLINGLE VALLEY","4_4_DDT","DDT",NA,"3","D","1","0","0","1","0","0","No exceedance","1E-3","0.28 - 3.7","1.1000000000000001","0.000255 - 0.00336","No exceedance","Remove from Category 3","8"
"LUZON BRANCH","4_4_DDT","DDT",NA,"3","D","1","0","0","1","0","0","No exceedance","1E-3","0.28 - 3.7","1.1000000000000001","0.000255 - 0.00336","No exceedance","Remove from Category 3","8"
"MELVIN HAZEN VALLEY BRANCH","4_4_DDT","DDT",NA,"3","D","25","2","2","25","2","24","21","1E-3","0.28 - 3.7","1.1000000000000001","0.000255 - 0.00336","Yes","Move to Category 5","7"
"NASH RUN","4_4_DDT","DDT",NA,"3","D","7","0","0","7","0","3","No exceedance","1E-3","0.28 - 3.7","1.1000000000000001","0.000255 - 0.00336","No exceedance","Keep in Category 3","9"
"NORMANSTONE CREEK","4_4_DDT","DDT",NA,"Not Listed","none","1","0","0","1","0","0","No exceedance","1E-3","0.28 - 3.7","1.1000000000000001","0.000255 - 0.00336","No exceedance","Not listed - take no action","15"
"OXON RUN","4_4_DDT","DDT",NA,"3","D","1","0","0","1","0","0","No exceedance","1E-3","0.28 - 3.7","1.1000000000000001","0.000255 - 0.00336","No exceedance","Remove from Category 3","8"
"PINEHURST BRANCH","4_4_DDT","DDT",NA,"3","D","1","0","0","1","0","0","No exceedance","1E-3","0.28 - 3.7","1.1000000000000001","0.000255 - 0.00336","No exceedance","Remove from Category 3","8"
"PINEY BRANCH","4_4_DDT","DDT",NA,"3","D","1","0","0","1","0","0","No exceedance","1E-3","0.28 - 3.7","1.1000000000000001","0.000255 - 0.00336","No exceedance","Remove from Category 3","8"
"POPE BRANCH","4_4_DDT","DDT",NA,"3","D","7","0","0","7","0","4","No exceedance","1E-3","0.28 - 3.7","1.1000000000000001","0.000255 - 0.00336","No exceedance","Keep in Category 3","9"
"PORTAL BRANCH","4_4_DDT","DDT",NA,"3","D","2","0","0","2","0","0","No exceedance","1E-3","0.28 - 3.7","1.1000000000000001","0.000255 - 0.00336","No exceedance","Remove from Category 3","8"
"POTOMAC LOWER","4_4_DDT","DDT",NA,"Not Listed","none","24","0","0","24","0","24","No exceedance","1E-3","0.28 - 3.7","1.1000000000000001","0.000255 - 0.00336","No exceedance","Not listed - take no action","15"
"POTOMAC MIDDLE","4_4_DDT","DDT",NA,"Not Listed","none","24","1","1","24","1","24","6","1E-3","0.28 - 3.7","1.1000000000000001","0.000255 - 0.00336","Yes","Move to Category 3","18"
"POTOMAC UPPER","4_4_DDT","DDT",NA,"Not Listed","none","24","1","1","24","1","24","11","1E-3","0.28 - 3.7","1.1000000000000001","0.000255 - 0.00336","Yes","Move to Category 3","18"
"ROCK CREEK LOWER","4_4_DDT","DDT",NA,"Not Listed","none","24","1","1","24","1","24","17","1E-3","0.28 - 3.7","1.1000000000000001","0.000255 - 0.00336","Yes","Move to Category 3","18"
"ROCK CREEK UPPER","4_4_DDT","DDT",NA,"Not Listed","none","0","0","0","0","0","0","No exceedance","1E-3","0.28 - 3.7","1.1000000000000001","0.000255 - 0.00336","No exceedance","Not listed - take no action","15"
"SOAPSTONE CREEK","4_4_DDT","DDT",NA,"3","D","1","0","0","1","0","0","No exceedance","1E-3","0.28 - 3.7","1.1000000000000001","0.000255 - 0.00336","No exceedance","Remove from Category 3","8"
"TEXAS AVENUE TRIBUTARY","4_4_DDT","DDT",NA,"4a","D","6","1","1","6","1","3","3","1E-3","0.28 - 3.7","1.1000000000000001","0.000255 - 0.00336","No","Keep in Category 4a","5"
"TIDAL BASIN","4_4_DDT","DDT",NA,"3","D","3","0","0","3","0","0","No exceedance","1E-3","0.28 - 3.7","1.1000000000000001","0.000255 - 0.00336","No exceedance","Remove from Category 3","8"
"WASHINGTON SHIP CHANNEL","4_4_DDT","DDT",NA,"3","D","19","0","0","19","0","0","No exceedance","1E-3","0.28 - 3.7","1.1000000000000001","0.000255 - 0.00336","No exceedance","Remove from Category 3","8"
"WATTS BRANCH LOWER","4_4_DDT","DDT",NA,"3","D","7","0","0","7","0","4","No exceedance","1E-3","0.28 - 3.7","1.1000000000000001","0.000255 - 0.00336","No exceedance","Keep in Category 3","9"
"WATTS BRANCH UPPER","4_4_DDT","DDT",NA,"3","D","24","0","0","24","0","24","No exceedance","1E-3","0.28 - 3.7","1.1000000000000001","0.000255 - 0.00336","No exceedance","Keep in Category 3","9"
"BATTERY KEMBLE CREEK","4_4_DDT","DDT",NA,"Not Listed","none","0","0","0","0","0","0","No exceedance","1E-3","0.28 - 3.7","1.1000000000000001","0.000255 - 0.00336","No exceedance","Not listed - take no action","15"
"C&O CANAL","4_4_DDT","DDT",NA,"Not Listed","none","0","0","0","0","0","0","No exceedance","1E-3","0.28 - 3.7","1.1000000000000001","0.000255 - 0.00336","No exceedance","Not listed - take no action","15"
"FORT CHAPLIN TRIBUTARY","4_4_DDT","DDT",NA,"Not Listed","none","0","0","0","0","0","0","No exceedance","1E-3","0.28 - 3.7","1.1000000000000001","0.000255 - 0.00336","No exceedance","Not listed - take no action","15"
"FORT DAVIS TRIBUTARY","4_4_DDT","DDT",NA,"Not Listed","none","0","0","0","0","0","0","No exceedance","1E-3","0.28 - 3.7","1.1000000000000001","0.000255 - 0.00336","No exceedance","Not listed - take no action","15"
"FOUNDRY BRANCH","4_4_DDT","DDT",NA,"Not Listed","none","0","0","0","0","0","0","No exceedance","1E-3","0.28 - 3.7","1.1000000000000001","0.000255 - 0.00336","No exceedance","Not listed - take no action","15"
"ANACOSTIA LOWER","CHLORDANE_TECHNICAL","CHLORDANE_TECHNICAL",NA,"4a","D","63","1","0","63","0","27","No exceedance","4.3E-3","0.326 - 16.3","2.4","0.000583 - 0.0292","No exceedance","Move to Category 3","2"
"ANACOSTIA UPPER","CHLORDANE_TECHNICAL","CHLORDANE_TECHNICAL",NA,"4a","D","105","0","0","105","0","68","No exceedance","4.3E-3","0.326 - 16.3","2.4","0.000583 - 0.0292","No exceedance","Move to Category 3","2"
"BROAD BRANCH","CHLORDANE_TECHNICAL","CHLORDANE_TECHNICAL",NA,"4a","D","25","0","0","25","0","24","No exceedance","4.3E-3","0.326 - 16.3","2.4","0.000583 - 0.0292","No exceedance","Move to Category 3","2"
"DALECARLIA TRIBUTARY","CHLORDANE_TECHNICAL","CHLORDANE_TECHNICAL",NA,"3","D","1","0","0","1","0","0","No exceedance","4.3E-3","0.326 - 16.3","2.4","0.000583 - 0.0292","No exceedance","Remove from Category 3","8"
"DUMBARTON OAKS","CHLORDANE_TECHNICAL","CHLORDANE_TECHNICAL",NA,"4a","D","26","2","2","26","2","24","15","4.3E-3","0.326 - 16.3","2.4","0.000583 - 0.0292","Yes","Keep in Category 4a","1"
"FENWICK BRANCH","CHLORDANE_TECHNICAL","CHLORDANE_TECHNICAL",NA,"3","D","1","0","0","1","0","0","No exceedance","4.3E-3","0.326 - 16.3","2.4","0.000583 - 0.0292","No exceedance","Remove from Category 3","8"
"FORT DUPONT TRIBUTARY","CHLORDANE_TECHNICAL","CHLORDANE_TECHNICAL",NA,"Not Listed","none","24","0","0","24","0","24","No exceedance","4.3E-3","0.326 - 16.3","2.4","0.000583 - 0.0292","No exceedance","Not listed - take no action","15"
"FORT STANTON TRIBUTARY","CHLORDANE_TECHNICAL","CHLORDANE_TECHNICAL",NA,"Not Listed","none","29","0","0","29","0","25","No exceedance","4.3E-3","0.326 - 16.3","2.4","0.000583 - 0.0292","No exceedance","Not listed - take no action","15"
"HICKEY RUN","CHLORDANE_TECHNICAL","CHLORDANE_TECHNICAL",NA,"4a","D","6","0","0","6","0","3","No exceedance","4.3E-3","0.326 - 16.3","2.4","0.000583 - 0.0292","No exceedance","Move to Category 3","2"
"KINGMAN LAKE","CHLORDANE_TECHNICAL","CHLORDANE_TECHNICAL",NA,"4a","D","25","1","0","25","0","3","No exceedance","4.3E-3","0.326 - 16.3","2.4","0.000583 - 0.0292","No exceedance","Move to Category 3","2"
"KLINGLE VALLEY","CHLORDANE_TECHNICAL","CHLORDANE_TECHNICAL",NA,"3","D","1","0","0","1","0","0","No exceedance","4.3E-3","0.326 - 16.3","2.4","0.000583 - 0.0292","No exceedance","Remove from Category 3","8"
"LUZON BRANCH","CHLORDANE_TECHNICAL","CHLORDANE_TECHNICAL",NA,"4a","D","1","0","0","1","0","0","No exceedance","4.3E-3","0.326 - 16.3","2.4","0.000583 - 0.0292","No exceedance","Move to Category 3","2"
"MELVIN HAZEN VALLEY BRANCH","CHLORDANE_TECHNICAL","CHLORDANE_TECHNICAL",NA,"3","D","25","0","0","25","0","24","No exceedance","4.3E-3","0.326 - 16.3","2.4","0.000583 - 0.0292","No exceedance","Keep in Category 3","9"
"NASH RUN","CHLORDANE_TECHNICAL","CHLORDANE_TECHNICAL",NA,"4a","D","7","0","0","7","0","3","No exceedance","4.3E-3","0.326 - 16.3","2.4","0.000583 - 0.0292","No exceedance","Move to Category 3","2"
"NORMANSTONE CREEK","CHLORDANE_TECHNICAL","CHLORDANE_TECHNICAL",NA,"Not Listed","none","1","0","0","1","0","0","No exceedance","4.3E-3","0.326 - 16.3","2.4","0.000583 - 0.0292","No exceedance","Not listed - take no action","15"
"OXON RUN","CHLORDANE_TECHNICAL","CHLORDANE_TECHNICAL",NA,"3","D","1","0","0","1","0","0","No exceedance","4.3E-3","0.326 - 16.3","2.4","0.000583 - 0.0292","No exceedance","Remove from Category 3","8"
"PINEHURST BRANCH","CHLORDANE_TECHNICAL","CHLORDANE_TECHNICAL",NA,"3","D","1","0","0","1","0","0","No exceedance","4.3E-3","0.326 - 16.3","2.4","0.000583 - 0.0292","No exceedance","Remove from Category 3","8"
"PINEY BRANCH","CHLORDANE_TECHNICAL","CHLORDANE_TECHNICAL",NA,"4a","D","1","0","0","1","0","0","No exceedance","4.3E-3","0.326 - 16.3","2.4","0.000583 - 0.0292","No exceedance","Move to Category 3","2"
"POPE BRANCH","CHLORDANE_TECHNICAL","CHLORDANE_TECHNICAL",NA,"4a","D","7","1","1","7","1","4","5","4.3E-3","0.326 - 16.3","2.4","0.000583 - 0.0292","No","Keep in Category 4a","5"
"PORTAL BRANCH","CHLORDANE_TECHNICAL","CHLORDANE_TECHNICAL",NA,"3","D","2","0","0","2","0","0","No exceedance","4.3E-3","0.326 - 16.3","2.4","0.000583 - 0.0292","No exceedance","Remove from Category 3","8"
"POTOMAC LOWER","CHLORDANE_TECHNICAL","CHLORDANE_TECHNICAL",NA,"Not Listed","none","24","0","0","24","0","24","No exceedance","4.3E-3","0.326 - 16.3","2.4","0.000583 - 0.0292","No exceedance","Not listed - take no action","15"
"POTOMAC MIDDLE","CHLORDANE_TECHNICAL","CHLORDANE_TECHNICAL",NA,"Not Listed","none","24","0","0","24","0","24","No exceedance","4.3E-3","0.326 - 16.3","2.4","0.000583 - 0.0292","No exceedance","Not listed - take no action","15"
"POTOMAC UPPER","CHLORDANE_TECHNICAL","CHLORDANE_TECHNICAL",NA,"Not Listed","none","24","0","0","24","0","24","No exceedance","4.3E-3","0.326 - 16.3","2.4","0.000583 - 0.0292","No exceedance","Not listed - take no action","15"
"ROCK CREEK LOWER","CHLORDANE_TECHNICAL","CHLORDANE_TECHNICAL",NA,"Not Listed","none","24","1","1","24","1","24","17","4.3E-3","0.326 - 16.3","2.4","0.000583 - 0.0292","Yes","Move to Category 3","18"
"ROCK CREEK UPPER","CHLORDANE_TECHNICAL","CHLORDANE_TECHNICAL",NA,"4a","D","0","0","0","0","0","0","No exceedance","4.3E-3","0.326 - 16.3","2.4","0.000583 - 0.0292","No exceedance","Move to Category 3","2"
"SOAPSTONE CREEK","CHLORDANE_TECHNICAL","CHLORDANE_TECHNICAL",NA,"4a","D","1","0","0","1","0","0","No exceedance","4.3E-3","0.326 - 16.3","2.4","0.000583 - 0.0292","No exceedance","Move to Category 3","2"
"TEXAS AVENUE TRIBUTARY","CHLORDANE_TECHNICAL","CHLORDANE_TECHNICAL",NA,"4a","D","6","1","1","6","1","3","4","4.3E-3","0.326 - 16.3","2.4","0.000583 - 0.0292","No","Keep in Category 4a","5"
"TIDAL BASIN","CHLORDANE_TECHNICAL","CHLORDANE_TECHNICAL",NA,"3","D","3","0","0","3","0","0","No exceedance","4.3E-3","0.326 - 16.3","2.4","0.000583 - 0.0292","No exceedance","Remove from Category 3","8"
"WASHINGTON SHIP CHANNEL","CHLORDANE_TECHNICAL","CHLORDANE_TECHNICAL",NA,"3","D","19","0","0","19","0","0","No exceedance","4.3E-3","0.326 - 16.3","2.4","0.000583 - 0.0292","No exceedance","Remove from Category 3","8"
"WATTS BRANCH LOWER","CHLORDANE_TECHNICAL","CHLORDANE_TECHNICAL",NA,"4a","D","7","0","0","7","0","4","No exceedance","4.3E-3","0.326 - 16.3","2.4","0.000583 - 0.0292","No exceedance","Move to Category 3","2"
"WATTS BRANCH UPPER","CHLORDANE_TECHNICAL","CHLORDANE_TECHNICAL",NA,"4a","D","24","0","0","24","0","24","No exceedance","4.3E-3","0.326 - 16.3","2.4","0.000583 - 0.0292","No exceedance","Move to Category 3","2"
"BATTERY KEMBLE CREEK","CHLORDANE_TECHNICAL","CHLORDANE_TECHNICAL",NA,"Not Listed","none","0","0","0","0","0","0","No exceedance","4.3E-3","0.326 - 16.3","2.4","0.000583 - 0.0292","No exceedance","Not listed - take no action","15"
"C&O CANAL","CHLORDANE_TECHNICAL","CHLORDANE_TECHNICAL",NA,"Not Listed","none","0","0","0","0","0","0","No exceedance","4.3E-3","0.326 - 16.3","2.4","0.000583 - 0.0292","No exceedance","Not listed - take no action","15"
"FORT CHAPLIN TRIBUTARY","CHLORDANE_TECHNICAL","CHLORDANE_TECHNICAL",NA,"Not Listed","none","0","0","0","0","0","0","No exceedance","4.3E-3","0.326 - 16.3","2.4","0.000583 - 0.0292","No exceedance","Not listed - take no action","15"
"FORT DAVIS TRIBUTARY","CHLORDANE_TECHNICAL","CHLORDANE_TECHNICAL",NA,"Not Listed","none","0","0","0","0","0","0","No exceedance","4.3E-3","0.326 - 16.3","2.4","0.000583 - 0.0292","No exceedance","Not listed - take no action","15"
"FOUNDRY BRANCH","CHLORDANE_TECHNICAL","CHLORDANE_TECHNICAL",NA,"Not Listed","none","0","0","0","0","0","0","No exceedance","4.3E-3","0.326 - 16.3","2.4","0.000583 - 0.0292","No exceedance","Not listed - take no action","15"
"ANACOSTIA LOWER","DIELDRIN","DIELDRIN",NA,"4a","D","63","2","0","63","0","27","No exceedance","5.6000000000000001E-2","0.00214 - 0.0732","0.24","0.0005 - 0.0171","No exceedance","Remove from Category 4a","3"
"ANACOSTIA UPPER","DIELDRIN","DIELDRIN",NA,"4a","D","105","38","0","105","0","68","No exceedance","5.6000000000000001E-2","0.00214 - 0.0732","0.24","0.0005 - 0.0171","No exceedance","Remove from Category 4a","3"
"BROAD BRANCH","DIELDRIN","DIELDRIN",NA,"4a","D","25","18","0","25","0","24","No exceedance","5.6000000000000001E-2","0.00214 - 0.0732","0.24","0.0005 - 0.0171","No exceedance","Remove from Category 4a","3"
"DALECARLIA TRIBUTARY","DIELDRIN","DIELDRIN",NA,"4a","D","1","1","0","1","0","0","No exceedance","5.6000000000000001E-2","0.00214 - 0.0732","0.24","0.0005 - 0.0171","No exceedance","Move to Category 3","2"
"DUMBARTON OAKS","DIELDRIN","DIELDRIN",NA,"4a","D","26","24","0","26","0","24","No exceedance","5.6000000000000001E-2","0.00214 - 0.0732","0.24","0.0005 - 0.0171","No exceedance","Remove from Category 4a","3"
"FENWICK BRANCH","DIELDRIN","DIELDRIN",NA,"4a","D","1","1","0","1","0","0","No exceedance","5.6000000000000001E-2","0.00214 - 0.0732","0.24","0.0005 - 0.0171","No exceedance","Move to Category 3","2"
"FORT DUPONT TRIBUTARY","DIELDRIN","DIELDRIN",NA,"Not Listed","none","24","0","0","24","0","24","No exceedance","5.6000000000000001E-2","0.00214 - 0.0732","0.24","0.0005 - 0.0171","No exceedance","Not listed - take no action","15"
"FORT STANTON TRIBUTARY","DIELDRIN","DIELDRIN",NA,"Not Listed","none","29","1","0","29","0","25","No exceedance","5.6000000000000001E-2","0.00214 - 0.0732","0.24","0.0005 - 0.0171","No exceedance","Not listed - take no action","15"
"HICKEY RUN","DIELDRIN","DIELDRIN",NA,"3","D","6","0","0","6","0","3","No exceedance","5.6000000000000001E-2","0.00214 - 0.0732","0.24","0.0005 - 0.0171","No exceedance","Remove from Category 3","10"
"KINGMAN LAKE","DIELDRIN","DIELDRIN",NA,"3","D","25","2","0","25","0","3","No exceedance","5.6000000000000001E-2","0.00214 - 0.0732","0.24","0.0005 - 0.0171","No exceedance","Remove from Category 3","10"
"KLINGLE VALLEY","DIELDRIN","DIELDRIN",NA,"4a","D","1","1","0","1","0","0","No exceedance","5.6000000000000001E-2","0.00214 - 0.0732","0.24","0.0005 - 0.0171","No exceedance","Move to Category 3","2"
"LUZON BRANCH","DIELDRIN","DIELDRIN",NA,"4a","D","1","1","0","1","0","0","No exceedance","5.6000000000000001E-2","0.00214 - 0.0732","0.24","0.0005 - 0.0171","No exceedance","Move to Category 3","2"
"MELVIN HAZEN VALLEY BRANCH","DIELDRIN","DIELDRIN",NA,"4a","D","25","15","0","25","0","24","No exceedance","5.6000000000000001E-2","0.00214 - 0.0732","0.24","0.0005 - 0.0171","No exceedance","Remove from Category 4a","3"
"NASH RUN","DIELDRIN","DIELDRIN",NA,"4a","D","7","1","0","7","0","3","No exceedance","5.6000000000000001E-2","0.00214 - 0.0732","0.24","0.0005 - 0.0171","No exceedance","Remove from Category 4a","3"
"NORMANSTONE CREEK","DIELDRIN","DIELDRIN",NA,"4a","D","1","1","0","1","0","0","No exceedance","5.6000000000000001E-2","0.00214 - 0.0732","0.24","0.0005 - 0.0171","No exceedance","Move to Category 3","2"
"OXON RUN","DIELDRIN","DIELDRIN",NA,"4a","D","1","1","0","1","0","0","No exceedance","5.6000000000000001E-2","0.00214 - 0.0732","0.24","0.0005 - 0.0171","No exceedance","Move to Category 3","2"
"PINEHURST BRANCH","DIELDRIN","DIELDRIN",NA,"4a","D","2","2","0","1","0","0","No exceedance","5.6000000000000001E-2","0.00214 - 0.0732","0.24","0.0005 - 0.0171","No exceedance","Move to Category 3","2"
"PINEY BRANCH","DIELDRIN","DIELDRIN",NA,"4a","D","1","1","0","1","0","0","No exceedance","5.6000000000000001E-2","0.00214 - 0.0732","0.24","0.0005 - 0.0171","No exceedance","Move to Category 3","2"
"POPE BRANCH","DIELDRIN","DIELDRIN",NA,"3","D","7","2","0","7","0","4","No exceedance","5.6000000000000001E-2","0.00214 - 0.0732","0.24","0.0005 - 0.0171","No exceedance","Remove from Category 3","10"
"PORTAL BRANCH","DIELDRIN","DIELDRIN",NA,"4a","D","2","2","0","2","0","0","No exceedance","5.6000000000000001E-2","0.00214 - 0.0732","0.24","0.0005 - 0.0171","No exceedance","Move to Category 3","2"
"POTOMAC LOWER","DIELDRIN","DIELDRIN",NA,"Not Listed","none","24","1","0","24","0","24","No exceedance","5.6000000000000001E-2","0.00214 - 0.0732","0.24","0.0005 - 0.0171","No exceedance","Not listed - take no action","15"
"POTOMAC MIDDLE","DIELDRIN","DIELDRIN",NA,"Not Listed","none","24","2","0","24","0","24","No exceedance","5.6000000000000001E-2","0.00214 - 0.0732","0.24","0.0005 - 0.0171","No exceedance","Not listed - take no action","15"
"POTOMAC UPPER","DIELDRIN","DIELDRIN",NA,"Not Listed","none","24","1","0","24","0","24","No exceedance","5.6000000000000001E-2","0.00214 - 0.0732","0.24","0.0005 - 0.0171","No exceedance","Not listed - take no action","15"
"ROCK CREEK LOWER","DIELDRIN","DIELDRIN",NA,"Not Listed","none","25","10","0","24","0","24","No exceedance","5.6000000000000001E-2","0.00214 - 0.0732","0.24","0.0005 - 0.0171","No exceedance","Not listed - take no action","15"
"ROCK CREEK UPPER","DIELDRIN","DIELDRIN",NA,"4a","D","19","0","0","0","0","0","No exceedance","5.6000000000000001E-2","0.00214 - 0.0732","0.24","0.0005 - 0.0171","No exceedance","Move to Category 3","2"
"SOAPSTONE CREEK","DIELDRIN","DIELDRIN",NA,"4a","D","1","1","0","1","0","0","No exceedance","5.6000000000000001E-2","0.00214 - 0.0732","0.24","0.0005 - 0.0171","No exceedance","Move to Category 3","2"
"TEXAS AVENUE TRIBUTARY","DIELDRIN","DIELDRIN",NA,"4a","D","6","5","0","6","0","3","No exceedance","5.6000000000000001E-2","0.00214 - 0.0732","0.24","0.0005 - 0.0171","No exceedance","Remove from Category 4a","3"
"TIDAL BASIN","DIELDRIN","DIELDRIN",NA,"3","D","3","0","0","3","0","0","No exceedance","5.6000000000000001E-2","0.00214 - 0.0732","0.24","0.0005 - 0.0171","No exceedance","Remove from Category 3","8"
"WASHINGTON SHIP CHANNEL","DIELDRIN","DIELDRIN",NA,"3","D","19","0","0","19","0","0","No exceedance","5.6000000000000001E-2","0.00214 - 0.0732","0.24","0.0005 - 0.0171","No exceedance","Remove from Category 3","8"
"WATTS BRANCH LOWER","DIELDRIN","DIELDRIN",NA,"4a","D","7","4","0","7","0","4","No exceedance","5.6000000000000001E-2","0.00214 - 0.0732","0.24","0.0005 - 0.0171","No exceedance","Remove from Category 4a","3"
"WATTS BRANCH UPPER","DIELDRIN","DIELDRIN",NA,"4a","D","24","6","0","24","0","24","No exceedance","5.6000000000000001E-2","0.00214 - 0.0732","0.24","0.0005 - 0.0171","No exceedance","Remove from Category 4a","3"
"BATTERY KEMBLE CREEK","DIELDRIN","DIELDRIN",NA,"Not Listed","none","0","0","0","0","0","0","No exceedance","5.6000000000000001E-2","0.00214 - 0.0732","0.24","0.0005 - 0.0171","No exceedance","Not listed - take no action","15"
"C&O CANAL","DIELDRIN","DIELDRIN",NA,"Not Listed","none","0","0","0","0","0","0","No exceedance","5.6000000000000001E-2","0.00214 - 0.0732","0.24","0.0005 - 0.0171","No exceedance","Not listed - take no action","15"
"FORT CHAPLIN TRIBUTARY","DIELDRIN","DIELDRIN",NA,"Not Listed","none","0","0","0","0","0","0","No exceedance","5.6000000000000001E-2","0.00214 - 0.0732","0.24","0.0005 - 0.0171","No exceedance","Not listed - take no action","15"
"FORT DAVIS TRIBUTARY","DIELDRIN","DIELDRIN",NA,"Not Listed","none","0","0","0","0","0","0","No exceedance","5.6000000000000001E-2","0.00214 - 0.0732","0.24","0.0005 - 0.0171","No exceedance","Not listed - take no action","15"
"FOUNDRY BRANCH","DIELDRIN","DIELDRIN",NA,"Not Listed","none","0","0","0","0","0","0","No exceedance","5.6000000000000001E-2","0.00214 - 0.0732","0.24","0.0005 - 0.0171","No exceedance","Not listed - take no action","15"
"ANACOSTIA LOWER","HEPTACHLOR_EPOXIDE","HEPTACHLOR_EPOXIDE",NA,"4a","D","63","1","0","63","0","27","No exceedance","3.8E-3","0.0342 - 1.29","5.1999999999999998E-2","0.00025 -0.00942","No exceedance","Move to Category 3","2"
"ANACOSTIA UPPER","HEPTACHLOR_EPOXIDE","HEPTACHLOR_EPOXIDE",NA,"4a","D","105","23","1","105","1","68","23","3.8E-3","0.0342 - 1.29","5.1999999999999998E-2","0.00025 -0.00942","Yes","Keep in Category 4a","5"
"BROAD BRANCH","HEPTACHLOR_EPOXIDE","HEPTACHLOR_EPOXIDE",NA,"4a","D","25","14","6","25","6","24","3","3.8E-3","0.0342 - 1.29","5.1999999999999998E-2","0.00025 -0.00942","Yes","Keep in Category 4a","1"
"DALECARLIA TRIBUTARY","HEPTACHLOR_EPOXIDE","HEPTACHLOR_EPOXIDE",NA,"4a","D","1","1","0","1","0","0","No exceedance","3.8E-3","0.0342 - 1.29","5.1999999999999998E-2","0.00025 -0.00942","No exceedance","Move to Category 3","2"
"DUMBARTON OAKS","HEPTACHLOR_EPOXIDE","HEPTACHLOR_EPOXIDE",NA,"4a","D","26","17","10","26","10","24","3","3.8E-3","0.0342 - 1.29","5.1999999999999998E-2","0.00025 -0.00942","Yes","Keep in Category 4a","1"
"FENWICK BRANCH","HEPTACHLOR_EPOXIDE","HEPTACHLOR_EPOXIDE",NA,"4a","D","1","1","0","1","0","0","No exceedance","3.8E-3","0.0342 - 1.29","5.1999999999999998E-2","0.00025 -0.00942","No exceedance","Move to Category 3","2"
"FORT DUPONT TRIBUTARY","HEPTACHLOR_EPOXIDE","HEPTACHLOR_EPOXIDE",NA,"Not Listed","none","24","1","0","24","0","24","No exceedance","3.8E-3","0.0342 - 1.29","5.1999999999999998E-2","0.00025 -0.00942","No exceedance","Not listed - take no action","15"
"FORT STANTON TRIBUTARY","HEPTACHLOR_EPOXIDE","HEPTACHLOR_EPOXIDE",NA,"Not Listed","none","29","0","0","29","0","25","No exceedance","3.8E-3","0.0342 - 1.29","5.1999999999999998E-2","0.00025 -0.00942","No exceedance","Not listed - take no action","15"
"HICKEY RUN","HEPTACHLOR_EPOXIDE","HEPTACHLOR_EPOXIDE",NA,"3","D","6","0","0","6","0","3","No exceedance","3.8E-3","0.0342 - 1.29","5.1999999999999998E-2","0.00025 -0.00942","No exceedance","Keep in Category 3","9"
"KINGMAN LAKE","HEPTACHLOR_EPOXIDE","HEPTACHLOR_EPOXIDE",NA,"3","D","25","1","0","25","0","3","No exceedance","3.8E-3","0.0342 - 1.29","5.1999999999999998E-2","0.00025 -0.00942","No exceedance","Keep in Category 3","9"
"KLINGLE VALLEY","HEPTACHLOR_EPOXIDE","HEPTACHLOR_EPOXIDE",NA,"4a","D","1","1","0","1","0","0","No exceedance","3.8E-3","0.0342 - 1.29","5.1999999999999998E-2","0.00025 -0.00942","No exceedance","Move to Category 3","2"
"LUZON BRANCH","HEPTACHLOR_EPOXIDE","HEPTACHLOR_EPOXIDE",NA,"4a","D","1","1","0","1","0","0","No exceedance","3.8E-3","0.0342 - 1.29","5.1999999999999998E-2","0.00025 -0.00942","No exceedance","Move to Category 3","2"
"MELVIN HAZEN VALLEY BRANCH","HEPTACHLOR_EPOXIDE","HEPTACHLOR_EPOXIDE",NA,"3","D","25","7","0","25","0","24","No exceedance","3.8E-3","0.0342 - 1.29","5.1999999999999998E-2","0.00025 -0.00942","No exceedance","Keep in Category 3","9"
"NASH RUN","HEPTACHLOR_EPOXIDE","HEPTACHLOR_EPOXIDE",NA,"4a","D","7","2","0","7","0","3","No exceedance","3.8E-3","0.0342 - 1.29","5.1999999999999998E-2","0.00025 -0.00942","No exceedance","Move to Category 3","2"
"NORMANSTONE CREEK","HEPTACHLOR_EPOXIDE","HEPTACHLOR_EPOXIDE",NA,"4a","D","1","1","0","1","0","0","No exceedance","3.8E-3","0.0342 - 1.29","5.1999999999999998E-2","0.00025 -0.00942","No exceedance","Move to Category 3","2"
"OXON RUN","HEPTACHLOR_EPOXIDE","HEPTACHLOR_EPOXIDE",NA,"3","D","1","0","0","1","0","0","No exceedance","3.8E-3","0.0342 - 1.29","5.1999999999999998E-2","0.00025 -0.00942","No exceedance","Remove from Category 3","8"
"PINEHURST BRANCH","HEPTACHLOR_EPOXIDE","HEPTACHLOR_EPOXIDE",NA,"4a","D","1","1","0","1","0","0","No exceedance","3.8E-3","0.0342 - 1.29","5.1999999999999998E-2","0.00025 -0.00942","No exceedance","Move to Category 3","2"
"PINEY BRANCH","HEPTACHLOR_EPOXIDE","HEPTACHLOR_EPOXIDE",NA,"4a","D","1","1","0","1","0","0","No exceedance","3.8E-3","0.0342 - 1.29","5.1999999999999998E-2","0.00025 -0.00942","No exceedance","Move to Category 3","2"
"POPE BRANCH","HEPTACHLOR_EPOXIDE","HEPTACHLOR_EPOXIDE",NA,"4a","D","7","3","0","7","0","4","No exceedance","3.8E-3","0.0342 - 1.29","5.1999999999999998E-2","0.00025 -0.00942","No exceedance","Move to Category 3","2"
"PORTAL BRANCH","HEPTACHLOR_EPOXIDE","HEPTACHLOR_EPOXIDE",NA,"4a","D","2","2","0","2","0","0","No exceedance","3.8E-3","0.0342 - 1.29","5.1999999999999998E-2","0.00025 -0.00942","No exceedance","Move to Category 3","2"
"POTOMAC LOWER","HEPTACHLOR_EPOXIDE","HEPTACHLOR_EPOXIDE",NA,"Not Listed","none","24","0","0","24","0","24","No exceedance","3.8E-3","0.0342 - 1.29","5.1999999999999998E-2","0.00025 -0.00942","No exceedance","Not listed - take no action","15"
"POTOMAC MIDDLE","HEPTACHLOR_EPOXIDE","HEPTACHLOR_EPOXIDE",NA,"Not Listed","none","24","1","0","24","0","24","No exceedance","3.8E-3","0.0342 - 1.29","5.1999999999999998E-2","0.00025 -0.00942","No exceedance","Not listed - take no action","15"
"POTOMAC UPPER","HEPTACHLOR_EPOXIDE","HEPTACHLOR_EPOXIDE",NA,"Not Listed","none","24","1","0","24","0","24","No exceedance","3.8E-3","0.0342 - 1.29","5.1999999999999998E-2","0.00025 -0.00942","No exceedance","Not listed - take no action","15"
"ROCK CREEK LOWER","HEPTACHLOR_EPOXIDE","HEPTACHLOR_EPOXIDE",NA,"Not Listed","none","24","10","0","24","0","24","No exceedance","3.8E-3","0.0342 - 1.29","5.1999999999999998E-2","0.00025 -0.00942","No exceedance","Not listed - take no action","15"
"ROCK CREEK UPPER","HEPTACHLOR_EPOXIDE","HEPTACHLOR_EPOXIDE",NA,"4a","D","0","0","0","0","0","0","No exceedance","3.8E-3","0.0342 - 1.29","5.1999999999999998E-2","0.00025 -0.00942","No exceedance","Move to Category 3","2"
"SOAPSTONE CREEK","HEPTACHLOR_EPOXIDE","HEPTACHLOR_EPOXIDE",NA,"4a","D","1","1","0","1","0","0","No exceedance","3.8E-3","0.0342 - 1.29","5.1999999999999998E-2","0.00025 -0.00942","No exceedance","Move to Category 3","2"
"TEXAS AVENUE TRIBUTARY","HEPTACHLOR_EPOXIDE","HEPTACHLOR_EPOXIDE",NA,"4a","D","6","3","0","6","0","3","No exceedance","3.8E-3","0.0342 - 1.29","5.1999999999999998E-2","0.00025 -0.00942","No exceedance","Move to Category 3","2"
"TIDAL BASIN","HEPTACHLOR_EPOXIDE","HEPTACHLOR_EPOXIDE",NA,"3","D","3","0","0","3","0","0","No exceedance","3.8E-3","0.0342 - 1.29","5.1999999999999998E-2","0.00025 -0.00942","No exceedance","Remove from Category 3","8"
"WASHINGTON SHIP CHANNEL","HEPTACHLOR_EPOXIDE","HEPTACHLOR_EPOXIDE",NA,"3","D","19","0","0","19","0","0","No exceedance","3.8E-3","0.0342 - 1.29","5.1999999999999998E-2","0.00025 -0.00942","No exceedance","Remove from Category 3","8"
"WATTS BRANCH LOWER","HEPTACHLOR_EPOXIDE","HEPTACHLOR_EPOXIDE",NA,"3","D","7","0","0","7","0","4","No exceedance","3.8E-3","0.0342 - 1.29","5.1999999999999998E-2","0.00025 -0.00942","No exceedance","Keep in Category 3","9"
"WATTS BRANCH UPPER","HEPTACHLOR_EPOXIDE","HEPTACHLOR_EPOXIDE",NA,"3","D","24","1","0","24","0","24","No exceedance","3.8E-3","0.0342 - 1.29","5.1999999999999998E-2","0.00025 -0.00942","No exceedance","Keep in Category 3","9"
"BATTERY KEMBLE CREEK","HEPTACHLOR_EPOXIDE","HEPTACHLOR_EPOXIDE",NA,"Not Listed","none","0","0","0","0","0","0","No exceedance","3.8E-3","0.0342 - 1.29","5.1999999999999998E-2","0.00025 -0.00942","No exceedance","Not listed - take no action","15"
"C&O CANAL","HEPTACHLOR_EPOXIDE","HEPTACHLOR_EPOXIDE",NA,"Not Listed","none","0","0","0","0","0","0","No exceedance","3.8E-3","0.0342 - 1.29","5.1999999999999998E-2","0.00025 -0.00942","No exceedance","Not listed - take no action","15"
"FORT CHAPLIN TRIBUTARY","HEPTACHLOR_EPOXIDE","HEPTACHLOR_EPOXIDE",NA,"Not Listed","none","0","0","0","0","0","0","No exceedance","3.8E-3","0.0342 - 1.29","5.1999999999999998E-2","0.00025 -0.00942","No exceedance","Not listed - take no action","15"
"FORT DAVIS TRIBUTARY","HEPTACHLOR_EPOXIDE","HEPTACHLOR_EPOXIDE",NA,"Not Listed","none","0","0","0","0","0","0","No exceedance","3.8E-3","0.0342 - 1.29","5.1999999999999998E-2","0.00025 -0.00942","No exceedance","Not listed - take no action","15"
"FOUNDRY BRANCH","HEPTACHLOR_EPOXIDE","HEPTACHLOR_EPOXIDE",NA,"Not Listed","none","0","0","0","0","0","0","No exceedance","3.8E-3","0.0342 - 1.29","5.1999999999999998E-2","0.00025 -0.00942","No exceedance","Not listed - take no action","15"
