"Waterbody","Pollutant","Pollutant Group","Test Fraction ","Current Categorization in 2020 IR","Impaired Use Class in 2020 IR","# Samples 1990-2021","# Detects 1990-2021","# Exceedances 1990-2021","# of Samples Within Last 10 Years (2011-2021)","# of Exceedances Within Last 10 Years (2011 - 2021)","# of Samples Within Last 5 Years (2016 - 2021)","# Samples Since Last Exceedance","Class C CCC Criterion (ug/L)","Range of Ratios Between Detection Limit and Criterion for CCC","Class C CMC Criterion (ug/L)","Range of Ratios Between Detection Limit and Criterion for CMC","Was Last Exceedance Within Current 5-year Assessment Period (2016 - 2021)?","Reevaluation Categorization Decision for Class C","Decision Logic Case #"
"ANACOSTIA LOWER","ARSENIC","ARSENIC","DISSOLVED","4a","24","52","40","0","52","0","40","No exceedance","150","0.0019 - 0.00653","340","0.000853 - 0.00288","No exceedance","Remove from Category 4a","3"
"ANACOSTIA UPPER","ARSENIC","ARSENIC","DISSOLVED","4a","14","56","44","0","56","0","37","No exceedance","150","0.0019 - 0.00653","340","0.000853 - 0.00288","No exceedance","Remove from Category 4a","3"
"BROAD BRANCH","ARSENIC","ARSENIC","DISSOLVED","Not Listed","13","13","11","0","13","0","13","No exceedance","150","0.0019 - 0.00653","340","0.000853 - 0.00288","No exceedance","Not listed - take no action","15"
"DALECARLIA TRIBUTARY","ARSENIC","ARSENIC","DISSOLVED","3","0","0","0","0","0","0","0","No exceedance","150","0.0019 - 0.00653","340","0.000853 - 0.00288","No exceedance","Remove from Category 3","8"
"DUMBARTON OAKS","ARSENIC","ARSENIC","DISSOLVED","3","13","13","6","0","13","0","13","No exceedance","150","0.0019 - 0.00653","340","0.000853 - 0.00288","No exceedance","Remove from Category 3","10"
"FENWICK BRANCH","ARSENIC","ARSENIC","DISSOLVED","3","0","0","0","0","0","0","0","No exceedance","150","0.0019 - 0.00653","340","0.000853 - 0.00288","No exceedance","Remove from Category 3","8"
"FORT DUPONT TRIBUTARY","ARSENIC","ARSENIC","DISSOLVED","4a","19","19","13","0","19","0","16","No exceedance","150","0.0019 - 0.00653","340","0.000853 - 0.00288","No exceedance","Remove from Category 4a","3"
"FORT STANTON TRIBUTARY","ARSENIC","ARSENIC","DISSOLVED","4a","19","20","14","0","20","0","16","No exceedance","150","0.0019 - 0.00653","340","0.000853 - 0.00288","No exceedance","Remove from Category 4a","3"
"HICKEY RUN","ARSENIC","ARSENIC","DISSOLVED","3","1","1","1","0","1","0","1","No exceedance","150","0.0019 - 0.00653","340","0.000853 - 0.00288","No exceedance","Remove from Category 3","10"
"KINGMAN LAKE","ARSENIC","ARSENIC","DISSOLVED","4a","13","25","21","0","25","0","15","No exceedance","150","0.0019 - 0.00653","340","0.000853 - 0.00288","No exceedance","Remove from Category 4a","3"
"KLINGLE VALLEY","ARSENIC","ARSENIC","DISSOLVED","3","0","0","0","0","0","0","0","No exceedance","150","0.0019 - 0.00653","340","0.000853 - 0.00288","No exceedance","Remove from Category 3","8"
"LUZON BRANCH","ARSENIC","ARSENIC","DISSOLVED","3","0","0","0","0","0","0","0","No exceedance","150","0.0019 - 0.00653","340","0.000853 - 0.00288","No exceedance","Remove from Category 3","8"
"MELVIN HAZEN VALLEY BRANCH","ARSENIC","ARSENIC","DISSOLVED","3","13","13","6","0","13","0","13","No exceedance","150","0.0019 - 0.00653","340","0.000853 - 0.00288","No exceedance","Remove from Category 3","10"
"NASH RUN","ARSENIC","ARSENIC","DISSOLVED","4a","6","7","6","0","7","0","3","No exceedance","150","0.0019 - 0.00653","340","0.000853 - 0.00288","No exceedance","Remove from Category 4a","3"
"NORMANSTONE CREEK","ARSENIC","ARSENIC","DISSOLVED","Not Listed","0","0","0","0","0","0","0","No exceedance","150","0.0019 - 0.00653","340","0.000853 - 0.00288","No exceedance","Not listed - take no action","15"
"OXON RUN","ARSENIC","ARSENIC","DISSOLVED","3","1","1","1","0","1","0","0","No exceedance","150","0.0019 - 0.00653","340","0.000853 - 0.00288","No exceedance","Remove from Category 3","8"
"PINEHURST BRANCH","ARSENIC","ARSENIC","DISSOLVED","3","0","0","0","0","0","0","0","No exceedance","150","0.0019 - 0.00653","340","0.000853 - 0.00288","No exceedance","Remove from Category 3","8"
"PINEY BRANCH","ARSENIC","ARSENIC","DISSOLVED","3","1","1","0","0","1","0","0","No exceedance","150","0.0019 - 0.00653","340","0.000853 - 0.00288","No exceedance","Remove from Category 3","8"
"POPE BRANCH","ARSENIC","ARSENIC","DISSOLVED","3","1","1","0","0","1","0","1","No exceedance","150","0.0019 - 0.00653","340","0.000853 - 0.00288","No exceedance","Remove from Category 3","10"
"PORTAL BRANCH","ARSENIC","ARSENIC","DISSOLVED","3","0","0","0","0","0","0","0","No exceedance","150","0.0019 - 0.00653","340","0.000853 - 0.00288","No exceedance","Remove from Category 3","8"
"POTOMAC LOWER","ARSENIC","ARSENIC","DISSOLVED","Not Listed","13","13","10","0","13","0","13","No exceedance","150","0.0019 - 0.00653","340","0.000853 - 0.00288","No exceedance","Not listed - take no action","15"
"POTOMAC MIDDLE","ARSENIC","ARSENIC","DISSOLVED","Not Listed","13","13","8","0","13","0","13","No exceedance","150","0.0019 - 0.00653","340","0.000853 - 0.00288","No exceedance","Not listed - take no action","15"
"POTOMAC UPPER","ARSENIC","ARSENIC","DISSOLVED","Not Listed","13","13","9","0","13","0","13","No exceedance","150","0.0019 - 0.00653","340","0.000853 - 0.00288","No exceedance","Not listed - take no action","15"
"ROCK CREEK LOWER","ARSENIC","ARSENIC","DISSOLVED","Not Listed","13","13","6","0","13","0","13","No exceedance","150","0.0019 - 0.00653","340","0.000853 - 0.00288","No exceedance","Not listed - take no action","15"
"ROCK CREEK UPPER","ARSENIC","ARSENIC","DISSOLVED","Not Listed","0","0","0","0","0","0","0","No exceedance","150","0.0019 - 0.00653","340","0.000853 - 0.00288","No exceedance","Not listed - take no action","15"
"SOAPSTONE CREEK","ARSENIC","ARSENIC","DISSOLVED","3","0","0","0","0","0","0","0","No exceedance","150","0.0019 - 0.00653","340","0.000853 - 0.00288","No exceedance","Remove from Category 3","8"
"TEXAS AVENUE TRIBUTARY","ARSENIC","ARSENIC","DISSOLVED","4a","6","6","6","0","6","0","3","No exceedance","150","0.0019 - 0.00653","340","0.000853 - 0.00288","No exceedance","Remove from Category 4a","3"
"TIDAL BASIN","ARSENIC","ARSENIC","DISSOLVED","Not Listed","0","0","0","0","0","0","0","No exceedance","150","0.0019 - 0.00653","340","0.000853 - 0.00288","No exceedance","Not listed - take no action","15"
"WASHINGTON SHIP CHANNEL","ARSENIC","ARSENIC","DISSOLVED","Not Listed","4","16","12","0","16","0","12","No exceedance","150","0.0019 - 0.00653","340","0.000853 - 0.00288","No exceedance","Not listed - take no action","15"
"WATTS BRANCH LOWER","ARSENIC","ARSENIC","DISSOLVED","Not Listed","3","3","2","0","3","0","3","No exceedance","150","0.0019 - 0.00653","340","0.000853 - 0.00288","No exceedance","Not listed - take no action","15"
"WATTS BRANCH UPPER","ARSENIC","ARSENIC","DISSOLVED","Not Listed","13","13","11","0","13","0","13","No exceedance","150","0.0019 - 0.00653","340","0.000853 - 0.00288","No exceedance","Not listed - take no action","15"
"BATTERY KEMBLE CREEK","ARSENIC","ARSENIC","DISSOLVED","3","1","1","1","0","1","0","0","No exceedance","150","0.0019 - 0.00653","340","0.000853 - 0.00288","No exceedance","Remove from Category 3","8"
"C&O CANAL","ARSENIC","ARSENIC","DISSOLVED","Not Listed","0","0","0","0","0","0","0","No exceedance","150","0.0019 - 0.00653","340","0.000853 - 0.00288","No exceedance","Not listed - take no action","15"
"FORT CHAPLIN TRIBUTARY","ARSENIC","ARSENIC","DISSOLVED","4a","6","6","6","0","6","0","3","No exceedance","150","0.0019 - 0.00653","340","0.000853 - 0.00288","No exceedance","Remove from Category 4a","3"
"FORT DAVIS TRIBUTARY","ARSENIC","ARSENIC","DISSOLVED","4a","6","6","5","0","6","0","3","No exceedance","150","0.0019 - 0.00653","340","0.000853 - 0.00288","No exceedance","Remove from Category 4a","3"
"FOUNDRY BRANCH","ARSENIC","ARSENIC","DISSOLVED","Not Listed","1","2","2","0","2","0","0","No exceedance","150","0.0019 - 0.00653","340","0.000853 - 0.00288","No exceedance","Not listed - take no action","15"
"ANACOSTIA LOWER","COPPER","COPPER","DISSOLVED","4a","24","52","52","0","52","0","40","No exceedance","10.76","0.0161 - 0.127","16.5","0.0104 -0.0833","No exceedance","Remove from Category 4a","3"
"ANACOSTIA UPPER","COPPER","COPPER","DISSOLVED","4a","14","56","56","1","56","1","37","21","10.76","0.0161 - 0.127","16.5","0.0104 -0.0833","Yes","Move to Category 3","6"
"BROAD BRANCH","COPPER","COPPER","DISSOLVED","Not Listed","13","13","13","0","13","0","13","No exceedance","10.76","0.0161 - 0.127","16.5","0.0104 -0.0833","No exceedance","Not listed - take no action","15"
"DALECARLIA TRIBUTARY","COPPER","COPPER","DISSOLVED","3","0","0","0","0","0","0","0","No exceedance","10.76","0.0161 - 0.127","16.5","0.0104 -0.0833","No exceedance","Remove from Category 3","8"
"DUMBARTON OAKS","COPPER","COPPER","DISSOLVED","3","13","13","11","1","13","1","13","10","10.76","0.0161 - 0.127","16.5","0.0104 -0.0833","Yes","Remove from Category 3","13"
"FENWICK BRANCH","COPPER","COPPER","DISSOLVED","3","0","0","0","0","0","0","0","No exceedance","10.76","0.0161 - 0.127","16.5","0.0104 -0.0833","No exceedance","Remove from Category 3","8"
"FORT DUPONT TRIBUTARY","COPPER","COPPER","DISSOLVED","3","19","19","18","0","19","0","16","No exceedance","10.76","0.0161 - 0.127","16.5","0.0104 -0.0833","No exceedance","Remove from Category 3","10"
"FORT STANTON TRIBUTARY","COPPER","COPPER","DISSOLVED","Not Listed","19","20","19","0","20","0","16","No exceedance","10.76","0.0161 - 0.127","16.5","0.0104 -0.0833","No exceedance","Not listed - take no action","15"
"HICKEY RUN","COPPER","COPPER","DISSOLVED","3","150","150","147","1","150","1","102","71","10.76","0.0161 - 0.127","16.5","0.0104 -0.0833","Yes","Remove from Category 3","13"
"KINGMAN LAKE","COPPER","COPPER","DISSOLVED","3","13","25","25","0","25","0","15","No exceedance","10.76","0.0161 - 0.127","16.5","0.0104 -0.0833","No exceedance","Remove from Category 3","10"
"KLINGLE VALLEY","COPPER","COPPER","DISSOLVED","3","0","0","0","0","0","0","0","No exceedance","10.76","0.0161 - 0.127","16.5","0.0104 -0.0833","No exceedance","Remove from Category 3","8"
"LUZON BRANCH","COPPER","COPPER","DISSOLVED","3","0","0","0","0","0","0","0","No exceedance","10.76","0.0161 - 0.127","16.5","0.0104 -0.0833","No exceedance","Remove from Category 3","8"
"MELVIN HAZEN VALLEY BRANCH","COPPER","COPPER","DISSOLVED","3","13","13","12","0","13","0","13","No exceedance","10.76","0.0161 - 0.127","16.5","0.0104 -0.0833","No exceedance","Remove from Category 3","10"
"NASH RUN","COPPER","COPPER","DISSOLVED","3","6","7","7","0","7","0","3","No exceedance","10.76","0.0161 - 0.127","16.5","0.0104 -0.0833","No exceedance","Remove from Category 3","10"
"NORMANSTONE CREEK","COPPER","COPPER","DISSOLVED","Not Listed","0","0","0","0","0","0","0","No exceedance","10.76","0.0161 - 0.127","16.5","0.0104 -0.0833","No exceedance","Not listed - take no action","15"
"OXON RUN","COPPER","COPPER","DISSOLVED","3","1","1","1","0","1","0","0","No exceedance","10.76","0.0161 - 0.127","16.5","0.0104 -0.0833","No exceedance","Remove from Category 3","8"
"PINEHURST BRANCH","COPPER","COPPER","DISSOLVED","3","0","0","0","0","0","0","0","No exceedance","10.76","0.0161 - 0.127","16.5","0.0104 -0.0833","No exceedance","Remove from Category 3","8"
"PINEY BRANCH","COPPER","COPPER","DISSOLVED","3","1","1","1","0","1","0","0","No exceedance","10.76","0.0161 - 0.127","16.5","0.0104 -0.0833","No exceedance","Remove from Category 3","8"
"POPE BRANCH","COPPER","COPPER","DISSOLVED","3","1","1","1","0","1","0","1","No exceedance","10.76","0.0161 - 0.127","16.5","0.0104 -0.0833","No exceedance","Remove from Category 3","10"
"PORTAL BRANCH","COPPER","COPPER","DISSOLVED","3","0","0","0","0","0","0","0","No exceedance","10.76","0.0161 - 0.127","16.5","0.0104 -0.0833","No exceedance","Remove from Category 3","8"
"POTOMAC LOWER","COPPER","COPPER","DISSOLVED","Not Listed","13","13","13","0","13","0","13","No exceedance","10.76","0.0161 - 0.127","16.5","0.0104 -0.0833","No exceedance","Not listed - take no action","15"
"POTOMAC MIDDLE","COPPER","COPPER","DISSOLVED","Not Listed","13","13","12","0","13","0","13","No exceedance","10.76","0.0161 - 0.127","16.5","0.0104 -0.0833","No exceedance","Not listed - take no action","15"
"POTOMAC UPPER","COPPER","COPPER","DISSOLVED","Not Listed","13","13","12","0","13","0","13","No exceedance","10.76","0.0161 - 0.127","16.5","0.0104 -0.0833","No exceedance","Not listed - take no action","15"
"ROCK CREEK LOWER","COPPER","COPPER","DISSOLVED","4a","13","13","13","0","13","0","13","No exceedance","10.76","0.0161 - 0.127","16.5","0.0104 -0.0833","No exceedance","Remove from Category 4a","3"
"ROCK CREEK UPPER","COPPER","COPPER","DISSOLVED","Not Listed","155","155","154","0","155","0","107","No exceedance","10.76","0.0161 - 0.127","16.5","0.0104 -0.0833","No exceedance","Not listed - take no action","15"
"SOAPSTONE CREEK","COPPER","COPPER","DISSOLVED","3","0","0","0","0","0","0","0","No exceedance","10.76","0.0161 - 0.127","16.5","0.0104 -0.0833","No exceedance","Remove from Category 3","8"
"TEXAS AVENUE TRIBUTARY","COPPER","COPPER","DISSOLVED","Not Listed","6","6","4","0","6","0","3","No exceedance","10.76","0.0161 - 0.127","16.5","0.0104 -0.0833","No exceedance","Not listed - take no action","15"
"TIDAL BASIN","COPPER","COPPER","DISSOLVED","Not Listed","0","0","0","0","0","0","0","No exceedance","10.76","0.0161 - 0.127","16.5","0.0104 -0.0833","No exceedance","Not listed - take no action","15"
"WASHINGTON SHIP CHANNEL","COPPER","COPPER","DISSOLVED","Not Listed","4","16","16","0","16","0","12","No exceedance","10.76","0.0161 - 0.127","16.5","0.0104 -0.0833","No exceedance","Not listed - take no action","15"
"WATTS BRANCH LOWER","COPPER","COPPER","DISSOLVED","Not Listed","3","3","3","0","3","0","3","No exceedance","10.76","0.0161 - 0.127","16.5","0.0104 -0.0833","No exceedance","Not listed - take no action","15"
"WATTS BRANCH UPPER","COPPER","COPPER","DISSOLVED","Not Listed","157","159","156","1","159","1","113","119","10.76","0.0161 - 0.127","16.5","0.0104 -0.0833","No","Not listed - take no action","16"
"BATTERY KEMBLE CREEK","COPPER","COPPER","DISSOLVED","3","1","1","1","0","1","0","0","No exceedance","10.76","0.0161 - 0.127","16.5","0.0104 -0.0833","No exceedance","Remove from Category 3","8"
"C&O CANAL","COPPER","COPPER","DISSOLVED","Not Listed","0","0","0","0","0","0","0","No exceedance","10.76","0.0161 - 0.127","16.5","0.0104 -0.0833","No exceedance","Not listed - take no action","15"
"FORT CHAPLIN TRIBUTARY","COPPER","COPPER","DISSOLVED","Not Listed","6","6","6","0","6","0","3","No exceedance","10.76","0.0161 - 0.127","16.5","0.0104 -0.0833","No exceedance","Not listed - take no action","15"
"FORT DAVIS TRIBUTARY","COPPER","COPPER","DISSOLVED","Not Listed","6","6","4","0","6","0","3","No exceedance","10.76","0.0161 - 0.127","16.5","0.0104 -0.0833","No exceedance","Not listed - take no action","15"
"FOUNDRY BRANCH","COPPER","COPPER","DISSOLVED","Not Listed","1","2","2","0","2","0","0","No exceedance","10.76","0.0161 - 0.127","16.5","0.0104 -0.0833","No exceedance","Not listed - take no action","15"
"ANACOSTIA LOWER","LEAD","LEAD","DISSOLVED","Not Listed","21","49","38","0","49","0","37","No exceedance","waterbody-specific","0.00188 - 0.198","waterbody-specific","0.0000682 - 0.00672","No exceedance","Not listed - take no action","15"
"ANACOSTIA UPPER","LEAD","LEAD","DISSOLVED","Not Listed","11","37","31","0","37","0","18","No exceedance","waterbody-specific","0.00188 - 0.198","waterbody-specific","0.0000682 - 0.00672","No exceedance","Not listed - take no action","15"
"BROAD BRANCH","LEAD","LEAD","DISSOLVED","Not Listed","13","13","6","0","13","0","13","No exceedance","waterbody-specific","0.00188 - 0.198","waterbody-specific","0.0000682 - 0.00672","No exceedance","Not listed - take no action","15"
"DALECARLIA TRIBUTARY","LEAD","LEAD","DISSOLVED","Not Listed","0","0","0","0","0","0","0","No exceedance","waterbody-specific","0.00188 - 0.198","waterbody-specific","0.0000682 - 0.00672","No exceedance","Not listed - take no action","15"
"DUMBARTON OAKS","LEAD","LEAD","DISSOLVED","Not Listed","13","13","4","1","13","1","13","10","waterbody-specific","0.00188 - 0.198","waterbody-specific","0.0000682 - 0.00672","Yes","Not listed - take no action","16"
"FENWICK BRANCH","LEAD","LEAD","DISSOLVED","Not Listed","0","0","0","0","0","0","0","No exceedance","waterbody-specific","0.00188 - 0.198","waterbody-specific","0.0000682 - 0.00672","No exceedance","Not listed - take no action","15"
"FORT DUPONT TRIBUTARY","LEAD","LEAD","DISSOLVED","Not Listed","16","16","7","0","16","0","13","No exceedance","waterbody-specific","0.00188 - 0.198","waterbody-specific","0.0000682 - 0.00672","No exceedance","Not listed - take no action","15"
"FORT STANTON TRIBUTARY","LEAD","LEAD","DISSOLVED","Not Listed","16","17","9","0","17","0","13","No exceedance","waterbody-specific","0.00188 - 0.198","waterbody-specific","0.0000682 - 0.00672","No exceedance","Not listed - take no action","15"
"HICKEY RUN","LEAD","LEAD","DISSOLVED","Not Listed","150","150","145","0","150","0","102","No exceedance","waterbody-specific","0.00188 - 0.198","waterbody-specific","0.0000682 - 0.00672","No exceedance","Not listed - take no action","15"
"KINGMAN LAKE","LEAD","LEAD","DISSOLVED","Not Listed","10","22","18","0","22","0","12","No exceedance","waterbody-specific","0.00188 - 0.198","waterbody-specific","0.0000682 - 0.00672","No exceedance","Not listed - take no action","15"
"KLINGLE VALLEY","LEAD","LEAD","DISSOLVED","Not Listed","0","0","0","0","0","0","0","No exceedance","waterbody-specific","0.00188 - 0.198","waterbody-specific","0.0000682 - 0.00672","No exceedance","Not listed - take no action","15"
"LUZON BRANCH","LEAD","LEAD","DISSOLVED","Not Listed","0","0","0","0","0","0","0","No exceedance","waterbody-specific","0.00188 - 0.198","waterbody-specific","0.0000682 - 0.00672","No exceedance","Not listed - take no action","15"
"MELVIN HAZEN VALLEY BRANCH","LEAD","LEAD","DISSOLVED","Not Listed","13","13","4","0","13","0","13","No exceedance","waterbody-specific","0.00188 - 0.198","waterbody-specific","0.0000682 - 0.00672","No exceedance","Not listed - take no action","15"
"NASH RUN","LEAD","LEAD","DISSOLVED","Not Listed","3","4","4","0","4","0","0","No exceedance","waterbody-specific","0.00188 - 0.198","waterbody-specific","0.0000682 - 0.00672","No exceedance","Not listed - take no action","15"
"NORMANSTONE CREEK","LEAD","LEAD","DISSOLVED","Not Listed","0","0","0","0","0","0","0","No exceedance","waterbody-specific","0.00188 - 0.198","waterbody-specific","0.0000682 - 0.00672","No exceedance","Not listed - take no action","15"
"OXON RUN","LEAD","LEAD","DISSOLVED","Not Listed","1","1","1","0","1","0","0","No exceedance","waterbody-specific","0.00188 - 0.198","waterbody-specific","0.0000682 - 0.00672","No exceedance","Not listed - take no action","15"
"PINEHURST BRANCH","LEAD","LEAD","DISSOLVED","Not Listed","0","0","0","0","0","0","0","No exceedance","waterbody-specific","0.00188 - 0.198","waterbody-specific","0.0000682 - 0.00672","No exceedance","Not listed - take no action","15"
"PINEY BRANCH","LEAD","LEAD","DISSOLVED","Not Listed","1","1","1","0","1","0","0","No exceedance","waterbody-specific","0.00188 - 0.198","waterbody-specific","0.0000682 - 0.00672","No exceedance","Not listed - take no action","15"
"POPE BRANCH","LEAD","LEAD","DISSOLVED","Not Listed","1","1","1","0","1","0","1","No exceedance","waterbody-specific","0.00188 - 0.198","waterbody-specific","0.0000682 - 0.00672","No exceedance","Not listed - take no action","15"
"PORTAL BRANCH","LEAD","LEAD","DISSOLVED","Not Listed","0","0","0","0","0","0","0","No exceedance","waterbody-specific","0.00188 - 0.198","waterbody-specific","0.0000682 - 0.00672","No exceedance","Not listed - take no action","15"
"POTOMAC LOWER","LEAD","LEAD","DISSOLVED","Not Listed","13","13","5","1","13","1","13","9","waterbody-specific","0.00188 - 0.198","waterbody-specific","0.0000682 - 0.00672","Yes","Not listed - take no action","16"
"POTOMAC MIDDLE","LEAD","LEAD","DISSOLVED","Not Listed","13","13","5","0","13","0","13","No exceedance","waterbody-specific","0.00188 - 0.198","waterbody-specific","0.0000682 - 0.00672","No exceedance","Not listed - take no action","15"
"POTOMAC UPPER","LEAD","LEAD","DISSOLVED","Not Listed","13","13","4","0","13","0","13","No exceedance","waterbody-specific","0.00188 - 0.198","waterbody-specific","0.0000682 - 0.00672","No exceedance","Not listed - take no action","15"
"ROCK CREEK LOWER","LEAD","LEAD","DISSOLVED","4a","13","13","6","0","13","0","13","No exceedance","waterbody-specific","0.00188 - 0.198","waterbody-specific","0.0000682 - 0.00672","No exceedance","Remove from Category 4a","3"
"ROCK CREEK UPPER","LEAD","LEAD","DISSOLVED","Not Listed","155","155","148","0","155","0","107","No exceedance","waterbody-specific","0.00188 - 0.198","waterbody-specific","0.0000682 - 0.00672","No exceedance","Not listed - take no action","15"
"SOAPSTONE CREEK","LEAD","LEAD","DISSOLVED","Not Listed","0","0","0","0","0","0","0","No exceedance","waterbody-specific","0.00188 - 0.198","waterbody-specific","0.0000682 - 0.00672","No exceedance","Not listed - take no action","15"
"TEXAS AVENUE TRIBUTARY","LEAD","LEAD","DISSOLVED","Not Listed","3","3","2","0","3","0","0","No exceedance","waterbody-specific","0.00188 - 0.198","waterbody-specific","0.0000682 - 0.00672","No exceedance","Not listed - take no action","15"
"TIDAL BASIN","LEAD","LEAD","DISSOLVED","Not Listed","0","0","0","0","0","0","0","No exceedance","waterbody-specific","0.00188 - 0.198","waterbody-specific","0.0000682 - 0.00672","No exceedance","Not listed - take no action","15"
"WASHINGTON SHIP CHANNEL","LEAD","LEAD","DISSOLVED","Not Listed","4","16","8","0","16","0","12","No exceedance","waterbody-specific","0.00188 - 0.198","waterbody-specific","0.0000682 - 0.00672","No exceedance","Not listed - take no action","15"
"WATTS BRANCH LOWER","LEAD","LEAD","DISSOLVED","Not Listed","3","3","2","0","3","0","3","No exceedance","waterbody-specific","0.00188 - 0.198","waterbody-specific","0.0000682 - 0.00672","No exceedance","Not listed - take no action","15"
"WATTS BRANCH UPPER","LEAD","LEAD","DISSOLVED","Not Listed","157","159","131","0","159","0","113","No exceedance","waterbody-specific","0.00188 - 0.198","waterbody-specific","0.0000682 - 0.00672","No exceedance","Not listed - take no action","15"
"BATTERY KEMBLE CREEK","LEAD","LEAD","DISSOLVED","Not Listed","1","1","1","0","1","0","0","No exceedance","waterbody-specific","0.00188 - 0.198","waterbody-specific","0.0000682 - 0.00672","No exceedance","Not listed - take no action","15"
"C&O CANAL","LEAD","LEAD","DISSOLVED","Not Listed","0","0","0","0","0","0","0","No exceedance","waterbody-specific","0.00188 - 0.198","waterbody-specific","0.0000682 - 0.00672","No exceedance","Not listed - take no action","15"
"FORT CHAPLIN TRIBUTARY","LEAD","LEAD","DISSOLVED","Not Listed","3","3","3","0","3","0","0","No exceedance","waterbody-specific","0.00188 - 0.198","waterbody-specific","0.0000682 - 0.00672","No exceedance","Not listed - take no action","15"
"FORT DAVIS TRIBUTARY","LEAD","LEAD","DISSOLVED","Not Listed","3","3","3","0","3","0","0","No exceedance","waterbody-specific","0.00188 - 0.198","waterbody-specific","0.0000682 - 0.00672","No exceedance","Not listed - take no action","15"
"FOUNDRY BRANCH","LEAD","LEAD","DISSOLVED","Not Listed","1","2","2","0","2","0","0","No exceedance","waterbody-specific","0.00188 - 0.198","waterbody-specific","0.0000682 - 0.00672","No exceedance","Not listed - take no action","15"
"ANACOSTIA LOWER","MERCURY","MERCURY","DISSOLVED","Not Listed","21","49","2","0","49","0","37","No exceedance","0.77","0.000221 - 0.26","1.4","0.000121 - 0.143","No exceedance","Not listed - take no action","15"
"ANACOSTIA UPPER","MERCURY","MERCURY","DISSOLVED","Not Listed","8","30","1","0","30","0","18","No exceedance","0.77","0.000221 - 0.26","1.4","0.000121 - 0.143","No exceedance","Not listed - take no action","15"
"BROAD BRANCH","MERCURY","MERCURY","DISSOLVED","Not Listed","13","13","0","0","13","0","13","No exceedance","0.77","0.000221 - 0.26","1.4","0.000121 - 0.143","No exceedance","Not listed - take no action","15"
"DALECARLIA TRIBUTARY","MERCURY","MERCURY","DISSOLVED","Not Listed","0","0","0","0","0","0","0","No exceedance","0.77","0.000221 - 0.26","1.4","0.000121 - 0.143","No exceedance","Not listed - take no action","15"
"DUMBARTON OAKS","MERCURY","MERCURY","DISSOLVED","Not Listed","13","13","1","0","13","0","13","No exceedance","0.77","0.000221 - 0.26","1.4","0.000121 - 0.143","No exceedance","Not listed - take no action","15"
"FENWICK BRANCH","MERCURY","MERCURY","DISSOLVED","Not Listed","0","0","0","0","0","0","0","No exceedance","0.77","0.000221 - 0.26","1.4","0.000121 - 0.143","No exceedance","Not listed - take no action","15"
"FORT DUPONT TRIBUTARY","MERCURY","MERCURY","DISSOLVED","Not Listed","13","13","0","0","13","0","13","No exceedance","0.77","0.000221 - 0.26","1.4","0.000121 - 0.143","No exceedance","Not listed - take no action","15"
"FORT STANTON TRIBUTARY","MERCURY","MERCURY","DISSOLVED","Not Listed","13","13","0","0","13","0","13","No exceedance","0.77","0.000221 - 0.26","1.4","0.000121 - 0.143","No exceedance","Not listed - take no action","15"
"HICKEY RUN","MERCURY","MERCURY","DISSOLVED","Not Listed","1","1","0","0","1","0","1","No exceedance","0.77","0.000221 - 0.26","1.4","0.000121 - 0.143","No exceedance","Not listed - take no action","15"
"KINGMAN LAKE","MERCURY","MERCURY","DISSOLVED","Not Listed","7","18","2","0","18","0","12","No exceedance","0.77","0.000221 - 0.26","1.4","0.000121 - 0.143","No exceedance","Not listed - take no action","15"
"KLINGLE VALLEY","MERCURY","MERCURY","DISSOLVED","Not Listed","0","0","0","0","0","0","0","No exceedance","0.77","0.000221 - 0.26","1.4","0.000121 - 0.143","No exceedance","Not listed - take no action","15"
"LUZON BRANCH","MERCURY","MERCURY","DISSOLVED","Not Listed","0","0","0","0","0","0","0","No exceedance","0.77","0.000221 - 0.26","1.4","0.000121 - 0.143","No exceedance","Not listed - take no action","15"
"MELVIN HAZEN VALLEY BRANCH","MERCURY","MERCURY","DISSOLVED","Not Listed","13","13","0","0","13","0","13","No exceedance","0.77","0.000221 - 0.26","1.4","0.000121 - 0.143","No exceedance","Not listed - take no action","15"
"NASH RUN","MERCURY","MERCURY","DISSOLVED","Not Listed","0","0","0","0","0","0","0","No exceedance","0.77","0.000221 - 0.26","1.4","0.000121 - 0.143","No exceedance","Not listed - take no action","15"
"NORMANSTONE CREEK","MERCURY","MERCURY","DISSOLVED","Not Listed","0","0","0","0","0","0","0","No exceedance","0.77","0.000221 - 0.26","1.4","0.000121 - 0.143","No exceedance","Not listed - take no action","15"
"OXON RUN","MERCURY","MERCURY","DISSOLVED","Not Listed","0","0","0","0","0","0","0","No exceedance","0.77","0.000221 - 0.26","1.4","0.000121 - 0.143","No exceedance","Not listed - take no action","15"
"PINEHURST BRANCH","MERCURY","MERCURY","DISSOLVED","Not Listed","0","0","0","0","0","0","0","No exceedance","0.77","0.000221 - 0.26","1.4","0.000121 - 0.143","No exceedance","Not listed - take no action","15"
"PINEY BRANCH","MERCURY","MERCURY","DISSOLVED","Not Listed","0","0","0","0","0","0","0","No exceedance","0.77","0.000221 - 0.26","1.4","0.000121 - 0.143","No exceedance","Not listed - take no action","15"
"POPE BRANCH","MERCURY","MERCURY","DISSOLVED","Not Listed","1","1","0","0","1","0","1","No exceedance","0.77","0.000221 - 0.26","1.4","0.000121 - 0.143","No exceedance","Not listed - take no action","15"
"PORTAL BRANCH","MERCURY","MERCURY","DISSOLVED","Not Listed","0","0","0","0","0","0","0","No exceedance","0.77","0.000221 - 0.26","1.4","0.000121 - 0.143","No exceedance","Not listed - take no action","15"
"POTOMAC LOWER","MERCURY","MERCURY","DISSOLVED","Not Listed","13","13","0","0","13","0","13","No exceedance","0.77","0.000221 - 0.26","1.4","0.000121 - 0.143","No exceedance","Not listed - take no action","15"
"POTOMAC MIDDLE","MERCURY","MERCURY","DISSOLVED","Not Listed","13","13","0","0","13","0","13","No exceedance","0.77","0.000221 - 0.26","1.4","0.000121 - 0.143","No exceedance","Not listed - take no action","15"
"POTOMAC UPPER","MERCURY","MERCURY","DISSOLVED","Not Listed","13","13","0","0","13","0","13","No exceedance","0.77","0.000221 - 0.26","1.4","0.000121 - 0.143","No exceedance","Not listed - take no action","15"
"ROCK CREEK LOWER","MERCURY","MERCURY","DISSOLVED","4a","13","13","0","0","13","0","13","No exceedance","0.77","0.000221 - 0.26","1.4","0.000121 - 0.143","No exceedance","Remove from Category 4a","3"
"ROCK CREEK UPPER","MERCURY","MERCURY","DISSOLVED","4a","1","1","1","0","0","0","0","No exceedance","0.77","0.000221 - 0.26","1.4","0.000121 - 0.143","No exceedance","Move to Category 3","2"
"SOAPSTONE CREEK","MERCURY","MERCURY","DISSOLVED","Not Listed","0","0","0","0","0","0","0","No exceedance","0.77","0.000221 - 0.26","1.4","0.000121 - 0.143","No exceedance","Not listed - take no action","15"
"TEXAS AVENUE TRIBUTARY","MERCURY","MERCURY","DISSOLVED","Not Listed","0","0","0","0","0","0","0","No exceedance","0.77","0.000221 - 0.26","1.4","0.000121 - 0.143","No exceedance","Not listed - take no action","15"
"TIDAL BASIN","MERCURY","MERCURY","DISSOLVED","Not Listed","0","0","0","0","0","0","0","No exceedance","0.77","0.000221 - 0.26","1.4","0.000121 - 0.143","No exceedance","Not listed - take no action","15"
"WASHINGTON SHIP CHANNEL","MERCURY","MERCURY","DISSOLVED","Not Listed","4","16","0","0","16","0","12","No exceedance","0.77","0.000221 - 0.26","1.4","0.000121 - 0.143","No exceedance","Not listed - take no action","15"
"WATTS BRANCH LOWER","MERCURY","MERCURY","DISSOLVED","Not Listed","3","3","0","0","3","0","3","No exceedance","0.77","0.000221 - 0.26","1.4","0.000121 - 0.143","No exceedance","Not listed - take no action","15"
"WATTS BRANCH UPPER","MERCURY","MERCURY","DISSOLVED","Not Listed","13","13","0","0","13","0","13","No exceedance","0.77","0.000221 - 0.26","1.4","0.000121 - 0.143","No exceedance","Not listed - take no action","15"
"BATTERY KEMBLE CREEK","MERCURY","MERCURY","DISSOLVED","Not Listed","0","0","0","0","0","0","0","No exceedance","0.77","0.000221 - 0.26","1.4","0.000121 - 0.143","No exceedance","Not listed - take no action","15"
"C&O CANAL","MERCURY","MERCURY","DISSOLVED","Not Listed","0","0","0","0","0","0","0","No exceedance","0.77","0.000221 - 0.26","1.4","0.000121 - 0.143","No exceedance","Not listed - take no action","15"
"FORT CHAPLIN TRIBUTARY","MERCURY","MERCURY","DISSOLVED","Not Listed","0","0","0","0","0","0","0","No exceedance","0.77","0.000221 - 0.26","1.4","0.000121 - 0.143","No exceedance","Not listed - take no action","15"
"FORT DAVIS TRIBUTARY","MERCURY","MERCURY","DISSOLVED","Not Listed","0","0","0","0","0","0","0","No exceedance","0.77","0.000221 - 0.26","1.4","0.000121 - 0.143","No exceedance","Not listed - take no action","15"
"FOUNDRY BRANCH","MERCURY","MERCURY","DISSOLVED","Not Listed","0","0","0","0","0","0","0","No exceedance","0.77","0.000221 - 0.26","1.4","0.000121 - 0.143","No exceedance","Not listed - take no action","15"
"ANACOSTIA LOWER","ZINC","ZINC","DISSOLVED","4a","24","52","42","0","52","0","40","No exceedance","waterbody-specific","0.00966 - 0.114","waterbody-specific","0.00973 - 0.115","No exceedance","Remove from Category 4a","3"
"ANACOSTIA UPPER","ZINC","ZINC","DISSOLVED","4a","14","56","51","0","56","0","37","No exceedance","waterbody-specific","0.00966 - 0.114","waterbody-specific","0.00973 - 0.115","No exceedance","Remove from Category 4a","3"
"BROAD BRANCH","ZINC","ZINC","DISSOLVED","Not Listed","13","13","4","0","13","0","13","No exceedance","waterbody-specific","0.00966 - 0.114","waterbody-specific","0.00973 - 0.115","No exceedance","Not listed - take no action","15"
"DALECARLIA TRIBUTARY","ZINC","ZINC","DISSOLVED","3","0","0","0","0","0","0","0","No exceedance","waterbody-specific","0.00966 - 0.114","waterbody-specific","0.00973 - 0.115","No exceedance","Remove from Category 3","8"
"DUMBARTON OAKS","ZINC","ZINC","DISSOLVED","3","13","13","10","0","13","0","13","No exceedance","waterbody-specific","0.00966 - 0.114","waterbody-specific","0.00973 - 0.115","No exceedance","Remove from Category 3","10"
"FENWICK BRANCH","ZINC","ZINC","DISSOLVED","3","0","0","0","0","0","0","0","No exceedance","waterbody-specific","0.00966 - 0.114","waterbody-specific","0.00973 - 0.115","No exceedance","Remove from Category 3","8"
"FORT DUPONT TRIBUTARY","ZINC","ZINC","DISSOLVED","3","19","19","18","0","19","0","16","No exceedance","waterbody-specific","0.00966 - 0.114","waterbody-specific","0.00973 - 0.115","No exceedance","Remove from Category 3","10"
"FORT STANTON TRIBUTARY","ZINC","ZINC","DISSOLVED","Not Listed","19","20","16","0","20","0","16","No exceedance","waterbody-specific","0.00966 - 0.114","waterbody-specific","0.00973 - 0.115","No exceedance","Not listed - take no action","15"
"HICKEY RUN","ZINC","ZINC","DISSOLVED","3","150","150","136","0","150","0","102","No exceedance","waterbody-specific","0.00966 - 0.114","waterbody-specific","0.00973 - 0.115","No exceedance","Remove from Category 3","10"
"KINGMAN LAKE","ZINC","ZINC","DISSOLVED","3","13","25","25","1","25","1","15","1","waterbody-specific","0.00966 - 0.114","waterbody-specific","0.00973 - 0.115","Yes","Remove from Category 3","13"
"KLINGLE VALLEY","ZINC","ZINC","DISSOLVED","3","0","0","0","0","0","0","0","No exceedance","waterbody-specific","0.00966 - 0.114","waterbody-specific","0.00973 - 0.115","No exceedance","Remove from Category 3","8"
"LUZON BRANCH","ZINC","ZINC","DISSOLVED","3","0","0","0","0","0","0","0","No exceedance","waterbody-specific","0.00966 - 0.114","waterbody-specific","0.00973 - 0.115","No exceedance","Remove from Category 3","8"
"MELVIN HAZEN VALLEY BRANCH","ZINC","ZINC","DISSOLVED","3","13","13","3","0","13","0","13","No exceedance","waterbody-specific","0.00966 - 0.114","waterbody-specific","0.00973 - 0.115","No exceedance","Remove from Category 3","10"
"NASH RUN","ZINC","ZINC","DISSOLVED","3","6","7","6","0","7","0","3","No exceedance","waterbody-specific","0.00966 - 0.114","waterbody-specific","0.00973 - 0.115","No exceedance","Remove from Category 3","10"
"NORMANSTONE CREEK","ZINC","ZINC","DISSOLVED","Not Listed","0","0","0","0","0","0","0","No exceedance","waterbody-specific","0.00966 - 0.114","waterbody-specific","0.00973 - 0.115","No exceedance","Not listed - take no action","15"
"OXON RUN","ZINC","ZINC","DISSOLVED","3","1","1","1","0","1","0","0","No exceedance","waterbody-specific","0.00966 - 0.114","waterbody-specific","0.00973 - 0.115","No exceedance","Remove from Category 3","8"
"PINEHURST BRANCH","ZINC","ZINC","DISSOLVED","3","0","0","0","0","0","0","0","No exceedance","waterbody-specific","0.00966 - 0.114","waterbody-specific","0.00973 - 0.115","No exceedance","Remove from Category 3","8"
"PINEY BRANCH","ZINC","ZINC","DISSOLVED","3","1","1","1","0","1","0","0","No exceedance","waterbody-specific","0.00966 - 0.114","waterbody-specific","0.00973 - 0.115","No exceedance","Remove from Category 3","8"
"POPE BRANCH","ZINC","ZINC","DISSOLVED","3","1","1","1","0","1","0","1","No exceedance","waterbody-specific","0.00966 - 0.114","waterbody-specific","0.00973 - 0.115","No exceedance","Remove from Category 3","10"
"PORTAL BRANCH","ZINC","ZINC","DISSOLVED","3","0","0","0","0","0","0","0","No exceedance","waterbody-specific","0.00966 - 0.114","waterbody-specific","0.00973 - 0.115","No exceedance","Remove from Category 3","8"
"POTOMAC LOWER","ZINC","ZINC","DISSOLVED","Not Listed","13","13","1","0","13","0","13","No exceedance","waterbody-specific","0.00966 - 0.114","waterbody-specific","0.00973 - 0.115","No exceedance","Not listed - take no action","15"
"POTOMAC MIDDLE","ZINC","ZINC","DISSOLVED","Not Listed","13","13","1","0","13","0","13","No exceedance","waterbody-specific","0.00966 - 0.114","waterbody-specific","0.00973 - 0.115","No exceedance","Not listed - take no action","15"
"POTOMAC UPPER","ZINC","ZINC","DISSOLVED","Not Listed","13","13","2","0","13","0","13","No exceedance","waterbody-specific","0.00966 - 0.114","waterbody-specific","0.00973 - 0.115","No exceedance","Not listed - take no action","15"
"ROCK CREEK LOWER","ZINC","ZINC","DISSOLVED","4a","13","13","2","0","13","0","13","No exceedance","waterbody-specific","0.00966 - 0.114","waterbody-specific","0.00973 - 0.115","No exceedance","Remove from Category 4a","3"
"ROCK CREEK UPPER","ZINC","ZINC","DISSOLVED","Not Listed","155","155","71","0","155","0","107","No exceedance","waterbody-specific","0.00966 - 0.114","waterbody-specific","0.00973 - 0.115","No exceedance","Not listed - take no action","15"
"SOAPSTONE CREEK","ZINC","ZINC","DISSOLVED","3","0","0","0","0","0","0","0","No exceedance","waterbody-specific","0.00966 - 0.114","waterbody-specific","0.00973 - 0.115","No exceedance","Remove from Category 3","8"
"TEXAS AVENUE TRIBUTARY","ZINC","ZINC","DISSOLVED","Not Listed","6","6","5","0","6","0","3","No exceedance","waterbody-specific","0.00966 - 0.114","waterbody-specific","0.00973 - 0.115","No exceedance","Not listed - take no action","15"
"TIDAL BASIN","ZINC","ZINC","DISSOLVED","Not Listed","0","0","0","0","0","0","0","No exceedance","waterbody-specific","0.00966 - 0.114","waterbody-specific","0.00973 - 0.115","No exceedance","Not listed - take no action","15"
"WASHINGTON SHIP CHANNEL","ZINC","ZINC","DISSOLVED","Not Listed","4","16","16","0","16","0","12","No exceedance","waterbody-specific","0.00966 - 0.114","waterbody-specific","0.00973 - 0.115","No exceedance","Not listed - take no action","15"
"WATTS BRANCH LOWER","ZINC","ZINC","DISSOLVED","Not Listed","3","3","3","0","3","0","3","No exceedance","waterbody-specific","0.00966 - 0.114","waterbody-specific","0.00973 - 0.115","No exceedance","Not listed - take no action","15"
"WATTS BRANCH UPPER","ZINC","ZINC","DISSOLVED","Not Listed","157","159","140","0","159","0","113","No exceedance","waterbody-specific","0.00966 - 0.114","waterbody-specific","0.00973 - 0.115","No exceedance","Not listed - take no action","15"
"BATTERY KEMBLE CREEK","ZINC","ZINC","DISSOLVED","3","1","1","1","0","1","0","0","No exceedance","waterbody-specific","0.00966 - 0.114","waterbody-specific","0.00973 - 0.115","No exceedance","Remove from Category 3","8"
"C&O CANAL","ZINC","ZINC","DISSOLVED","Not Listed","0","0","0","0","0","0","0","No exceedance","waterbody-specific","0.00966 - 0.114","waterbody-specific","0.00973 - 0.115","No exceedance","Not listed - take no action","15"
"FORT CHAPLIN TRIBUTARY","ZINC","ZINC","DISSOLVED","Not Listed","6","6","6","0","6","0","3","No exceedance","waterbody-specific","0.00966 - 0.114","waterbody-specific","0.00973 - 0.115","No exceedance","Not listed - take no action","15"
"FORT DAVIS TRIBUTARY","ZINC","ZINC","DISSOLVED","Not Listed","6","6","6","0","6","0","3","No exceedance","waterbody-specific","0.00966 - 0.114","waterbody-specific","0.00973 - 0.115","No exceedance","Not listed - take no action","15"
"FOUNDRY BRANCH","ZINC","ZINC","DISSOLVED","Not Listed","1","2","2","0","2","0","0","No exceedance","waterbody-specific","0.00966 - 0.114","waterbody-specific","0.00973 - 0.115","No exceedance","Not listed - take no action","15"
"ANACOSTIA LOWER","4_4_DDD","DDD",NA,"4a","24","52","3","1","52","1","40","48","1E-3","0.2 - 5.2","1.1000000000000001","0.000182 -0.00473","No","Keep in Category 4a","5"
"ANACOSTIA UPPER","4_4_DDD","DDD",NA,"4a","17","105","21","6","105","6","86","0","1E-3","0.2 - 5.2","1.1000000000000001","0.000182 -0.00473","Yes","Keep in Category 4a","1"
"BROAD BRANCH","4_4_DDD","DDD",NA,"Not Listed","14","14","0","0","14","0","13","No exceedance","1E-3","0.2 - 5.2","1.1000000000000001","0.000182 -0.00473","No exceedance","Not listed - take no action","15"
"DALECARLIA TRIBUTARY","4_4_DDD","DDD",NA,"3","1","1","0","0","1","0","0","No exceedance","1E-3","0.2 - 5.2","1.1000000000000001","0.000182 -0.00473","No exceedance","Remove from Category 3","8"
"DUMBARTON OAKS","4_4_DDD","DDD",NA,"3","14","15","0","0","15","0","13","No exceedance","1E-3","0.2 - 5.2","1.1000000000000001","0.000182 -0.00473","No exceedance","Keep in Category 3","9"
"FENWICK BRANCH","4_4_DDD","DDD",NA,"3","1","1","0","0","1","0","0","No exceedance","1E-3","0.2 - 5.2","1.1000000000000001","0.000182 -0.00473","No exceedance","Remove from Category 3","8"
"FORT DUPONT TRIBUTARY","4_4_DDD","DDD",NA,"Not Listed","13","13","0","0","13","0","13","No exceedance","1E-3","0.2 - 5.2","1.1000000000000001","0.000182 -0.00473","No exceedance","Not listed - take no action","15"
"FORT STANTON TRIBUTARY","4_4_DDD","DDD",NA,"Not Listed","16","17","1","1","17","1","13","11","1E-3","0.2 - 5.2","1.1000000000000001","0.000182 -0.00473","Yes","Move to Category 3","18"
"HICKEY RUN","4_4_DDD","DDD",NA,"3","5","6","0","0","6","0","3","No exceedance","1E-3","0.2 - 5.2","1.1000000000000001","0.000182 -0.00473","No exceedance","Keep in Category 3","9"
"KINGMAN LAKE","4_4_DDD","DDD",NA,"3","13","25","3","0","25","0","15","No exceedance","1E-3","0.2 - 5.2","1.1000000000000001","0.000182 -0.00473","No exceedance","Keep in Category 3","9"
"KLINGLE VALLEY","4_4_DDD","DDD",NA,"3","1","1","0","0","1","0","0","No exceedance","1E-3","0.2 - 5.2","1.1000000000000001","0.000182 -0.00473","No exceedance","Remove from Category 3","8"
"LUZON BRANCH","4_4_DDD","DDD",NA,"3","1","1","0","0","1","0","0","No exceedance","1E-3","0.2 - 5.2","1.1000000000000001","0.000182 -0.00473","No exceedance","Remove from Category 3","8"
"MELVIN HAZEN VALLEY BRANCH","4_4_DDD","DDD",NA,"3","14","14","1","1","14","1","13","9","1E-3","0.2 - 5.2","1.1000000000000001","0.000182 -0.00473","Yes","Keep in Category 3","12"
"NASH RUN","4_4_DDD","DDD",NA,"3","6","7","0","0","7","0","3","No exceedance","1E-3","0.2 - 5.2","1.1000000000000001","0.000182 -0.00473","No exceedance","Keep in Category 3","9"
"NORMANSTONE CREEK","4_4_DDD","DDD",NA,"Not Listed","1","1","0","0","1","0","0","No exceedance","1E-3","0.2 - 5.2","1.1000000000000001","0.000182 -0.00473","No exceedance","Not listed - take no action","15"
"OXON RUN","4_4_DDD","DDD",NA,"Not Listed","1","1","0","0","1","0","0","No exceedance","1E-3","0.2 - 5.2","1.1000000000000001","0.000182 -0.00473","No exceedance","Not listed - take no action","15"
"PINEHURST BRANCH","4_4_DDD","DDD",NA,"3","1","1","0","0","1","0","0","No exceedance","1E-3","0.2 - 5.2","1.1000000000000001","0.000182 -0.00473","No exceedance","Remove from Category 3","8"
"PINEY BRANCH","4_4_DDD","DDD",NA,"3","1","1","0","0","1","0","0","No exceedance","1E-3","0.2 - 5.2","1.1000000000000001","0.000182 -0.00473","No exceedance","Remove from Category 3","8"
"POPE BRANCH","4_4_DDD","DDD",NA,"3","6","7","0","0","7","0","4","No exceedance","1E-3","0.2 - 5.2","1.1000000000000001","0.000182 -0.00473","No exceedance","Keep in Category 3","9"
"PORTAL BRANCH","4_4_DDD","DDD",NA,"3","1","2","0","0","2","0","0","No exceedance","1E-3","0.2 - 5.2","1.1000000000000001","0.000182 -0.00473","No exceedance","Remove from Category 3","8"
"POTOMAC LOWER","4_4_DDD","DDD",NA,"Not Listed","13","13","0","0","13","0","13","No exceedance","1E-3","0.2 - 5.2","1.1000000000000001","0.000182 -0.00473","No exceedance","Not listed - take no action","15"
"POTOMAC MIDDLE","4_4_DDD","DDD",NA,"Not Listed","13","13","0","0","13","0","13","No exceedance","1E-3","0.2 - 5.2","1.1000000000000001","0.000182 -0.00473","No exceedance","Not listed - take no action","15"
"POTOMAC UPPER","4_4_DDD","DDD",NA,"Not Listed","13","13","0","0","13","0","13","No exceedance","1E-3","0.2 - 5.2","1.1000000000000001","0.000182 -0.00473","No exceedance","Not listed - take no action","15"
"ROCK CREEK LOWER","4_4_DDD","DDD",NA,"Not Listed","13","13","1","1","13","1","13","6","1E-3","0.2 - 5.2","1.1000000000000001","0.000182 -0.00473","Yes","Move to Category 3","18"
"ROCK CREEK UPPER","4_4_DDD","DDD",NA,"Not Listed","0","0","0","0","0","0","0","No exceedance","1E-3","0.2 - 5.2","1.1000000000000001","0.000182 -0.00473","No exceedance","Not listed - take no action","15"
"SOAPSTONE CREEK","4_4_DDD","DDD",NA,"3","1","1","0","0","1","0","0","No exceedance","1E-3","0.2 - 5.2","1.1000000000000001","0.000182 -0.00473","No exceedance","Remove from Category 3","8"
"TEXAS AVENUE TRIBUTARY","4_4_DDD","DDD",NA,"4a","6","6","6","5","6","5","3","1","1E-3","0.2 - 5.2","1.1000000000000001","0.000182 -0.00473","Yes","Keep in Category 4a","1"
"TIDAL BASIN","4_4_DDD","DDD",NA,"3","3","3","0","0","3","0","0","No exceedance","1E-3","0.2 - 5.2","1.1000000000000001","0.000182 -0.00473","No exceedance","Remove from Category 3","8"
"WASHINGTON SHIP CHANNEL","4_4_DDD","DDD",NA,"3","7","19","0","0","19","0","12","No exceedance","1E-3","0.2 - 5.2","1.1000000000000001","0.000182 -0.00473","No exceedance","Keep in Category 3","9"
"WATTS BRANCH LOWER","4_4_DDD","DDD",NA,"3","6","7","0","0","7","0","4","No exceedance","1E-3","0.2 - 5.2","1.1000000000000001","0.000182 -0.00473","No exceedance","Keep in Category 3","9"
"WATTS BRANCH UPPER","4_4_DDD","DDD",NA,"3","13","13","1","1","13","1","13","1","1E-3","0.2 - 5.2","1.1000000000000001","0.000182 -0.00473","Yes","Keep in Category 3","12"
"BATTERY KEMBLE CREEK","4_4_DDD","DDD",NA,"Not Listed","0","0","0","0","0","0","0","No exceedance","1E-3","0.2 - 5.2","1.1000000000000001","0.000182 -0.00473","No exceedance","Not listed - take no action","15"
"C&O CANAL","4_4_DDD","DDD",NA,"Not Listed","0","0","0","0","0","0","0","No exceedance","1E-3","0.2 - 5.2","1.1000000000000001","0.000182 -0.00473","No exceedance","Not listed - take no action","15"
"FORT CHAPLIN TRIBUTARY","4_4_DDD","DDD",NA,"Not Listed","0","0","0","0","0","0","0","No exceedance","1E-3","0.2 - 5.2","1.1000000000000001","0.000182 -0.00473","No exceedance","Not listed - take no action","15"
"FORT DAVIS TRIBUTARY","4_4_DDD","DDD",NA,"Not Listed","0","0","0","0","0","0","0","No exceedance","1E-3","0.2 - 5.2","1.1000000000000001","0.000182 -0.00473","No exceedance","Not listed - take no action","15"
"FOUNDRY BRANCH","4_4_DDD","DDD",NA,"Not Listed","0","0","0","0","0","0","0","No exceedance","1E-3","0.2 - 5.2","1.1000000000000001","0.000182 -0.00473","No exceedance","Not listed - take no action","15"
"ANACOSTIA LOWER","4_4_DDE","DDE",NA,"4a","24","52","0","0","52","0","40","No exceedance","1E-3","0.1 - 6","1.1000000000000001","0.0000909 - 0.00545","No exceedance","Move to Category 3","2"
"ANACOSTIA UPPER","4_4_DDE","DDE",NA,"4a","17","105","1","1","105","1","86","54","1E-3","0.1 - 6","1.1000000000000001","0.0000909 - 0.00545","Yes","Keep in Category 4a","5"
"BROAD BRANCH","4_4_DDE","DDE",NA,"Not Listed","14","14","0","0","14","0","13","No exceedance","1E-3","0.1 - 6","1.1000000000000001","0.0000909 - 0.00545","No exceedance","Not listed - take no action","15"
"DALECARLIA TRIBUTARY","4_4_DDE","DDE",NA,"3","1","1","0","0","1","0","0","No exceedance","1E-3","0.1 - 6","1.1000000000000001","0.0000909 - 0.00545","No exceedance","Remove from Category 3","8"
"DUMBARTON OAKS","4_4_DDE","DDE",NA,"3","14","15","1","1","15","1","13","10","1E-3","0.1 - 6","1.1000000000000001","0.0000909 - 0.00545","Yes","Keep in Category 3","12"
"FENWICK BRANCH","4_4_DDE","DDE",NA,"3","1","1","0","0","1","0","0","No exceedance","1E-3","0.1 - 6","1.1000000000000001","0.0000909 - 0.00545","No exceedance","Remove from Category 3","8"
"FORT DUPONT TRIBUTARY","4_4_DDE","DDE",NA,"Not Listed","13","13","0","0","13","0","13","No exceedance","1E-3","0.1 - 6","1.1000000000000001","0.0000909 - 0.00545","No exceedance","Not listed - take no action","15"
"FORT STANTON TRIBUTARY","4_4_DDE","DDE",NA,"Not Listed","16","17","1","0","17","0","13","No exceedance","1E-3","0.1 - 6","1.1000000000000001","0.0000909 - 0.00545","No exceedance","Not listed - take no action","15"
"HICKEY RUN","4_4_DDE","DDE",NA,"4a","5","6","1","0","6","0","3","No exceedance","1E-3","0.1 - 6","1.1000000000000001","0.0000909 - 0.00545","No exceedance","Move to Category 3","2"
"KINGMAN LAKE","4_4_DDE","DDE",NA,"3","13","25","0","0","25","0","15","No exceedance","1E-3","0.1 - 6","1.1000000000000001","0.0000909 - 0.00545","No exceedance","Keep in Category 3","9"
"KLINGLE VALLEY","4_4_DDE","DDE",NA,"3","1","1","0","0","1","0","0","No exceedance","1E-3","0.1 - 6","1.1000000000000001","0.0000909 - 0.00545","No exceedance","Remove from Category 3","8"
"LUZON BRANCH","4_4_DDE","DDE",NA,"3","1","1","0","0","1","0","0","No exceedance","1E-3","0.1 - 6","1.1000000000000001","0.0000909 - 0.00545","No exceedance","Remove from Category 3","8"
"MELVIN HAZEN VALLEY BRANCH","4_4_DDE","DDE",NA,"3","14","14","1","1","14","1","13","9","1E-3","0.1 - 6","1.1000000000000001","0.0000909 - 0.00545","Yes","Keep in Category 3","12"
"NASH RUN","4_4_DDE","DDE",NA,"3","6","7","0","0","7","0","3","No exceedance","1E-3","0.1 - 6","1.1000000000000001","0.0000909 - 0.00545","No exceedance","Keep in Category 3","9"
"NORMANSTONE CREEK","4_4_DDE","DDE",NA,"Not Listed","1","1","0","0","1","0","0","No exceedance","1E-3","0.1 - 6","1.1000000000000001","0.0000909 - 0.00545","No exceedance","Not listed - take no action","15"
"OXON RUN","4_4_DDE","DDE",NA,"Not Listed","1","1","0","0","1","0","0","No exceedance","1E-3","0.1 - 6","1.1000000000000001","0.0000909 - 0.00545","No exceedance","Not listed - take no action","15"
"PINEHURST BRANCH","4_4_DDE","DDE",NA,"3","2","2","0","0","1","0","0","No exceedance","1E-3","0.1 - 6","1.1000000000000001","0.0000909 - 0.00545","No exceedance","Remove from Category 3","8"
"PINEY BRANCH","4_4_DDE","DDE",NA,"3","1","1","0","0","1","0","0","No exceedance","1E-3","0.1 - 6","1.1000000000000001","0.0000909 - 0.00545","No exceedance","Remove from Category 3","8"
"POPE BRANCH","4_4_DDE","DDE",NA,"4a","6","7","1","0","7","0","4","No exceedance","1E-3","0.1 - 6","1.1000000000000001","0.0000909 - 0.00545","No exceedance","Move to Category 3","2"
"PORTAL BRANCH","4_4_DDE","DDE",NA,"3","1","2","0","0","2","0","0","No exceedance","1E-3","0.1 - 6","1.1000000000000001","0.0000909 - 0.00545","No exceedance","Remove from Category 3","8"
"POTOMAC LOWER","4_4_DDE","DDE",NA,"Not Listed","13","13","0","0","13","0","13","No exceedance","1E-3","0.1 - 6","1.1000000000000001","0.0000909 - 0.00545","No exceedance","Not listed - take no action","15"
"POTOMAC MIDDLE","4_4_DDE","DDE",NA,"Not Listed","13","13","0","0","13","0","13","No exceedance","1E-3","0.1 - 6","1.1000000000000001","0.0000909 - 0.00545","No exceedance","Not listed - take no action","15"
"POTOMAC UPPER","4_4_DDE","DDE",NA,"Not Listed","13","13","0","0","13","0","13","No exceedance","1E-3","0.1 - 6","1.1000000000000001","0.0000909 - 0.00545","No exceedance","Not listed - take no action","15"
"ROCK CREEK LOWER","4_4_DDE","DDE",NA,"Not Listed","14","14","2","2","13","2","13","6","1E-3","0.1 - 6","1.1000000000000001","0.0000909 - 0.00545","Yes","Move to Category 5","14"
"ROCK CREEK UPPER","4_4_DDE","DDE",NA,"Not Listed","18","19","0","0","0","0","0","No exceedance","1E-3","0.1 - 6","1.1000000000000001","0.0000909 - 0.00545","No exceedance","Not listed - take no action","15"
"SOAPSTONE CREEK","4_4_DDE","DDE",NA,"3","1","1","0","0","1","0","0","No exceedance","1E-3","0.1 - 6","1.1000000000000001","0.0000909 - 0.00545","No exceedance","Remove from Category 3","8"
"TEXAS AVENUE TRIBUTARY","4_4_DDE","DDE",NA,"4a","6","6","3","1","6","1","3","3","1E-3","0.1 - 6","1.1000000000000001","0.0000909 - 0.00545","No","Keep in Category 4a","5"
"TIDAL BASIN","4_4_DDE","DDE",NA,"3","3","3","0","0","3","0","0","No exceedance","1E-3","0.1 - 6","1.1000000000000001","0.0000909 - 0.00545","No exceedance","Remove from Category 3","8"
"WASHINGTON SHIP CHANNEL","4_4_DDE","DDE",NA,"3","7","19","0","0","19","0","12","No exceedance","1E-3","0.1 - 6","1.1000000000000001","0.0000909 - 0.00545","No exceedance","Keep in Category 3","9"
"WATTS BRANCH LOWER","4_4_DDE","DDE",NA,"3","6","7","0","0","7","0","4","No exceedance","1E-3","0.1 - 6","1.1000000000000001","0.0000909 - 0.00545","No exceedance","Keep in Category 3","9"
"WATTS BRANCH UPPER","4_4_DDE","DDE",NA,"3","13","13","0","0","13","0","13","No exceedance","1E-3","0.1 - 6","1.1000000000000001","0.0000909 - 0.00545","No exceedance","Keep in Category 3","9"
"BATTERY KEMBLE CREEK","4_4_DDE","DDE",NA,"Not Listed","0","0","0","0","0","0","0","No exceedance","1E-3","0.1 - 6","1.1000000000000001","0.0000909 - 0.00545","No exceedance","Not listed - take no action","15"
"C&O CANAL","4_4_DDE","DDE",NA,"Not Listed","0","0","0","0","0","0","0","No exceedance","1E-3","0.1 - 6","1.1000000000000001","0.0000909 - 0.00545","No exceedance","Not listed - take no action","15"
"FORT CHAPLIN TRIBUTARY","4_4_DDE","DDE",NA,"Not Listed","0","0","0","0","0","0","0","No exceedance","1E-3","0.1 - 6","1.1000000000000001","0.0000909 - 0.00545","No exceedance","Not listed - take no action","15"
"FORT DAVIS TRIBUTARY","4_4_DDE","DDE",NA,"Not Listed","0","0","0","0","0","0","0","No exceedance","1E-3","0.1 - 6","1.1000000000000001","0.0000909 - 0.00545","No exceedance","Not listed - take no action","15"
"FOUNDRY BRANCH","4_4_DDE","DDE",NA,"Not Listed","0","0","0","0","0","0","0","No exceedance","1E-3","0.1 - 6","1.1000000000000001","0.0000909 - 0.00545","No exceedance","Not listed - take no action","15"
"ANACOSTIA LOWER","4_4_DDT","DDT",NA,"4a","24","52","5","2","52","2","40","0","1E-3","0.28 - 3.7","1.1000000000000001","0.000255 - 0.00336","Yes","Keep in Category 4a","1"
"ANACOSTIA UPPER","4_4_DDT","DDT",NA,"4a","17","105","16","12","105","12","86","23","1E-3","0.28 - 3.7","1.1000000000000001","0.000255 - 0.00336","Yes","Keep in Category 4a","1"
"BROAD BRANCH","4_4_DDT","DDT",NA,"Not Listed","14","14","2","1","14","1","13","6","1E-3","0.28 - 3.7","1.1000000000000001","0.000255 - 0.00336","Yes","Move to Category 3","18"
"DALECARLIA TRIBUTARY","4_4_DDT","DDT",NA,"3","1","1","0","0","1","0","0","No exceedance","1E-3","0.28 - 3.7","1.1000000000000001","0.000255 - 0.00336","No exceedance","Remove from Category 3","8"
"DUMBARTON OAKS","4_4_DDT","DDT",NA,"3","14","15","3","2","15","2","13","9","1E-3","0.28 - 3.7","1.1000000000000001","0.000255 - 0.00336","Yes","Move to Category 5","7"
"FENWICK BRANCH","4_4_DDT","DDT",NA,"4a","1","1","1","0","1","0","0","No exceedance","1E-3","0.28 - 3.7","1.1000000000000001","0.000255 - 0.00336","No exceedance","Move to Category 3","2"
"FORT DUPONT TRIBUTARY","4_4_DDT","DDT",NA,"Not Listed","13","13","1","1","13","1","13","9","1E-3","0.28 - 3.7","1.1000000000000001","0.000255 - 0.00336","Yes","Move to Category 3","18"
"FORT STANTON TRIBUTARY","4_4_DDT","DDT",NA,"Not Listed","16","17","0","0","17","0","13","No exceedance","1E-3","0.28 - 3.7","1.1000000000000001","0.000255 - 0.00336","No exceedance","Not listed - take no action","15"
"HICKEY RUN","4_4_DDT","DDT",NA,"3","5","6","0","0","6","0","3","No exceedance","1E-3","0.28 - 3.7","1.1000000000000001","0.000255 - 0.00336","No exceedance","Keep in Category 3","9"
"KINGMAN LAKE","4_4_DDT","DDT",NA,"4a","13","25","3","2","25","2","15","10","1E-3","0.28 - 3.7","1.1000000000000001","0.000255 - 0.00336","Yes","Keep in Category 4a","1"
"KLINGLE VALLEY","4_4_DDT","DDT",NA,"3","1","1","0","0","1","0","0","No exceedance","1E-3","0.28 - 3.7","1.1000000000000001","0.000255 - 0.00336","No exceedance","Remove from Category 3","8"
"LUZON BRANCH","4_4_DDT","DDT",NA,"3","1","1","0","0","1","0","0","No exceedance","1E-3","0.28 - 3.7","1.1000000000000001","0.000255 - 0.00336","No exceedance","Remove from Category 3","8"
"MELVIN HAZEN VALLEY BRANCH","4_4_DDT","DDT",NA,"3","14","14","2","2","14","2","13","10","1E-3","0.28 - 3.7","1.1000000000000001","0.000255 - 0.00336","Yes","Move to Category 5","7"
"NASH RUN","4_4_DDT","DDT",NA,"3","6","7","0","0","7","0","3","No exceedance","1E-3","0.28 - 3.7","1.1000000000000001","0.000255 - 0.00336","No exceedance","Keep in Category 3","9"
"NORMANSTONE CREEK","4_4_DDT","DDT",NA,"Not Listed","1","1","0","0","1","0","0","No exceedance","1E-3","0.28 - 3.7","1.1000000000000001","0.000255 - 0.00336","No exceedance","Not listed - take no action","15"
"OXON RUN","4_4_DDT","DDT",NA,"3","1","1","0","0","1","0","0","No exceedance","1E-3","0.28 - 3.7","1.1000000000000001","0.000255 - 0.00336","No exceedance","Remove from Category 3","8"
"PINEHURST BRANCH","4_4_DDT","DDT",NA,"3","1","1","0","0","1","0","0","No exceedance","1E-3","0.28 - 3.7","1.1000000000000001","0.000255 - 0.00336","No exceedance","Remove from Category 3","8"
"PINEY BRANCH","4_4_DDT","DDT",NA,"3","1","1","0","0","1","0","0","No exceedance","1E-3","0.28 - 3.7","1.1000000000000001","0.000255 - 0.00336","No exceedance","Remove from Category 3","8"
"POPE BRANCH","4_4_DDT","DDT",NA,"3","6","7","0","0","7","0","4","No exceedance","1E-3","0.28 - 3.7","1.1000000000000001","0.000255 - 0.00336","No exceedance","Keep in Category 3","9"
"PORTAL BRANCH","4_4_DDT","DDT",NA,"3","1","2","0","0","2","0","0","No exceedance","1E-3","0.28 - 3.7","1.1000000000000001","0.000255 - 0.00336","No exceedance","Remove from Category 3","8"
"POTOMAC LOWER","4_4_DDT","DDT",NA,"Not Listed","13","13","0","0","13","0","13","No exceedance","1E-3","0.28 - 3.7","1.1000000000000001","0.000255 - 0.00336","No exceedance","Not listed - take no action","15"
"POTOMAC MIDDLE","4_4_DDT","DDT",NA,"Not Listed","13","13","0","0","13","0","13","No exceedance","1E-3","0.28 - 3.7","1.1000000000000001","0.000255 - 0.00336","No exceedance","Not listed - take no action","15"
"POTOMAC UPPER","4_4_DDT","DDT",NA,"Not Listed","13","13","1","1","13","1","13","0","1E-3","0.28 - 3.7","1.1000000000000001","0.000255 - 0.00336","Yes","Move to Category 3","18"
"ROCK CREEK LOWER","4_4_DDT","DDT",NA,"Not Listed","13","13","1","1","13","1","13","6","1E-3","0.28 - 3.7","1.1000000000000001","0.000255 - 0.00336","Yes","Move to Category 3","18"
"ROCK CREEK UPPER","4_4_DDT","DDT",NA,"Not Listed","0","0","0","0","0","0","0","No exceedance","1E-3","0.28 - 3.7","1.1000000000000001","0.000255 - 0.00336","No exceedance","Not listed - take no action","15"
"SOAPSTONE CREEK","4_4_DDT","DDT",NA,"3","1","1","0","0","1","0","0","No exceedance","1E-3","0.28 - 3.7","1.1000000000000001","0.000255 - 0.00336","No exceedance","Remove from Category 3","8"
"TEXAS AVENUE TRIBUTARY","4_4_DDT","DDT",NA,"4a","6","6","1","1","6","1","3","3","1E-3","0.28 - 3.7","1.1000000000000001","0.000255 - 0.00336","No","Keep in Category 4a","5"
"TIDAL BASIN","4_4_DDT","DDT",NA,"3","3","3","0","0","3","0","0","No exceedance","1E-3","0.28 - 3.7","1.1000000000000001","0.000255 - 0.00336","No exceedance","Remove from Category 3","8"
"WASHINGTON SHIP CHANNEL","4_4_DDT","DDT",NA,"3","7","19","0","0","19","0","12","No exceedance","1E-3","0.28 - 3.7","1.1000000000000001","0.000255 - 0.00336","No exceedance","Keep in Category 3","9"
"WATTS BRANCH LOWER","4_4_DDT","DDT",NA,"3","6","7","0","0","7","0","4","No exceedance","1E-3","0.28 - 3.7","1.1000000000000001","0.000255 - 0.00336","No exceedance","Keep in Category 3","9"
"WATTS BRANCH UPPER","4_4_DDT","DDT",NA,"3","13","13","0","0","13","0","13","No exceedance","1E-3","0.28 - 3.7","1.1000000000000001","0.000255 - 0.00336","No exceedance","Keep in Category 3","9"
"BATTERY KEMBLE CREEK","4_4_DDT","DDT",NA,"Not Listed","0","0","0","0","0","0","0","No exceedance","1E-3","0.28 - 3.7","1.1000000000000001","0.000255 - 0.00336","No exceedance","Not listed - take no action","15"
"C&O CANAL","4_4_DDT","DDT",NA,"Not Listed","0","0","0","0","0","0","0","No exceedance","1E-3","0.28 - 3.7","1.1000000000000001","0.000255 - 0.00336","No exceedance","Not listed - take no action","15"
"FORT CHAPLIN TRIBUTARY","4_4_DDT","DDT",NA,"Not Listed","0","0","0","0","0","0","0","No exceedance","1E-3","0.28 - 3.7","1.1000000000000001","0.000255 - 0.00336","No exceedance","Not listed - take no action","15"
"FORT DAVIS TRIBUTARY","4_4_DDT","DDT",NA,"Not Listed","0","0","0","0","0","0","0","No exceedance","1E-3","0.28 - 3.7","1.1000000000000001","0.000255 - 0.00336","No exceedance","Not listed - take no action","15"
"FOUNDRY BRANCH","4_4_DDT","DDT",NA,"Not Listed","0","0","0","0","0","0","0","No exceedance","1E-3","0.28 - 3.7","1.1000000000000001","0.000255 - 0.00336","No exceedance","Not listed - take no action","15"
"ANACOSTIA LOWER","CHLORDANE_TECHNICAL","CHLORDANE_TECHNICAL",NA,"4a","24","52","1","0","52","0","40","No exceedance","4.3E-3","0.326 - 16.3","2.4","0.000583 - 0.0292","No exceedance","Move to Category 3","2"
"ANACOSTIA UPPER","CHLORDANE_TECHNICAL","CHLORDANE_TECHNICAL",NA,"4a","17","105","0","0","105","0","86","No exceedance","4.3E-3","0.326 - 16.3","2.4","0.000583 - 0.0292","No exceedance","Move to Category 3","2"
"BROAD BRANCH","CHLORDANE_TECHNICAL","CHLORDANE_TECHNICAL",NA,"4a","14","14","0","0","14","0","13","No exceedance","4.3E-3","0.326 - 16.3","2.4","0.000583 - 0.0292","No exceedance","Move to Category 3","2"
"DALECARLIA TRIBUTARY","CHLORDANE_TECHNICAL","CHLORDANE_TECHNICAL",NA,"3","1","1","0","0","1","0","0","No exceedance","4.3E-3","0.326 - 16.3","2.4","0.000583 - 0.0292","No exceedance","Remove from Category 3","8"
"DUMBARTON OAKS","CHLORDANE_TECHNICAL","CHLORDANE_TECHNICAL",NA,"4a","14","15","2","2","15","2","13","4","4.3E-3","0.326 - 16.3","2.4","0.000583 - 0.0292","Yes","Keep in Category 4a","1"
"FENWICK BRANCH","CHLORDANE_TECHNICAL","CHLORDANE_TECHNICAL",NA,"3","1","1","0","0","1","0","0","No exceedance","4.3E-3","0.326 - 16.3","2.4","0.000583 - 0.0292","No exceedance","Remove from Category 3","8"
"FORT DUPONT TRIBUTARY","CHLORDANE_TECHNICAL","CHLORDANE_TECHNICAL",NA,"Not Listed","13","13","0","0","13","0","13","No exceedance","4.3E-3","0.326 - 16.3","2.4","0.000583 - 0.0292","No exceedance","Not listed - take no action","15"
"FORT STANTON TRIBUTARY","CHLORDANE_TECHNICAL","CHLORDANE_TECHNICAL",NA,"Not Listed","16","17","0","0","17","0","13","No exceedance","4.3E-3","0.326 - 16.3","2.4","0.000583 - 0.0292","No exceedance","Not listed - take no action","15"
"HICKEY RUN","CHLORDANE_TECHNICAL","CHLORDANE_TECHNICAL",NA,"4a","5","6","0","0","6","0","3","No exceedance","4.3E-3","0.326 - 16.3","2.4","0.000583 - 0.0292","No exceedance","Move to Category 3","2"
"KINGMAN LAKE","CHLORDANE_TECHNICAL","CHLORDANE_TECHNICAL",NA,"4a","13","25","1","0","25","0","15","No exceedance","4.3E-3","0.326 - 16.3","2.4","0.000583 - 0.0292","No exceedance","Move to Category 3","2"
"KLINGLE VALLEY","CHLORDANE_TECHNICAL","CHLORDANE_TECHNICAL",NA,"3","1","1","0","0","1","0","0","No exceedance","4.3E-3","0.326 - 16.3","2.4","0.000583 - 0.0292","No exceedance","Remove from Category 3","8"
"LUZON BRANCH","CHLORDANE_TECHNICAL","CHLORDANE_TECHNICAL",NA,"4a","1","1","0","0","1","0","0","No exceedance","4.3E-3","0.326 - 16.3","2.4","0.000583 - 0.0292","No exceedance","Move to Category 3","2"
"MELVIN HAZEN VALLEY BRANCH","CHLORDANE_TECHNICAL","CHLORDANE_TECHNICAL",NA,"3","14","14","0","0","14","0","13","No exceedance","4.3E-3","0.326 - 16.3","2.4","0.000583 - 0.0292","No exceedance","Keep in Category 3","9"
"NASH RUN","CHLORDANE_TECHNICAL","CHLORDANE_TECHNICAL",NA,"4a","6","7","0","0","7","0","3","No exceedance","4.3E-3","0.326 - 16.3","2.4","0.000583 - 0.0292","No exceedance","Move to Category 3","2"
"NORMANSTONE CREEK","CHLORDANE_TECHNICAL","CHLORDANE_TECHNICAL",NA,"Not Listed","1","1","0","0","1","0","0","No exceedance","4.3E-3","0.326 - 16.3","2.4","0.000583 - 0.0292","No exceedance","Not listed - take no action","15"
"OXON RUN","CHLORDANE_TECHNICAL","CHLORDANE_TECHNICAL",NA,"3","1","1","0","0","1","0","0","No exceedance","4.3E-3","0.326 - 16.3","2.4","0.000583 - 0.0292","No exceedance","Remove from Category 3","8"
"PINEHURST BRANCH","CHLORDANE_TECHNICAL","CHLORDANE_TECHNICAL",NA,"3","1","1","0","0","1","0","0","No exceedance","4.3E-3","0.326 - 16.3","2.4","0.000583 - 0.0292","No exceedance","Remove from Category 3","8"
"PINEY BRANCH","CHLORDANE_TECHNICAL","CHLORDANE_TECHNICAL",NA,"4a","1","1","0","0","1","0","0","No exceedance","4.3E-3","0.326 - 16.3","2.4","0.000583 - 0.0292","No exceedance","Move to Category 3","2"
"POPE BRANCH","CHLORDANE_TECHNICAL","CHLORDANE_TECHNICAL",NA,"4a","6","7","1","1","7","1","4","5","4.3E-3","0.326 - 16.3","2.4","0.000583 - 0.0292","No","Keep in Category 4a","5"
"PORTAL BRANCH","CHLORDANE_TECHNICAL","CHLORDANE_TECHNICAL",NA,"3","1","2","0","0","2","0","0","No exceedance","4.3E-3","0.326 - 16.3","2.4","0.000583 - 0.0292","No exceedance","Remove from Category 3","8"
"POTOMAC LOWER","CHLORDANE_TECHNICAL","CHLORDANE_TECHNICAL",NA,"Not Listed","13","13","0","0","13","0","13","No exceedance","4.3E-3","0.326 - 16.3","2.4","0.000583 - 0.0292","No exceedance","Not listed - take no action","15"
"POTOMAC MIDDLE","CHLORDANE_TECHNICAL","CHLORDANE_TECHNICAL",NA,"Not Listed","13","13","0","0","13","0","13","No exceedance","4.3E-3","0.326 - 16.3","2.4","0.000583 - 0.0292","No exceedance","Not listed - take no action","15"
"POTOMAC UPPER","CHLORDANE_TECHNICAL","CHLORDANE_TECHNICAL",NA,"Not Listed","13","13","0","0","13","0","13","No exceedance","4.3E-3","0.326 - 16.3","2.4","0.000583 - 0.0292","No exceedance","Not listed - take no action","15"
"ROCK CREEK LOWER","CHLORDANE_TECHNICAL","CHLORDANE_TECHNICAL",NA,"Not Listed","13","13","1","1","13","1","13","6","4.3E-3","0.326 - 16.3","2.4","0.000583 - 0.0292","Yes","Move to Category 3","18"
"ROCK CREEK UPPER","CHLORDANE_TECHNICAL","CHLORDANE_TECHNICAL",NA,"4a","0","0","0","0","0","0","0","No exceedance","4.3E-3","0.326 - 16.3","2.4","0.000583 - 0.0292","No exceedance","Move to Category 3","2"
"SOAPSTONE CREEK","CHLORDANE_TECHNICAL","CHLORDANE_TECHNICAL",NA,"4a","1","1","0","0","1","0","0","No exceedance","4.3E-3","0.326 - 16.3","2.4","0.000583 - 0.0292","No exceedance","Move to Category 3","2"
"TEXAS AVENUE TRIBUTARY","CHLORDANE_TECHNICAL","CHLORDANE_TECHNICAL",NA,"4a","6","6","1","1","6","1","3","4","4.3E-3","0.326 - 16.3","2.4","0.000583 - 0.0292","No","Keep in Category 4a","5"
"TIDAL BASIN","CHLORDANE_TECHNICAL","CHLORDANE_TECHNICAL",NA,"3","3","3","0","0","3","0","0","No exceedance","4.3E-3","0.326 - 16.3","2.4","0.000583 - 0.0292","No exceedance","Remove from Category 3","8"
"WASHINGTON SHIP CHANNEL","CHLORDANE_TECHNICAL","CHLORDANE_TECHNICAL",NA,"3","7","19","0","0","19","0","12","No exceedance","4.3E-3","0.326 - 16.3","2.4","0.000583 - 0.0292","No exceedance","Keep in Category 3","9"
"WATTS BRANCH LOWER","CHLORDANE_TECHNICAL","CHLORDANE_TECHNICAL",NA,"4a","6","7","0","0","7","0","4","No exceedance","4.3E-3","0.326 - 16.3","2.4","0.000583 - 0.0292","No exceedance","Move to Category 3","2"
"WATTS BRANCH UPPER","CHLORDANE_TECHNICAL","CHLORDANE_TECHNICAL",NA,"4a","13","13","0","0","13","0","13","No exceedance","4.3E-3","0.326 - 16.3","2.4","0.000583 - 0.0292","No exceedance","Move to Category 3","2"
"BATTERY KEMBLE CREEK","CHLORDANE_TECHNICAL","CHLORDANE_TECHNICAL",NA,"Not Listed","0","0","0","0","0","0","0","No exceedance","4.3E-3","0.326 - 16.3","2.4","0.000583 - 0.0292","No exceedance","Not listed - take no action","15"
"C&O CANAL","CHLORDANE_TECHNICAL","CHLORDANE_TECHNICAL",NA,"Not Listed","0","0","0","0","0","0","0","No exceedance","4.3E-3","0.326 - 16.3","2.4","0.000583 - 0.0292","No exceedance","Not listed - take no action","15"
"FORT CHAPLIN TRIBUTARY","CHLORDANE_TECHNICAL","CHLORDANE_TECHNICAL",NA,"Not Listed","0","0","0","0","0","0","0","No exceedance","4.3E-3","0.326 - 16.3","2.4","0.000583 - 0.0292","No exceedance","Not listed - take no action","15"
"FORT DAVIS TRIBUTARY","CHLORDANE_TECHNICAL","CHLORDANE_TECHNICAL",NA,"Not Listed","0","0","0","0","0","0","0","No exceedance","4.3E-3","0.326 - 16.3","2.4","0.000583 - 0.0292","No exceedance","Not listed - take no action","15"
"FOUNDRY BRANCH","CHLORDANE_TECHNICAL","CHLORDANE_TECHNICAL",NA,"Not Listed","0","0","0","0","0","0","0","No exceedance","4.3E-3","0.326 - 16.3","2.4","0.000583 - 0.0292","No exceedance","Not listed - take no action","15"
"ANACOSTIA LOWER","DIELDRIN","DIELDRIN",NA,"4a","24","52","2","0","52","0","40","No exceedance","5.6000000000000001E-2","0.00214 - 0.0732","0.24","0.0005 - 0.0171","No exceedance","Remove from Category 4a","3"
"ANACOSTIA UPPER","DIELDRIN","DIELDRIN",NA,"4a","17","105","38","0","105","0","86","No exceedance","5.6000000000000001E-2","0.00214 - 0.0732","0.24","0.0005 - 0.0171","No exceedance","Remove from Category 4a","3"
"BROAD BRANCH","DIELDRIN","DIELDRIN",NA,"4a","14","14","9","0","14","0","13","No exceedance","5.6000000000000001E-2","0.00214 - 0.0732","0.24","0.0005 - 0.0171","No exceedance","Remove from Category 4a","3"
"DALECARLIA TRIBUTARY","DIELDRIN","DIELDRIN",NA,"4a","1","1","1","0","1","0","0","No exceedance","5.6000000000000001E-2","0.00214 - 0.0732","0.24","0.0005 - 0.0171","No exceedance","Move to Category 3","2"
"DUMBARTON OAKS","DIELDRIN","DIELDRIN",NA,"4a","14","15","14","0","15","0","13","No exceedance","5.6000000000000001E-2","0.00214 - 0.0732","0.24","0.0005 - 0.0171","No exceedance","Remove from Category 4a","3"
"FENWICK BRANCH","DIELDRIN","DIELDRIN",NA,"4a","1","1","1","0","1","0","0","No exceedance","5.6000000000000001E-2","0.00214 - 0.0732","0.24","0.0005 - 0.0171","No exceedance","Move to Category 3","2"
"FORT DUPONT TRIBUTARY","DIELDRIN","DIELDRIN",NA,"Not Listed","13","13","0","0","13","0","13","No exceedance","5.6000000000000001E-2","0.00214 - 0.0732","0.24","0.0005 - 0.0171","No exceedance","Not listed - take no action","15"
"FORT STANTON TRIBUTARY","DIELDRIN","DIELDRIN",NA,"Not Listed","16","17","0","0","17","0","13","No exceedance","5.6000000000000001E-2","0.00214 - 0.0732","0.24","0.0005 - 0.0171","No exceedance","Not listed - take no action","15"
"HICKEY RUN","DIELDRIN","DIELDRIN",NA,"3","5","6","0","0","6","0","3","No exceedance","5.6000000000000001E-2","0.00214 - 0.0732","0.24","0.0005 - 0.0171","No exceedance","Remove from Category 3","10"
"KINGMAN LAKE","DIELDRIN","DIELDRIN",NA,"3","13","25","2","0","25","0","15","No exceedance","5.6000000000000001E-2","0.00214 - 0.0732","0.24","0.0005 - 0.0171","No exceedance","Remove from Category 3","10"
"KLINGLE VALLEY","DIELDRIN","DIELDRIN",NA,"4a","1","1","1","0","1","0","0","No exceedance","5.6000000000000001E-2","0.00214 - 0.0732","0.24","0.0005 - 0.0171","No exceedance","Move to Category 3","2"
"LUZON BRANCH","DIELDRIN","DIELDRIN",NA,"4a","1","1","1","0","1","0","0","No exceedance","5.6000000000000001E-2","0.00214 - 0.0732","0.24","0.0005 - 0.0171","No exceedance","Move to Category 3","2"
"MELVIN HAZEN VALLEY BRANCH","DIELDRIN","DIELDRIN",NA,"4a","14","14","9","0","14","0","13","No exceedance","5.6000000000000001E-2","0.00214 - 0.0732","0.24","0.0005 - 0.0171","No exceedance","Remove from Category 4a","3"
"NASH RUN","DIELDRIN","DIELDRIN",NA,"4a","6","7","1","0","7","0","3","No exceedance","5.6000000000000001E-2","0.00214 - 0.0732","0.24","0.0005 - 0.0171","No exceedance","Remove from Category 4a","3"
"NORMANSTONE CREEK","DIELDRIN","DIELDRIN",NA,"4a","1","1","1","0","1","0","0","No exceedance","5.6000000000000001E-2","0.00214 - 0.0732","0.24","0.0005 - 0.0171","No exceedance","Move to Category 3","2"
"OXON RUN","DIELDRIN","DIELDRIN",NA,"4a","1","1","1","0","1","0","0","No exceedance","5.6000000000000001E-2","0.00214 - 0.0732","0.24","0.0005 - 0.0171","No exceedance","Move to Category 3","2"
"PINEHURST BRANCH","DIELDRIN","DIELDRIN",NA,"4a","2","2","2","0","1","0","0","No exceedance","5.6000000000000001E-2","0.00214 - 0.0732","0.24","0.0005 - 0.0171","No exceedance","Move to Category 3","2"
"PINEY BRANCH","DIELDRIN","DIELDRIN",NA,"4a","1","1","1","0","1","0","0","No exceedance","5.6000000000000001E-2","0.00214 - 0.0732","0.24","0.0005 - 0.0171","No exceedance","Move to Category 3","2"
"POPE BRANCH","DIELDRIN","DIELDRIN",NA,"3","6","7","2","0","7","0","4","No exceedance","5.6000000000000001E-2","0.00214 - 0.0732","0.24","0.0005 - 0.0171","No exceedance","Remove from Category 3","10"
"PORTAL BRANCH","DIELDRIN","DIELDRIN",NA,"4a","1","2","2","0","2","0","0","No exceedance","5.6000000000000001E-2","0.00214 - 0.0732","0.24","0.0005 - 0.0171","No exceedance","Move to Category 3","2"
"POTOMAC LOWER","DIELDRIN","DIELDRIN",NA,"Not Listed","13","13","1","0","13","0","13","No exceedance","5.6000000000000001E-2","0.00214 - 0.0732","0.24","0.0005 - 0.0171","No exceedance","Not listed - take no action","15"
"POTOMAC MIDDLE","DIELDRIN","DIELDRIN",NA,"Not Listed","13","13","2","0","13","0","13","No exceedance","5.6000000000000001E-2","0.00214 - 0.0732","0.24","0.0005 - 0.0171","No exceedance","Not listed - take no action","15"
"POTOMAC UPPER","DIELDRIN","DIELDRIN",NA,"Not Listed","13","13","1","0","13","0","13","No exceedance","5.6000000000000001E-2","0.00214 - 0.0732","0.24","0.0005 - 0.0171","No exceedance","Not listed - take no action","15"
"ROCK CREEK LOWER","DIELDRIN","DIELDRIN",NA,"Not Listed","14","14","5","0","13","0","13","No exceedance","5.6000000000000001E-2","0.00214 - 0.0732","0.24","0.0005 - 0.0171","No exceedance","Not listed - take no action","15"
"ROCK CREEK UPPER","DIELDRIN","DIELDRIN",NA,"4a","18","19","0","0","0","0","0","No exceedance","5.6000000000000001E-2","0.00214 - 0.0732","0.24","0.0005 - 0.0171","No exceedance","Move to Category 3","2"
"SOAPSTONE CREEK","DIELDRIN","DIELDRIN",NA,"4a","1","1","1","0","1","0","0","No exceedance","5.6000000000000001E-2","0.00214 - 0.0732","0.24","0.0005 - 0.0171","No exceedance","Move to Category 3","2"
"TEXAS AVENUE TRIBUTARY","DIELDRIN","DIELDRIN",NA,"4a","6","6","5","0","6","0","3","No exceedance","5.6000000000000001E-2","0.00214 - 0.0732","0.24","0.0005 - 0.0171","No exceedance","Remove from Category 4a","3"
"TIDAL BASIN","DIELDRIN","DIELDRIN",NA,"3","3","3","0","0","3","0","0","No exceedance","5.6000000000000001E-2","0.00214 - 0.0732","0.24","0.0005 - 0.0171","No exceedance","Remove from Category 3","8"
"WASHINGTON SHIP CHANNEL","DIELDRIN","DIELDRIN",NA,"3","7","19","0","0","19","0","12","No exceedance","5.6000000000000001E-2","0.00214 - 0.0732","0.24","0.0005 - 0.0171","No exceedance","Remove from Category 3","10"
"WATTS BRANCH LOWER","DIELDRIN","DIELDRIN",NA,"4a","6","7","4","0","7","0","4","No exceedance","5.6000000000000001E-2","0.00214 - 0.0732","0.24","0.0005 - 0.0171","No exceedance","Remove from Category 4a","3"
"WATTS BRANCH UPPER","DIELDRIN","DIELDRIN",NA,"4a","13","13","4","0","13","0","13","No exceedance","5.6000000000000001E-2","0.00214 - 0.0732","0.24","0.0005 - 0.0171","No exceedance","Remove from Category 4a","3"
"BATTERY KEMBLE CREEK","DIELDRIN","DIELDRIN",NA,"Not Listed","0","0","0","0","0","0","0","No exceedance","5.6000000000000001E-2","0.00214 - 0.0732","0.24","0.0005 - 0.0171","No exceedance","Not listed - take no action","15"
"C&O CANAL","DIELDRIN","DIELDRIN",NA,"Not Listed","0","0","0","0","0","0","0","No exceedance","5.6000000000000001E-2","0.00214 - 0.0732","0.24","0.0005 - 0.0171","No exceedance","Not listed - take no action","15"
"FORT CHAPLIN TRIBUTARY","DIELDRIN","DIELDRIN",NA,"Not Listed","0","0","0","0","0","0","0","No exceedance","5.6000000000000001E-2","0.00214 - 0.0732","0.24","0.0005 - 0.0171","No exceedance","Not listed - take no action","15"
"FORT DAVIS TRIBUTARY","DIELDRIN","DIELDRIN",NA,"Not Listed","0","0","0","0","0","0","0","No exceedance","5.6000000000000001E-2","0.00214 - 0.0732","0.24","0.0005 - 0.0171","No exceedance","Not listed - take no action","15"
"FOUNDRY BRANCH","DIELDRIN","DIELDRIN",NA,"Not Listed","0","0","0","0","0","0","0","No exceedance","5.6000000000000001E-2","0.00214 - 0.0732","0.24","0.0005 - 0.0171","No exceedance","Not listed - take no action","15"
"ANACOSTIA LOWER","HEPTACHLOR_EPOXIDE","HEPTACHLOR_EPOXIDE",NA,"4a","24","52","1","0","52","0","40","No exceedance","3.8E-3","0.0342 - 1.29","5.1999999999999998E-2","0.00025 -0.00942","No exceedance","Move to Category 3","2"
"ANACOSTIA UPPER","HEPTACHLOR_EPOXIDE","HEPTACHLOR_EPOXIDE",NA,"4a","17","105","23","1","105","1","86","23","3.8E-3","0.0342 - 1.29","5.1999999999999998E-2","0.00025 -0.00942","Yes","Keep in Category 4a","5"
"BROAD BRANCH","HEPTACHLOR_EPOXIDE","HEPTACHLOR_EPOXIDE",NA,"4a","14","14","8","1","14","1","13","3","3.8E-3","0.0342 - 1.29","5.1999999999999998E-2","0.00025 -0.00942","Yes","Keep in Category 4a","5"
"DALECARLIA TRIBUTARY","HEPTACHLOR_EPOXIDE","HEPTACHLOR_EPOXIDE",NA,"4a","1","1","1","0","1","0","0","No exceedance","3.8E-3","0.0342 - 1.29","5.1999999999999998E-2","0.00025 -0.00942","No exceedance","Move to Category 3","2"
"DUMBARTON OAKS","HEPTACHLOR_EPOXIDE","HEPTACHLOR_EPOXIDE",NA,"4a","14","15","11","5","15","5","13","2","3.8E-3","0.0342 - 1.29","5.1999999999999998E-2","0.00025 -0.00942","Yes","Keep in Category 4a","1"
"FENWICK BRANCH","HEPTACHLOR_EPOXIDE","HEPTACHLOR_EPOXIDE",NA,"4a","1","1","1","0","1","0","0","No exceedance","3.8E-3","0.0342 - 1.29","5.1999999999999998E-2","0.00025 -0.00942","No exceedance","Move to Category 3","2"
"FORT DUPONT TRIBUTARY","HEPTACHLOR_EPOXIDE","HEPTACHLOR_EPOXIDE",NA,"Not Listed","13","13","1","0","13","0","13","No exceedance","3.8E-3","0.0342 - 1.29","5.1999999999999998E-2","0.00025 -0.00942","No exceedance","Not listed - take no action","15"
"FORT STANTON TRIBUTARY","HEPTACHLOR_EPOXIDE","HEPTACHLOR_EPOXIDE",NA,"Not Listed","16","17","0","0","17","0","13","No exceedance","3.8E-3","0.0342 - 1.29","5.1999999999999998E-2","0.00025 -0.00942","No exceedance","Not listed - take no action","15"
"HICKEY RUN","HEPTACHLOR_EPOXIDE","HEPTACHLOR_EPOXIDE",NA,"3","5","6","0","0","6","0","3","No exceedance","3.8E-3","0.0342 - 1.29","5.1999999999999998E-2","0.00025 -0.00942","No exceedance","Keep in Category 3","9"
"KINGMAN LAKE","HEPTACHLOR_EPOXIDE","HEPTACHLOR_EPOXIDE",NA,"3","13","25","1","0","25","0","15","No exceedance","3.8E-3","0.0342 - 1.29","5.1999999999999998E-2","0.00025 -0.00942","No exceedance","Keep in Category 3","9"
"KLINGLE VALLEY","HEPTACHLOR_EPOXIDE","HEPTACHLOR_EPOXIDE",NA,"4a","1","1","1","0","1","0","0","No exceedance","3.8E-3","0.0342 - 1.29","5.1999999999999998E-2","0.00025 -0.00942","No exceedance","Move to Category 3","2"
"LUZON BRANCH","HEPTACHLOR_EPOXIDE","HEPTACHLOR_EPOXIDE",NA,"4a","1","1","1","0","1","0","0","No exceedance","3.8E-3","0.0342 - 1.29","5.1999999999999998E-2","0.00025 -0.00942","No exceedance","Move to Category 3","2"
"MELVIN HAZEN VALLEY BRANCH","HEPTACHLOR_EPOXIDE","HEPTACHLOR_EPOXIDE",NA,"3","14","14","2","0","14","0","13","No exceedance","3.8E-3","0.0342 - 1.29","5.1999999999999998E-2","0.00025 -0.00942","No exceedance","Keep in Category 3","9"
"NASH RUN","HEPTACHLOR_EPOXIDE","HEPTACHLOR_EPOXIDE",NA,"4a","6","7","2","0","7","0","3","No exceedance","3.8E-3","0.0342 - 1.29","5.1999999999999998E-2","0.00025 -0.00942","No exceedance","Move to Category 3","2"
"NORMANSTONE CREEK","HEPTACHLOR_EPOXIDE","HEPTACHLOR_EPOXIDE",NA,"4a","1","1","1","0","1","0","0","No exceedance","3.8E-3","0.0342 - 1.29","5.1999999999999998E-2","0.00025 -0.00942","No exceedance","Move to Category 3","2"
"OXON RUN","HEPTACHLOR_EPOXIDE","HEPTACHLOR_EPOXIDE",NA,"3","1","1","0","0","1","0","0","No exceedance","3.8E-3","0.0342 - 1.29","5.1999999999999998E-2","0.00025 -0.00942","No exceedance","Remove from Category 3","8"
"PINEHURST BRANCH","HEPTACHLOR_EPOXIDE","HEPTACHLOR_EPOXIDE",NA,"4a","1","1","1","0","1","0","0","No exceedance","3.8E-3","0.0342 - 1.29","5.1999999999999998E-2","0.00025 -0.00942","No exceedance","Move to Category 3","2"
"PINEY BRANCH","HEPTACHLOR_EPOXIDE","HEPTACHLOR_EPOXIDE",NA,"4a","1","1","1","0","1","0","0","No exceedance","3.8E-3","0.0342 - 1.29","5.1999999999999998E-2","0.00025 -0.00942","No exceedance","Move to Category 3","2"
"POPE BRANCH","HEPTACHLOR_EPOXIDE","HEPTACHLOR_EPOXIDE",NA,"4a","6","7","3","0","7","0","4","No exceedance","3.8E-3","0.0342 - 1.29","5.1999999999999998E-2","0.00025 -0.00942","No exceedance","Move to Category 3","2"
"PORTAL BRANCH","HEPTACHLOR_EPOXIDE","HEPTACHLOR_EPOXIDE",NA,"4a","1","2","2","0","2","0","0","No exceedance","3.8E-3","0.0342 - 1.29","5.1999999999999998E-2","0.00025 -0.00942","No exceedance","Move to Category 3","2"
"POTOMAC LOWER","HEPTACHLOR_EPOXIDE","HEPTACHLOR_EPOXIDE",NA,"Not Listed","13","13","0","0","13","0","13","No exceedance","3.8E-3","0.0342 - 1.29","5.1999999999999998E-2","0.00025 -0.00942","No exceedance","Not listed - take no action","15"
"POTOMAC MIDDLE","HEPTACHLOR_EPOXIDE","HEPTACHLOR_EPOXIDE",NA,"Not Listed","13","13","1","0","13","0","13","No exceedance","3.8E-3","0.0342 - 1.29","5.1999999999999998E-2","0.00025 -0.00942","No exceedance","Not listed - take no action","15"
"POTOMAC UPPER","HEPTACHLOR_EPOXIDE","HEPTACHLOR_EPOXIDE",NA,"Not Listed","13","13","1","0","13","0","13","No exceedance","3.8E-3","0.0342 - 1.29","5.1999999999999998E-2","0.00025 -0.00942","No exceedance","Not listed - take no action","15"
"ROCK CREEK LOWER","HEPTACHLOR_EPOXIDE","HEPTACHLOR_EPOXIDE",NA,"Not Listed","13","13","7","0","13","0","13","No exceedance","3.8E-3","0.0342 - 1.29","5.1999999999999998E-2","0.00025 -0.00942","No exceedance","Not listed - take no action","15"
"ROCK CREEK UPPER","HEPTACHLOR_EPOXIDE","HEPTACHLOR_EPOXIDE",NA,"4a","0","0","0","0","0","0","0","No exceedance","3.8E-3","0.0342 - 1.29","5.1999999999999998E-2","0.00025 -0.00942","No exceedance","Move to Category 3","2"
"SOAPSTONE CREEK","HEPTACHLOR_EPOXIDE","HEPTACHLOR_EPOXIDE",NA,"4a","1","1","1","0","1","0","0","No exceedance","3.8E-3","0.0342 - 1.29","5.1999999999999998E-2","0.00025 -0.00942","No exceedance","Move to Category 3","2"
"TEXAS AVENUE TRIBUTARY","HEPTACHLOR_EPOXIDE","HEPTACHLOR_EPOXIDE",NA,"4a","6","6","3","0","6","0","3","No exceedance","3.8E-3","0.0342 - 1.29","5.1999999999999998E-2","0.00025 -0.00942","No exceedance","Move to Category 3","2"
"TIDAL BASIN","HEPTACHLOR_EPOXIDE","HEPTACHLOR_EPOXIDE",NA,"3","3","3","0","0","3","0","0","No exceedance","3.8E-3","0.0342 - 1.29","5.1999999999999998E-2","0.00025 -0.00942","No exceedance","Remove from Category 3","8"
"WASHINGTON SHIP CHANNEL","HEPTACHLOR_EPOXIDE","HEPTACHLOR_EPOXIDE",NA,"3","7","19","0","0","19","0","12","No exceedance","3.8E-3","0.0342 - 1.29","5.1999999999999998E-2","0.00025 -0.00942","No exceedance","Keep in Category 3","9"
"WATTS BRANCH LOWER","HEPTACHLOR_EPOXIDE","HEPTACHLOR_EPOXIDE",NA,"3","6","7","0","0","7","0","4","No exceedance","3.8E-3","0.0342 - 1.29","5.1999999999999998E-2","0.00025 -0.00942","No exceedance","Keep in Category 3","9"
"WATTS BRANCH UPPER","HEPTACHLOR_EPOXIDE","HEPTACHLOR_EPOXIDE",NA,"3","13","13","1","0","13","0","13","No exceedance","3.8E-3","0.0342 - 1.29","5.1999999999999998E-2","0.00025 -0.00942","No exceedance","Keep in Category 3","9"
"BATTERY KEMBLE CREEK","HEPTACHLOR_EPOXIDE","HEPTACHLOR_EPOXIDE",NA,"Not Listed","0","0","0","0","0","0","0","No exceedance","3.8E-3","0.0342 - 1.29","5.1999999999999998E-2","0.00025 -0.00942","No exceedance","Not listed - take no action","15"
"C&O CANAL","HEPTACHLOR_EPOXIDE","HEPTACHLOR_EPOXIDE",NA,"Not Listed","0","0","0","0","0","0","0","No exceedance","3.8E-3","0.0342 - 1.29","5.1999999999999998E-2","0.00025 -0.00942","No exceedance","Not listed - take no action","15"
"FORT CHAPLIN TRIBUTARY","HEPTACHLOR_EPOXIDE","HEPTACHLOR_EPOXIDE",NA,"Not Listed","0","0","0","0","0","0","0","No exceedance","3.8E-3","0.0342 - 1.29","5.1999999999999998E-2","0.00025 -0.00942","No exceedance","Not listed - take no action","15"
"FORT DAVIS TRIBUTARY","HEPTACHLOR_EPOXIDE","HEPTACHLOR_EPOXIDE",NA,"Not Listed","0","0","0","0","0","0","0","No exceedance","3.8E-3","0.0342 - 1.29","5.1999999999999998E-2","0.00025 -0.00942","No exceedance","Not listed - take no action","15"
"FOUNDRY BRANCH","HEPTACHLOR_EPOXIDE","HEPTACHLOR_EPOXIDE",NA,"Not Listed","0","0","0","0","0","0","0","No exceedance","3.8E-3","0.0342 - 1.29","5.1999999999999998E-2","0.00025 -0.00942","No exceedance","Not listed - take no action","15"
